Date,AAPL,AAPL,AAPL,AAPL,AAPL
2014-05-05T00:00:00.000,18.397014816448312,18.735564524909368,18.39264952654974,18.734315872192383,287067200
2014-05-06T00:00:00.000,18.76050131710629,18.841865187377703,18.530126571655273,18.530126571655273,374564400
2014-05-07T00:00:00.000,18.55631471153369,18.619909432931564,18.321885968528466,18.465286254882812,282864400
2014-05-08T00:00:00.000,18.440520995615124,18.633626377846337,18.382527771516,18.432371139526367,230297200
2014-05-09T00:00:00.000,18.324215305229682,18.377820518468376,18.19223889857053,18.35556411743164,291597600
2014-05-12T00:00:00.000,18.41668704726312,18.610103714504334,18.413864399457626,18.58408546447754,213208800
2014-05-13T00:00:00.000,18.558072771540882,18.637696248372837,18.517321824325435,18.613245010375977,159737200
2014-05-14T00:00:00.000,18.57155287914693,18.727352716349312,18.549922616237073,18.6166934967041,166404000
2014-05-15T00:00:00.000,18.642718920061885,18.702279172373803,18.43393994477489,18.458391189575195,230846000
2014-05-16T00:00:00.000,18.452426319537413,18.731424860409938,18.351172596130912,18.730798721313477,276256400
2014-05-19T00:00:00.000,18.741458625908606,19.038638672978788,18.725157243340274,18.95274543762207,317755200
2014-05-20T00:00:00.000,18.950240780222472,19.009487953538244,18.83174475942175,18.956510543823242,234836000
2014-05-21T00:00:00.000,18.928918993149185,19.018887149204144,18.873433691450728,19.006662368774414,196859600
2014-05-22T00:00:00.000,19.015759782831637,19.117641359700077,18.937390240562497,19.036762237548828,200760000
2014-05-23T00:00:00.000,19.036133329089605,19.270617456613355,19.011682089031883,19.251808166503906,232209600
2014-05-27T00:00:00.000,19.30666574860083,19.61951938119999,19.29882896357696,19.6123104095459,348866000
2014-05-28T00:00:00.000,19.624538193143803,19.743975101048687,19.55431851261992,19.5615291595459,315481600
2014-05-29T00:00:00.000,19.681902359724,19.964662806145302,19.67939445457089,19.917953491210938,376474000
2014-05-30T00:00:00.000,19.99945470630735,20.193499224480576,19.714814225436868,19.843341827392578,564020800
2014-06-02T00:00:00.000,19.873439012309888,19.900711222926386,19.514189163142866,19.706979751586914,369350800
2014-06-03T00:00:00.000,19.70102384212837,20.02328294329998,19.694441009936366,19.98566436767578,292709200
2014-06-04T00:00:00.000,19.982532137441392,20.310120148022126,19.94083863088193,20.21388053894043,335482000
2014-06-05T00:00:00.000,20.257140121506307,20.356513770448153,20.14460080760028,20.293190002441406,303805600
2014-06-06T00:00:00.000,20.373126875506134,20.41576126027132,20.20290742853309,20.237388610839844,349938400
2014-06-09T00:00:00.000,20.341781560209824,20.600716934957124,20.13331736344401,20.56121826171875,301660000
2014-06-10T00:00:00.000,20.787228414401767,20.8574480545699,20.532681172437112,20.68189811706543,251108000
2014-06-11T00:00:00.000,20.655577820378156,20.79382402524224,20.510750455960196,20.596330642700195,182724000
2014-06-12T00:00:00.000,20.635824238742195,20.65337957379483,20.16622990818207,20.25181007385254,218996000
2014-06-13T00:00:00.000,20.232063248745284,20.284729262611503,19.942406869157765,20.030181884765625,218100000
2014-06-16T00:00:00.000,20.08065689337158,20.352757986908887,20.06748955030867,20.232067108154297,142244000
2014-06-17T00:00:00.000,20.256205674789975,20.341785872587582,20.144294138697422,20.20573616027832,118904000
2014-06-18T00:00:00.000,20.247422983076966,20.251812654483935,20.045541626753195,20.22767448425293,134056000
2014-06-19T00:00:00.000,20.25181137625227,20.254006211817224,20.043345525975763,20.157453536987305,142112000
2014-06-20T00:00:00.000,20.155261141022162,20.30886783995046,19.946796939682077,19.948991775512695,403592000
2014-06-23T00:00:00.000,20.03896005657516,20.104791738475242,19.880965359350327,19.93143653869629,174776000
2014-06-24T00:00:00.000,19.913876922771394,20.131118747707074,19.790992928734056,19.810741424560547,156144000
2014-06-25T00:00:00.000,19.7953865402067,19.902910065488086,19.67250251131368,19.82830238342285,147476000
2014-06-26T00:00:00.000,19.83049523379786,19.979712257156635,19.705416381436027,19.946796417236328,130516000
2014-06-27T00:00:00.000,19.929244691847565,20.1881801124303,19.918272185162152,20.183792114257812,256116000
2014-06-30T00:00:00.000,20.210121001519493,20.56780391639994,20.2079261656146,20.392253875732422,197929200
2014-07-01T00:00:00.000,20.521717071533203,20.642407912228293,20.43613690237449,20.521717071533203,152892000
2014-07-02T00:00:00.000,20.598519615505477,20.640211441941588,20.427357616575687,20.512939453125,113860000
2014-07-03T00:00:00.000,20.55463531387605,20.64899316196528,20.451499796875133,20.63363265991211,91567200
2014-07-07T00:00:00.000,20.65777558953527,21.063733243743396,20.648997918601584,21.059345245361328,225872000
2014-07-08T00:00:00.000,21.125167775369654,21.241470618374205,20.609491928597446,20.92328643798828,260888000
2014-07-09T00:00:00.000,20.943036559689354,21.05494805726568,20.79381955541864,20.932064056396484,145744000
2014-07-10T00:00:00.000,20.574385948899444,20.96717785211882,20.521719934248136,20.85526466369629,158744000
2014-07-11T00:00:00.000,20.925479221764963,21.041780379197355,20.815760896010815,20.894758224487305,136072000
2014-07-14T00:00:00.000,21.035205978880526,21.261225552660555,20.989124464493578,21.1646728515625,171240000
2014-07-15T00:00:00.000,21.24147313641372,21.25244396686406,20.853069241584155,20.916706085205078,181911600
2014-07-16T00:00:00.000,21.278777052451535,21.307303220731313,20.78943247514862,20.79821014404297,213585200
2014-07-17T00:00:00.000,20.853062404919267,20.907921561692884,20.313248503167138,20.42735481262207,229192000
2014-07-18T00:00:00.000,20.543656187529738,20.789424121135703,20.411992881191132,20.721399307250977,199952000
2014-07-21T00:00:00.000,20.844289572192963,20.846484407740043,20.565605727797532,20.613882064819336,156316000
2014-07-22T00:00:00.000,20.776262234771544,20.822343730694683,20.65337824564317,20.7850399017334,220788000
2014-07-23T00:00:00.000,20.93864730708895,21.47846133133925,20.88378813786633,21.327051162719727,371672000
2014-07-24T00:00:00.000,21.294135524643572,21.35557752687802,21.15808418100373,21.291940689086914,182916000
2014-07-25T00:00:00.000,21.252446443752458,21.469688332350046,21.206364932484448,21.432384490966797,173876000
2014-07-28T00:00:00.000,21.465299052385948,21.776898780921467,21.40605187691425,21.728622436523438,221272000
2014-07-29T00:00:00.000,21.79664447219508,21.82078263942914,21.55965247071644,21.588178634643555,172572000
2014-07-30T00:00:00.000,21.60135467900846,21.658407029856377,21.432387440271537,21.537717819213867,132040000
2014-07-31T00:00:00.000,21.320467947605042,21.384103109492408,20.918898434302566,20.978145599365234,227372000
2014-08-01T00:00:00.000,20.824540019551602,21.20197135441246,20.804789848966653,21.094446182250977,194044000
2014-08-04T00:00:00.000,21.147110325114973,21.19319182019591,20.883785343578364,20.975948333740234,159832000
2014-08-05T00:00:00.000,20.92548424073896,20.995703919097043,20.706047536598803,20.872819900512695,223732000
2014-08-06T00:00:00.000,20.79162030694012,20.951809780503762,20.78284264100266,20.83770179748535,154232000
2014-08-07T00:00:00.000,20.934739629835494,21.159677627067726,20.751700841575115,20.83550262451172,186844000
2014-08-08T00:00:00.000,20.786986846903805,20.910482090071344,20.57086848886411,20.892839431762695,167460000
2014-08-11T00:00:00.000,21.009724117253274,21.188353130928338,20.914896909313665,21.16850471496582,146340000
2014-08-12T00:00:00.000,21.179529925295306,21.364772817901493,21.084702725747828,21.164093017578125,135180000
2014-08-13T00:00:00.000,21.203787430841544,21.444162368774414,21.17952919348177,21.444162368774414,127664000
2014-08-14T00:00:00.000,21.464005978343387,21.516932265056916,21.347126324040193,21.501495361328125,112464000
2014-08-15T00:00:00.000,21.589708645320787,21.65366201790022,21.360359141672753,21.607351303100586,195804000
2014-08-18T00:00:00.000,21.719821429940414,21.91388731811924,21.60735326201489,21.867576599121094,190288000
2014-08-19T00:00:00.000,21.92270256042367,22.20277254969069,21.90285415350924,22.169692993164062,277596000
2014-08-20T00:00:00.000,22.149852143374847,22.29319412218079,22.041792117894886,22.17852020263672,210796000
2014-08-21T00:00:00.000,22.17852125188144,22.260117292482267,22.077078480659598,22.180727005004883,133912000
2014-08-22T00:00:00.000,22.11677406286496,22.376997414200513,22.094721578683306,22.343917846679688,176736000
2014-08-25T00:00:00.000,22.447567127407673,22.531367243112644,22.33509726705611,22.39243507385254,161080000
2014-08-26T00:00:00.000,22.365967955349387,22.383610613819542,22.242472711051334,22.249088287353516,132608000
2014-08-27T00:00:00.000,22.277752760031053,22.61957206226644,22.207183820004577,22.522539138793945,209476000
2014-08-28T00:00:00.000,22.403454212774694,22.66588325274102,22.396838637396765,22.54900360107422,273840000
2014-08-29T00:00:00.000,22.683527696438748,22.69234902513662,22.537978296668452,22.604137420654297,178380000
2014-09-02T00:00:00.000,22.727631570139756,22.87759078583672,22.652652803539443,22.780559539794922,214256000
2014-09-03T00:00:00.000,22.736451780376225,22.758504258733304,21.739665289168492,21.819055557250977,501684000
2014-09-04T00:00:00.000,21.79921402716507,22.072668546566163,21.565454654330008,21.638229370117188,342872000
2014-09-05T00:00:00.000,21.788188478671703,21.918299318900655,21.68012844111229,21.8256778717041,233828000
2014-09-08T00:00:00.000,21.8984457553201,21.900649825401384,21.62278557049732,21.69114875793457,185426800
2014-09-09T00:00:00.000,21.8499250784169,22.732037499677208,21.201571910391877,21.609548568725586,759385200
2014-09-10T00:00:00.000,21.613957912636497,22.297594634282095,21.558825891818373,22.27333641052246,403478400
2014-09-11T00:00:00.000,22.143229929078945,22.370373629555154,21.9690125077195,22.368167877197266,249412400
2014-09-12T00:00:00.000,22.3196570303399,22.535775388340117,22.29098897246596,22.418895721435547,250504400
2014-09-15T00:00:00.000,22.67250052853781,22.725428500523346,22.370378013644984,22.412277221679688,245266000
2014-09-16T00:00:00.000,22.008716144239745,22.330687130596772,21.808034664508757,22.242475509643555,267632400
2014-09-17T00:00:00.000,22.332885965710958,22.44976730350857,22.182926749995126,22.4012508392334,243706000
2014-09-18T00:00:00.000,22.478431251420986,22.571052657661486,22.39683524163996,22.44755744934082,149197600
2014-09-19T00:00:00.000,22.557827337886355,22.57105849005508,22.16308170072022,22.264524459838867,283609600
2014-09-22T00:00:00.000,22.44976160328022,22.524740350852085,22.180717047883,22.286569595336914,211153600
2014-09-23T00:00:00.000,22.18513773443232,22.701174624101792,22.17190658014483,22.6350154876709,253608800
2014-09-24T00:00:00.000,22.529160957849818,22.681324266607206,22.317452412410994,22.438743591308594,240687200
2014-09-25T00:00:00.000,22.16528398783422,22.209388943164733,21.550010270745226,21.58308982849121,400368000
2014-09-26T00:00:00.000,21.728644939078823,22.218217849731445,21.699976876584458,22.218217849731445,249482000
2014-09-29T00:00:00.000,21.7551031418469,22.149848746904816,21.750691636485175,22.07707405090332,199065200
2014-09-30T00:00:00.000,22.231449004344725,22.39243534295898,22.16970137282039,22.218217849731445,221056400
2014-10-01T00:00:00.000,22.182930268383956,22.204984433822514,21.766132115543513,21.871986389160156,205965200
2014-10-02T00:00:00.000,21.89183359847546,22.10133639725354,21.62058485560566,22.0307674407959,191031200
2014-10-03T00:00:00.000,21.929323794580284,22.099129760911516,21.841112181909686,21.969018936157227,173878400
2014-10-06T00:00:00.000,22.041791960301143,22.19616270309883,21.92491228857364,21.969018936157227,148204800
2014-10-07T00:00:00.000,21.92711989399093,22.079284896640274,21.772750820648632,21.77716064453125,168376800
2014-10-08T00:00:00.000,21.779368350804162,22.297609352066097,21.680129638330474,22.229246139526367,229618800
2014-10-09T00:00:00.000,22.39242941456671,22.577672260096705,22.18733815987489,22.277753829956055,309506000
2014-10-10T00:00:00.000,22.204982915922027,22.500489868636368,22.118977060580004,22.213804244995117,265326400
2014-10-13T00:00:00.000,22.34611563865539,22.445352623366272,22.01091194152832,22.01091194152832,214333600
2014-10-14T00:00:00.000,22.138826772787528,22.16749483426632,21.737465499600845,21.77716064453125,254754400
2014-10-15T00:00:00.000,21.605142108746982,21.865365380810186,20.98986839727984,21.51031494140625,403734400
2014-10-16T00:00:00.000,21.071469693425144,21.55001547250744,21.040595880742195,21.228044509887695,288618000
2014-10-17T00:00:00.000,21.501500628583383,21.832292945946204,21.349335624197533,21.538990020751953,272718800
2014-10-20T00:00:00.000,21.68233016968935,22.043996243273753,21.660277688616443,21.99989128112793,310069200
2014-10-21T00:00:00.000,22.718812224356014,22.718812224356014,22.332887911716284,22.597522735595703,378495600
2014-10-22T00:00:00.000,22.679114882664198,22.95918658455324,22.626188596026264,22.712194442749023,273052400
2014-10-23T00:00:00.000,22.952563909428207,23.16647642498092,22.85332525986988,23.11795997619629,284298800
2014-10-24T00:00:00.000,23.195148628402723,23.263511809855103,23.051805008344683,23.203969955444336,188215600
2014-10-27T00:00:00.000,23.12238212012504,23.261315967048564,23.089302552643403,23.179719924926758,136750800
2014-10-28T00:00:00.000,23.243673760667313,23.539180755615234,23.23264667712585,23.539180755615234,192243600
2014-10-29T00:00:00.000,23.51933023340651,23.678110788829787,23.455376860666775,23.671493530273438,210751600
2014-10-30T00:00:00.000,23.587692452608326,23.673698302818433,23.35393313485741,23.592103958129883,162619200
2014-10-31T00:00:00.000,23.8192509648551,23.825866541547803,23.64282773473207,23.817045211791992,178557200
2014-11-03T00:00:00.000,23.865553046023464,24.324251932319218,23.819242343440145,24.125776290893555,209130400
2014-11-04T00:00:00.000,24.11695986017755,24.14562791545477,23.75529381015813,23.949357986450195,166297600
2014-11-05T00:00:00.000,24.059624902260932,24.103731549226797,23.845712291341986,24.006698608398438,149743600
2014-11-06T00:00:00.000,24.053205520378015,24.09528809714349,23.87601901411806,24.075353622436523,139874000
2014-11-07T00:00:00.000,24.086433651109285,24.212679718516515,24.042137437552874,24.144020080566406,134766000
2014-11-10T00:00:00.000,24.14622784311667,24.214889154180735,24.06870864332674,24.10414695739746,108782000
2014-11-11T00:00:00.000,24.075358133405146,24.30791747307352,24.00891381478003,24.296842575073242,109769200
2014-11-12T00:00:00.000,24.225962204462977,24.68000588427635,24.223748577191635,24.640138626098633,187769600
2014-11-13T00:00:00.000,24.761959704539777,25.127407658584712,24.717661805103482,24.987873077392578,238091600
2014-11-14T00:00:00.000,25.060964318436323,25.29130833508409,24.631283971055666,25.289093017578125,176254400
2014-11-17T00:00:00.000,25.3090227342988,25.97569128014729,25.094184276473023,25.247007369995117,186986800
2014-11-18T00:00:00.000,25.2359390857531,25.623536878045396,25.224864187199266,25.574810028076172,176896000
2014-11-19T00:00:00.000,25.56816512541221,25.63460944569664,25.20493076718886,25.397621154785156,167476800
2014-11-20T00:00:00.000,25.450768434404765,25.882662257360693,25.43747822384274,25.760845184326172,173582000
2014-11-21T00:00:00.000,26.02663728137708,26.039925807178292,25.698839563345597,25.796293258666992,228717200
2014-11-24T00:00:00.000,25.880461864574364,26.30571167236488,25.82952137905174,26.274703979492188,189803200
2014-11-25T00:00:00.000,26.37214835923169,26.522757824070702,26.0133430104056,26.046566009521484,275361600
2014-11-26T00:00:00.000,26.121874533525176,26.378795596766786,26.097511110744662,26.356647491455078,163073200
2014-11-28T00:00:00.000,26.41645037319726,26.44524443399838,26.146240755795585,26.34114646911621,99257600
2014-12-01T00:00:00.000,26.314570899890622,26.412024613201233,24.64457769431856,25.48621940612793,335256000
2014-12-02T00:00:00.000,25.13848470390554,25.63682470904904,24.972371368857708,25.388761520385742,237395600
2014-12-03T00:00:00.000,25.636825693113018,25.769716028293807,25.49507577694787,25.676692962646484,172253600
2014-12-04T00:00:00.000,25.641256179775603,25.957979037384543,25.53494458115845,25.579240798950195,168178000
2014-12-05T00:00:00.000,25.68997410687671,25.70990858081116,25.390970516194457,25.470705032348633,153275600
2014-12-08T00:00:00.000,25.27137262485243,25.393189734858176,24.722092195607758,24.89484977722168,230659600
2014-12-09T00:00:00.000,24.40537429932742,25.315675606557466,24.21932646576452,25.275808334350586,240832000
2014-12-10T00:00:00.000,25.340034459491083,25.437486459678954,24.704373536762624,24.795181274414062,178261200
2014-12-11T00:00:00.000,24.86385307873873,25.204939447669393,24.660086032896793,24.722103118896484,165606800
2014-12-12T00:00:00.000,24.465176228966985,24.777470166708326,24.270270488750448,24.30349349975586,224112400
2014-12-15T00:00:00.000,24.518323230465633,24.717659535142577,23.554866395951,23.97125816345215,268872400
2014-12-16T00:00:00.000,23.559299658863985,24.398725859585284,23.53493623614128,23.643463134765625,243162800
2014-12-17T00:00:00.000,23.7254149232752,24.32785120863559,23.658968912271618,24.232614517211914,213647200
2014-12-18T00:00:00.000,24.7774701083565,24.950227737426758,24.5094740825177,24.950227737426758,236024800
2014-12-19T00:00:00.000,24.86384540170346,25.08089922140936,24.730955066607073,24.757532119750977,353719200
2014-12-22T00:00:00.000,24.84169250196416,25.136265486167783,24.799609922881373,25.014450073242188,180670000
2014-12-23T00:00:00.000,25.078682338858687,25.100830443535045,24.908138384287398,24.925857543945312,104113600
2014-12-24T00:00:00.000,24.934719655279814,24.96351202530302,24.808473587036133,24.808473587036133,57918400
2014-12-26T00:00:00.000,24.828401971153305,25.36439383668308,24.808469185395097,25.247007369995117,134884000
2014-12-29T00:00:00.000,25.20271889231963,25.419772733941237,25.182784410656648,25.229297637939453,110395600
2014-12-30T00:00:00.000,25.169488011217492,25.231503375143216,24.830617137057683,24.921424865722656,119526000
2014-12-31T00:00:00.000,24.987875134228194,25.05653477176595,24.40980059488997,24.447452545166016,165613600
2015-01-02T00:00:00.000,24.67115267325441,24.68222757163672,23.776355295274307,24.214895248413086,212818400
2015-01-05T00:00:00.000,23.984552891373717,24.064287433869833,23.34667824119713,23.532724380493164,257142000
2015-01-06T00:00:00.000,23.59695227731193,23.794073292366384,23.173916188735014,23.534936904907227,263188400
2015-01-07T00:00:00.000,23.743133053101715,23.964617509529127,23.632390824888006,23.86495018005371,160423600
2015-01-08T00:00:00.000,24.19273576043146,24.83946964261763,24.075347638095636,24.781883239746094,237458000
2015-01-09T00:00:00.000,24.954652444574595,25.083113830448443,24.40980090321807,24.808473587036133,214798000
2015-01-12T00:00:00.000,24.939142646043436,24.945786907555252,24.09750295530747,24.19717025756836,198603200
2015-01-13T00:00:00.000,24.680009963584943,24.983444239302276,24.121869946634853,24.41201400756836,268367600
2015-01-14T00:00:00.000,24.150669646689547,24.471821489973493,24.031067816074064,24.318998336791992,195826400
2015-01-15T00:00:00.000,24.36328659918488,24.376575123869163,23.62352943536436,23.658966064453125,240056000
2015-01-16T00:00:00.000,23.705475976187053,23.827293076803485,23.300159102999938,23.47513198852539,314053200
2015-01-20T00:00:00.000,23.88487893049971,24.13515740540139,23.588090620181628,24.07978630065918,199599600
2015-01-21T00:00:00.000,24.130724570790218,24.598056787392125,23.98011511203048,24.26361656188965,194303600
2015-01-22T00:00:00.000,24.42087324158633,24.91035361942313,24.30127144897852,24.89484977722168,215185600
2015-01-23T00:00:00.000,24.872702135178624,25.19385388237781,24.702158177998953,25.023311614990234,185859200
2015-01-26T00:00:00.000,25.191638510380002,25.32895946484357,24.983444295938444,25.049888610839844,222460000
2015-01-27T00:00:00.000,24.899278232187047,24.912568446521064,24.14844617930842,24.172809600830078,382274800
2015-01-28T00:00:00.000,26.053217294657106,26.161745900344954,25.53937339782715,25.53937339782715,585908400
2015-01-29T00:00:00.000,25.763061653952633,26.398722399320537,25.594733060897173,26.334491729736328,337745600
2015-01-30T00:00:00.000,26.22375403641732,26.57812874843811,25.880452530833228,25.949113845825195,334982000
2015-02-02T00:00:00.000,26.14624426178783,26.394305804769367,25.709919553774558,26.274703979492188,250956400
2015-02-03T00:00:00.000,26.24590221463348,26.376577203589342,26.04878122769849,26.279125213623047,207662800
2015-02-04T00:00:00.000,26.24590937841236,26.69109363088426,26.203826788886406,26.480682373046875,280598800
2015-02-05T00:00:00.000,26.68747466730253,26.73417145961258,26.516259315856928,26.669687271118164,168984800
2015-02-06T00:00:00.000,26.68747462417415,26.738617841332328,26.338371739759072,26.445104598999023,174826400
2015-02-09T00:00:00.000,26.3606047028478,26.647445716847848,26.333921068225507,26.620763778686523,155559200
2015-02-10T00:00:00.000,26.720827708250635,27.161098402837805,26.718605344105995,27.132190704345703,248034000
2015-02-11T00:00:00.000,27.29896214554481,27.777033432281677,27.238926075331964,27.768138885498047,294247200
2015-02-12T00:00:00.000,28.030521105976927,28.346271568231803,27.92156588046305,28.119464874267578,297898000
2015-02-13T00:00:00.000,28.301791428327864,28.301791428327864,27.93934766074915,28.257320404052734,217088800
2015-02-17T00:00:00.000,28.34849236119064,28.65757232057261,28.22174804975162,28.424095153808594,252609600
2015-02-18T00:00:00.000,28.379624198005633,28.63533689747999,28.33959958681433,28.62199592590332,179566800
2015-02-19T00:00:00.000,28.568626891018056,28.690924777826144,28.535274464126015,28.56195640563965,149449600
2015-02-20T00:00:00.000,28.599754534742676,28.79543113708496,28.473011930350665,28.79543113708496,195793600
2015-02-23T00:00:00.000,28.911051624628524,29.573678970336914,28.831002433052117,29.573678970336914,283896400
2015-02-24T00:00:00.000,29.560346675058298,29.70710413481809,29.166771084946955,29.389129638671875,276912400
2015-02-25T00:00:00.000,29.253490207727708,29.262386449737566,28.495246740191888,28.637556076049805,298846800
2015-02-26T00:00:00.000,28.637550731789126,29.100056835246285,28.15281081330094,28.999996185302734,365150000
2015-02-27T00:00:00.000,28.90661104284422,29.033357042942402,28.515261222485382,28.564180374145508,248059200
2015-03-02T00:00:00.000,28.73984568797058,28.968874747744586,28.528605721266338,28.704267501831055,192386800
2015-03-03T00:00:00.000,28.675353535535493,28.79987375215848,28.481899334140593,28.76429557800293,151265200
2015-03-04T00:00:00.000,28.706486206344213,28.80876922521292,28.533046832678362,28.58196258544922,126665200
2015-03-05T00:00:00.000,28.590856856303365,28.628657394839173,27.963805942775803,28.108339309692383,226068400
2015-03-06T00:00:00.000,28.55083912068661,28.766527205699226,28.07499361156718,28.15059471130371,291368400
2015-03-09T00:00:00.000,28.452996227639467,28.810995279684807,27.808156175542326,28.270662307739258,354114000
2015-03-10T00:00:00.000,28.108343142090717,28.288453012050585,27.52798723170783,27.685861587524414,275426400
2015-03-11T00:00:00.000,27.739226959574506,27.74367338378652,27.15220056885229,27.181106567382812,275756000
2015-03-12T00:00:00.000,27.196670668382446,27.77258013068387,27.045466803421156,27.672517776489258,193450800
2015-03-13T00:00:00.000,27.661408145658864,27.88376672931133,27.25671559126983,27.48129653930664,207309200
2015-03-16T00:00:00.000,27.54577168246317,27.783695220947266,27.32119080820845,27.783695220947266,143497200
2015-03-17T00:00:00.000,27.99494353231274,28.31069228587761,27.93935389134169,28.248432159423828,204092400
2015-03-18T00:00:00.000,28.23953321847968,28.71982845602437,28.09944795575962,28.5664005279541,261083600
2015-03-19T00:00:00.000,28.62865997763241,28.739839239681466,28.328476309392133,28.350711822509766,183238000
2015-03-20T00:00:00.000,28.517480077372603,28.55083249807218,27.830393067587416,27.994937896728516,274780400
2015-03-23T00:00:00.000,28.266212914688467,28.428533668429854,28.132796458539584,28.286224365234375,150838800
2015-03-24T00:00:00.000,28.29067852409887,28.470786706839743,28.141697009126034,28.170604705810547,131369200
2015-03-25T00:00:00.000,28.137252796892433,28.199512923167894,27.434598922729492,27.434598922729492,206620800
2015-03-26T00:00:00.000,27.29673429209827,27.76813330160785,27.261156112118154,27.625823974609375,190291600
2015-03-27T00:00:00.000,27.69920243570958,27.728108434323467,27.330088152452873,27.405689239501953,158184800
2015-03-30T00:00:00.000,27.58358116024277,28.106123458047634,27.572462553209395,28.09945297241211,188398800
2015-03-31T00:00:00.000,28.037187954473346,28.126131711225387,27.652508623977777,27.668073654174805,168362400
2015-04-01T00:00:00.000,27.754792240066255,27.821500479076686,27.372335288856576,27.628047943115234,162485600
2015-04-02T00:00:00.000,27.801488337926436,27.91933809418971,27.614707976255076,27.8659725189209,128880400
2015-04-06T00:00:00.000,27.676962342798475,28.35293237602708,27.645832288991823,28.317354202270508,148776000
2015-04-07T00:00:00.000,28.38184344650085,28.488574593940104,28.01272915828701,28.019399642944336,140049200
2015-04-08T00:00:00.000,27.983819916665507,28.106117783496007,27.788145026197608,27.92823028564453,149316800
2015-04-09T00:00:00.000,27.98382066980979,28.146143143202508,27.7192151726219,28.141695022583008,129936000
2015-04-10T00:00:00.000,28.006061366912018,28.28623364166175,27.85263510636203,28.26177406311035,160752000
2015-04-13T00:00:00.000,28.544170598829634,28.588645030367445,28.152820708925326,28.206186294555664,145460400
2015-04-14T00:00:00.000,28.239533579423085,28.30401775731362,27.997163593711978,28.08388328552246,102098400
2015-04-15T00:00:00.000,28.108345030163488,28.268441760625606,28.01940127115491,28.190616607666016,115881600
2015-04-16T00:00:00.000,28.07943699283474,28.261770933185833,28.04163644706391,28.054977416992188,113476000
2015-04-17T00:00:00.000,27.91711288227029,28.04830359485218,27.674741213157088,27.739225387573242,207828000
2015-04-20T00:00:00.000,27.92156390871118,28.48857721065811,27.83262014670152,28.37295150756836,188217200
2015-04-21T00:00:00.000,28.484127750340228,28.50636156657248,28.166153302631102,28.219520568847656,129740400
2015-04-22T00:00:00.000,28.237314290319635,28.655347790616638,28.088334455775946,28.59975814819336,150618000
2015-04-23T00:00:00.000,28.528604637926705,29.000003711145578,28.493026453138217,28.833234786987305,183083600
2015-04-24T00:00:00.000,29.015572680266445,29.046702746129995,28.735398694571785,28.968875885009766,178103600
2015-04-27T00:00:00.000,29.420259958837757,29.602595603096105,29.162323219950373,29.495861053466797,387816800
2015-04-28T00:00:00.000,29.898328196468167,29.916113892359117,28.81099516558888,29.0311279296875,475696000
2015-04-29T00:00:00.000,28.94218433943495,29.260155378633304,28.528597377068202,28.604198455810547,253544400
2015-04-30T00:00:00.000,28.604207464037806,28.604207464037806,27.701432176253967,27.828176498413086,332781600
2015-05-01T00:00:00.000,28.03941419799725,28.93552062370091,27.861528367104484,28.67313575744629,234050400
2015-05-04T00:00:00.000,28.795429770265706,29.033355027085868,28.519703970318606,28.617542266845703,203953200
2015-05-05T00:00:00.000,28.495246389824892,28.561954632389803,27.968257720114217,27.972705841064453,197085600
2015-05-06T00:00:00.000,28.141703374744882,28.183952050864338,27.430156545930917,27.797048568725586,288564000
2015-05-07T00:00:00.000,27.859566834442038,28.152074473058324,27.692101292340553,27.968978881835938,175763600
2015-05-08T00:00:00.000,28.286042868912773,28.495933532714844,28.15876914169282,28.495933532714844,222201600
2015-05-11T00:00:00.000,28.444581125646554,28.482539573962313,28.051594833275264,28.205663681030273,168143200
2015-05-12T00:00:00.000,28.044888392389844,28.330695903089556,27.870724547028903,28.10517692565918,192640000
2015-05-13T00:00:00.000,28.167696551798738,28.39991557556274,28.10517637300595,28.136436462402344,138776800
2015-05-14T00:00:00.000,28.449042870725208,28.792903900146484,28.39322103167603,28.792903900146484,180814000
2015-05-15T00:00:00.000,28.81969722260317,28.913477492039792,28.627669983158402,28.752710342407227,152832000
2015-05-18T00:00:00.000,28.665628914593572,29.188120456362167,28.661162213945016,29.069778442382812,203531600
2015-05-19T00:00:00.000,29.181426809390363,29.223851954649565,28.9469743904439,29.04298973083496,178532800
2015-05-20T00:00:00.000,29.027357621393374,29.246178286398866,28.879987141920466,29.040754318237305,145819600
2015-05-21T00:00:00.000,29.04298904449469,29.391316786883003,28.98939885062926,29.337726593017578,158921600
2015-05-22T00:00:00.000,29.38461805280413,29.690520646920238,29.339957854955138,29.594505310058594,182384000
2015-05-26T00:00:00.000,29.607901680044442,29.677120208049125,28.830859309109393,28.942502975463867,282790400
2015-05-27T00:00:00.000,29.103263332877912,29.531974502737096,29.038511520631342,29.482851028442383,183332800
2015-05-28T00:00:00.000,29.442675717149484,29.462770764775602,29.272978525370245,29.42481231689453,122933200
2015-05-29T00:00:00.000,29.302002322091116,29.351125818927084,29.005029693799155,29.089879989624023,203538000
2015-06-01T00:00:00.000,29.089874755325262,29.337723842184424,29.038519620453748,29.14792823791504,128451200
2015-06-02T00:00:00.000,28.996094890353234,29.174725448587594,28.875521222624382,29.01842498779297,134670400
2015-06-03T00:00:00.000,29.1747247924485,29.237244975360273,29.00502423274989,29.054147720336914,123934000
2015-06-04T00:00:00.000,28.933570579464032,29.156857893637614,28.783968487819013,28.88444709777832,153800400
2015-06-05T00:00:00.000,28.91571535703196,28.95814050384929,28.661167883222966,28.725919723510742,142507200
2015-06-08T00:00:00.000,28.78174308146443,28.85096503401967,28.319539957888548,28.536128997802734,210699200
2015-06-09T00:00:00.000,28.29051149393801,28.598649180909273,28.04936240860745,28.451278686523438,224301600
2015-06-10T00:00:00.000,28.562919621031597,28.879987273800243,28.54728957345983,28.77727699279785,156349200
2015-06-11T00:00:00.000,28.844259323120394,29.0675466815236,28.687958853657094,28.712520599365234,141563600
2015-06-12T00:00:00.000,28.623208477905795,28.654468573391934,28.382057709686347,28.39545440673828,147544800
2015-06-15T00:00:00.000,28.156534567618184,28.411082010997315,28.06945263717518,28.339630126953125,175955600
2015-06-16T00:00:00.000,28.364194695206884,28.54729027276738,28.216825914998417,28.49146842956543,125976400
2015-06-17T00:00:00.000,28.518266457641506,28.55399155511659,28.299444060246437,28.42448616027832,131672400
2015-06-18T00:00:00.000,28.408850181595085,28.649999223978433,28.406616831110373,28.553985595703125,141628800
2015-06-19T00:00:00.000,28.516029965430786,28.540591712541328,28.223524054356492,28.26818084716797,218867600
2015-06-22T00:00:00.000,28.46690302554514,28.594176743554687,28.37535610029832,28.493698120117188,136157200
2015-06-23T00:00:00.000,28.46466946819001,28.493696207701102,28.330695707868955,28.36418914794922,121075600
2015-06-24T00:00:00.000,28.404376331234936,28.982691305809436,28.384281292572282,28.605335235595703,221123600
2015-06-25T00:00:00.000,28.772804269381098,28.84872114068404,28.469133377075195,28.469133377075195,127752400
2015-06-26T00:00:00.000,28.50709978002652,28.578551674447795,28.24808730157972,28.30167579650879,176267200
2015-06-29T00:00:00.000,28.01363035385756,28.239151051350287,27.794809707755416,27.805973052978516,196645600
2015-06-30T00:00:00.000,28.03819139644943,28.16100011566019,27.879657588452865,28.00693130493164,177482800
2015-07-01T00:00:00.000,28.33516773993263,28.344099439204413,28.131975414481285,28.26818084716797,120955200
2015-07-02T00:00:00.000,28.230219042139197,28.28827422872065,28.082848577020254,28.232452392578125,108844000
2015-07-06T00:00:00.000,27.897520829030935,28.185561702307453,27.877424082568883,28.134204864501953,112241600
2015-07-07T00:00:00.000,28.10964014982004,28.167695329127827,27.636270425362397,28.064983367919922,187787200
2015-07-08T00:00:00.000,27.794805777354732,27.83053086198302,27.361627840237674,27.36832618713379,243046400
2015-07-09T00:00:00.000,27.654143810654556,27.701033959654648,26.620323774591252,26.810117721557617,314380000
2015-07-10T00:00:00.000,27.22766453905894,27.654142562746713,27.064663996849458,27.52686882019043,245418000
2015-07-13T00:00:00.000,27.91762594560971,28.08062651232879,27.759092081292703,28.058298110961914,165762000
2015-07-14T00:00:00.000,28.1431404075628,28.216825648745473,27.919853036861934,28.04712677001953,127072400
2015-07-15T00:00:00.000,28.071688841307736,28.39098985323979,28.040428745332356,28.317304611206055,134596800
2015-07-16T00:00:00.000,28.522722068791797,28.70805265866787,28.43564014939327,28.694652557373047,144889600
2015-07-17T00:00:00.000,28.82192931492253,28.942502975463867,28.649997114750235,28.942502975463867,184658800
2015-07-20T00:00:00.000,29.243953097644418,29.690527928904658,29.183664541437526,29.48957061767578,235600800
2015-07-21T00:00:00.000,29.663731006067156,29.67935935161535,29.098814184187123,29.194826126098633,307025600
2015-07-22T00:00:00.000,27.238824045015008,28.022563140520017,27.238824045015008,27.96004295349121,461802400
2015-07-23T00:00:00.000,28.178863083176353,28.377588689764913,27.924315638702303,27.946645736694336,203998000
2015-07-24T00:00:00.000,27.98237575901928,28.076156054344427,27.66530807279754,27.799280166625977,168649200
2015-07-27T00:00:00.000,27.48443672572424,27.60054709170659,27.26784944586523,27.41298484802246,177822000
2015-07-28T00:00:00.000,27.5491943359375,27.667538069746648,27.3638671186555,27.5491943359375,134472400
2015-07-29T00:00:00.000,27.49784113253757,27.575991374671265,27.301347148261407,27.462114334106445,148046800
2015-07-30T00:00:00.000,27.31250438639071,27.368326215311846,27.176298987539383,27.32366943359375,134513200
2015-07-31T00:00:00.000,27.37502360728644,27.3839553040279,26.99766921535488,27.08475112915039,171540000
2015-08-03T00:00:00.000,27.129416283371835,27.368333708425062,26.240731774075797,26.446157455444336,279904000
2015-08-04T00:00:00.000,26.21840444706124,26.28092464255406,25.287296456584127,25.597665786743164,496554400
2015-08-05T00:00:00.000,25.22030565430392,26.222867088448904,25.03051174636031,25.76736068725586,397250400
2015-08-06T00:00:00.000,26.01184224596239,26.1307199254701,25.596891241758055,25.82343101501465,211612000
2015-08-07T00:00:00.000,25.700070652053586,26.07464798007613,25.68212639758036,25.91090965270996,154681600
2015-08-10T00:00:00.000,26.13745117547773,26.913522213707832,26.13745117547773,26.852962493896484,219806400
2015-08-11T00:00:00.000,26.424552997349956,26.507543892764915,25.419698681217923,25.455585479736328,388331200
2015-08-12T00:00:00.000,25.24025143399082,25.888472459762543,24.58978694926528,25.848098754882812,404870000
2015-08-13T00:00:00.000,26.027542197995082,26.108289621325852,25.691095171202885,25.827917098999023,194143200
2015-08-14T00:00:00.000,25.641752929044454,26.088105568025565,25.572221081359995,26.009601593017578,171718000
2015-08-17T00:00:00.000,26.027548361832526,26.38866839301048,25.906427198152485,26.278762817382812,163538800
2015-08-18T00:00:00.000,26.11502696992467,26.341568522430084,26.02082218180669,26.130727767944336,138242800
2015-08-19T00:00:00.000,26.04099659424906,26.135201340423396,25.722493855512266,25.796512603759766,193146000
2015-08-20T00:00:00.000,25.58792968062833,25.64848941945986,25.03839826544983,25.267183303833008,274006400
2015-08-21T00:00:00.000,24.7692351538536,25.098953580109377,23.69709068702081,23.721763610839844,513102000
2015-08-24T00:00:00.000,21.279153341552664,24.40362476518599,20.635417421165577,23.12961196899414,648825200
2015-08-25T00:00:00.000,24.921759955444056,24.921759955444056,23.214851419487346,23.2686824798584,414406400
2015-08-26T00:00:00.000,24.020074279164454,24.648109423295963,23.562507821628127,24.60325050354004,387098400
2015-08-27T00:00:00.000,25.172975198332875,25.39951503536891,24.677274917371502,25.327739715576172,338464400
2015-08-28T00:00:00.000,25.15951211264362,25.415211755332983,25.018204955765285,25.41072654724121,212657600
2015-08-31T00:00:00.000,25.128103223405958,25.688848191209384,25.12137455759357,25.291841506958008,224917200
2015-09-01T00:00:00.000,24.706430825910797,25.094465498443444,24.080639054064935,24.161386489868164,307383600
2015-09-02T00:00:00.000,24.72437594701632,25.197643280029297,24.477646711607818,25.197643280029297,247555200
2015-09-03T00:00:00.000,25.231282316373427,25.296328943723697,24.681752883985897,24.75577163696289,212935600
2015-09-04T00:00:00.000,24.441756265899464,24.773716387417842,24.338579378873042,24.509044647216797,199985200
2015-09-08T00:00:00.000,25.065311585810885,25.246992491313335,24.744565248298265,25.19091796875,219374400
2015-09-09T00:00:00.000,25.516144558967323,25.574460815088862,24.6211941806021,24.70642852783203,340043200
2015-09-10T00:00:00.000,24.733343272285687,25.408480828757018,24.65035409552812,25.249229431152344,251571200
2015-09-11T00:00:00.000,25.074270470725732,25.6170711517334,25.067541805373544,25.6170711517334,199662000
2015-09-14T00:00:00.000,26.148661375844487,26.218193208574714,25.762868540196884,25.863801956176758,233453600
2015-09-15T00:00:00.000,26.002865447592118,26.13744389622717,25.66417501137529,26.081369400024414,173364800
2015-09-16T00:00:00.000,26.07465378043336,26.139700433924837,25.892972869436985,26.11054229736328,148694000
2015-09-17T00:00:00.000,25.94231616788589,26.128482269521882,25.50717735491766,25.55203628540039,256450400
2015-09-18T00:00:00.000,25.168484206474112,25.6372680249508,25.09222369020749,25.446613311767578,297141200
2015-09-21T00:00:00.000,25.49595994952382,25.877267676484564,25.49371820104041,25.841379165649414,200888000
2015-09-22T00:00:00.000,25.430924531783045,25.610363742642928,25.23802797904937,25.43541145324707,201384800
2015-09-23T00:00:00.000,25.486987941390105,25.731473716641045,25.41297088214752,25.641754150390625,143026800
2015-09-24T00:00:00.000,25.401757460055144,25.906428138069487,25.204375766484834,25.794279098510742,200878000
2015-09-25T00:00:00.000,26.117261478551004,26.173335982439163,25.574458980357516,25.729225158691406,224607600
2015-09-28T00:00:00.000,25.53633306574261,25.697827938171578,25.220073699951172,25.220073699951172,208436000
2015-09-29T00:00:00.000,25.307549179785273,25.460071920955418,24.192787606840596,24.461944580078125,293461600
2015-09-30T00:00:00.000,24.710918127909963,25.018207101936135,24.387930068586687,24.74007797241211,265892000
2015-10-01T00:00:00.000,24.464188371081597,24.58755298372046,24.069423321895563,24.578580856323242,255716400
2015-10-02T00:00:00.000,24.226440668409577,24.899335035299416,24.1232637375042,24.758026123046875,232079200
2015-10-05T00:00:00.000,24.645873457889355,24.980078843346252,24.464192552999453,24.847742080688477,208258800
2015-10-06T00:00:00.000,24.814096724118247,25.063067737341726,24.621200232589093,24.96661949157715,192787200
2015-10-07T00:00:00.000,25.063068041254667,25.069796710138203,24.54045479328295,24.847742080688477,187062400
2015-10-08T00:00:00.000,24.715400803406812,24.715400803406812,24.27128994512158,24.56063461303711,247918400
2015-10-09T00:00:00.000,24.672782033606488,25.184181241956313,24.55838956502569,25.14829444885254,211064400
2015-10-12T00:00:00.000,25.28512180516072,25.289607013539783,24.995777093845483,25.03166389465332,121868800
2015-10-13T00:00:00.000,24.856708507107804,25.222313693059533,24.825306918682905,25.074277877807617,132197200
2015-10-14T00:00:00.000,24.96213099969483,25.01371859456382,24.574094607652142,24.71988868713379,177849600
2015-10-15T00:00:00.000,24.88138570675293,25.143814045684113,24.782694005441982,25.089982986450195,150694000
2015-10-16T00:00:00.000,25.07202784653624,25.121373675772034,24.791655372476285,24.906047821044922,156930400
2015-10-19T00:00:00.000,24.852226172607406,25.06530864887749,24.69745996086399,25.060823440551758,119036800
2015-10-20T00:00:00.000,24.973344410686988,25.608108311660388,24.85671017602895,25.518388748168945,195871200
2015-10-21T00:00:00.000,25.569978668411807,25.924370011535668,25.502688566360003,25.51614761352539,167180800
2015-10-22T00:00:00.000,25.643995273146963,25.906423568725586,25.592405971095445,25.906423568725586,166616400
2015-10-23T00:00:00.000,26.175586786234405,26.743062399364046,26.092597586974016,26.70941734313965,237467600
2015-10-26T00:00:00.000,26.485117674920797,26.496331552156278,25.7763349213103,25.85708236694336,265335200
2015-10-27T00:00:00.000,25.883991365341736,26.13969096645082,25.567730341662678,25.69333839416504,279537600
2015-10-28T00:00:00.000,26.227172769046906,26.75875979834217,26.032032836740395,26.752029418945312,342205600
2015-10-29T00:00:00.000,26.624179217292475,27.070533591812794,26.527730982390814,27.034645080566406,204909200
2015-10-30T00:00:00.000,27.1378210990291,27.18941040444977,26.792401890203436,26.803617477416992,197461200
2015-11-02T00:00:00.000,27.09520064446117,27.220806984090192,26.828285461491465,27.18043327331543,128813200
2015-11-03T00:00:00.000,27.092952636633,27.698556485323557,27.072764929005853,27.492202758789062,182076000
2015-11-04T00:00:00.000,27.61781890283362,27.772585108424046,27.27913007180702,27.364362716674805,179544400
2015-11-05T00:00:00.000,27.447712324554878,27.63693011310023,27.07153152933329,27.238222122192383,158210800
2015-11-06T00:00:00.000,27.281014189822066,27.438694204532553,27.170638179524726,27.269750595092773,132169200
2015-11-09T00:00:00.000,27.247224775357775,27.438693853221398,27.042240758858657,27.159374237060547,135485600
2015-11-10T00:00:00.000,26.332675159076057,26.59622675289473,26.143457440392293,26.303390502929688,236511600
2015-11-11T00:00:00.000,26.21328981009635,26.44980982089004,25.951989548362537,26.154722213745117,180872000
2015-11-12T00:00:00.000,26.188515074628896,26.31465909867427,26.051107454758,26.066875457763672,130102400
2015-11-13T00:00:00.000,25.949740440152322,26.03308658156117,25.289733934743825,25.30550193786621,183249600
2015-11-16T00:00:00.000,25.089247316652852,25.73348563958643,25.003649854758862,25.719970703125,152426800
2015-11-17T00:00:00.000,25.8866647060483,25.915949363767915,25.526252030363505,25.60959815979004,110467600
2015-11-18T00:00:00.000,26.07588560251814,26.46558126467842,26.017317998547494,26.420530319213867,186698800
2015-11-19T00:00:00.000,26.499370380292167,26.97466524569888,26.301143813878102,26.75616455078125,173183200
2015-11-20T00:00:00.000,26.85076764309796,27.01295376704762,26.771927643562183,26.873294830322266,137148400
2015-11-23T00:00:00.000,26.86653479991205,26.9701550458595,26.431786566305384,26.52414321899414,129930000
2015-11-24T00:00:00.000,26.42953744464211,26.884558122071645,26.38223344242789,26.7786865234375,171212800
2015-11-25T00:00:00.000,26.85302199829468,26.85752812338971,26.56243879865947,26.587217330932617,85553200
2015-11-27T00:00:00.000,26.64578717592846,26.672818773030528,26.490358500112393,26.537662506103516,52185600
2015-11-30T00:00:00.000,26.57821718328865,26.898085165262692,26.524155691108977,26.648048400878906,156721200
2015-12-01T00:00:00.000,26.749404201420703,26.762919139912682,26.323666453091068,26.43178939819336,139409600
2015-12-02T00:00:00.000,26.431789128949386,26.6052388578847,26.147965112009583,26.193016052246094,133546400
2015-12-03T00:00:00.000,26.253837418650917,26.307898892106483,25.728985529710997,25.949737548828125,166278000
2015-12-04T00:00:00.000,25.970010271127585,26.862032268531873,25.9294637385827,26.812475204467773,231108000
2015-12-07T00:00:00.000,26.801209686902773,26.99943619763836,26.537656401884558,26.64352798461914,128336800
2015-12-08T00:00:00.000,26.472341707929797,26.71562096536293,26.32367219633195,26.63227653503418,137238000
2015-12-09T00:00:00.000,26.499366526441563,26.51063012048139,25.922706258132,26.04434585571289,185445600
2015-12-10T00:00:00.000,26.138958557103884,26.341691256178958,26.019572000588415,26.168241500854492,116850800
2015-12-11T00:00:00.000,25.947485992046726,25.992536933126495,25.420381044780573,25.49471664428711,187544800
2015-12-14T00:00:00.000,25.26946180846365,25.382090894484865,24.731094914768907,25.337039947509766,257274800
2015-12-15T00:00:00.000,25.215402183820736,25.409124363518714,24.857240770255004,24.888776779174805,213292400
2015-12-16T00:00:00.000,25.01942511402226,25.226662219957333,24.508089819376277,25.080244064331055,224954000
2015-12-17T00:00:00.000,25.2334227104903,25.28523285246727,24.54863929748535,24.54863929748535,179091200
2015-12-18T00:00:00.000,24.53286550142011,24.670271389359083,23.834563874077595,23.88412094116211,385813200
2015-12-21T00:00:00.000,24.16569639543183,24.185970524556982,23.78050512788861,24.176959991455078,190362400
2015-12-22T00:00:00.000,24.192729590721896,24.264812141708923,23.978733282247216,24.154436111450195,131157600
2015-12-23T00:00:00.000,24.163441343209882,24.519349637808695,24.147673341225545,24.465288162231445,130629600
2015-12-24T00:00:00.000,24.553135435419996,24.553135435419996,24.316613718562987,24.33463478088379,54281600
2015-12-28T00:00:00.000,24.235530358819418,24.25805755503019,23.91791717153612,24.062082290649414,106816800
2015-12-29T00:00:00.000,24.09361431456941,24.65000228462855,24.071088840671305,24.49457359313965,123724800
2015-12-30T00:00:00.000,24.45853126633016,24.485561145461162,24.143169500662683,24.174705505371094,100855200
2015-12-31T00:00:00.000,24.104879942063416,24.109384349789213,23.611563944781977,23.710678100585938,163649200
2016-01-04T00:00:00.000,23.11374431504918,23.735457435664685,22.97633667392431,23.7309513092041,270597600
2016-01-05T00:00:00.000,23.82105372331318,23.84357919872016,23.06869218950172,23.136268615722656,223164000
2016-01-06T00:00:00.000,22.65196237437679,23.059680854996756,22.49653539645649,22.68349838256836,273829600
2016-01-07T00:00:00.000,22.2284731013443,22.555096713640157,21.721642291419773,21.726146697998047,324377600
2016-01-08T00:00:00.000,22.19918759745049,22.325331590067194,21.795975371241525,21.841026306152344,283192000
2016-01-11T00:00:00.000,22.293801032941662,22.31407344302432,21.926629121332716,22.194686889648438,198957600
2016-01-12T00:00:00.000,22.649714613757666,22.68125062693914,22.264521546814002,22.51681137084961,196616800
2016-01-13T00:00:00.000,22.597899416901196,22.793874642374632,21.91762050355392,21.93789291381836,249758400
2016-01-14T00:00:00.000,22.066288113904072,22.633939612925026,21.56621474715147,22.41769027709961,252680400
2016-01-15T00:00:00.000,21.669835695707224,22.00997602034659,21.480619654080122,21.87932586669922,319335600
2016-01-19T00:00:00.000,22.167654505988224,22.221715978686518,21.51215249001138,21.773452758789062,212350800
2016-01-20T00:00:00.000,21.422055085619366,22.118103837081524,21.04362123011172,21.80274200439453,289337600
2016-01-21T00:00:00.000,21.863554876137204,22.048266485215724,21.386008711417897,21.692359924316406,208646000
2016-01-22T00:00:00.000,22.217209817497473,22.85469076868208,22.15864393824545,22.845680236816406,263202000
2016-01-25T00:00:00.000,22.868203317846383,22.870456380223203,22.34785761669965,22.399667739868164,207178000
2016-01-26T00:00:00.000,22.51004463267943,22.724039165257587,22.09106438022309,22.5235595703125,300308000
2016-01-27T00:00:00.000,21.633790334665466,21.766691802288033,21.025592371541684,21.04361343383789,533478800
2016-01-28T00:00:00.000,21.126965506389833,21.29140302003716,20.811603701747394,21.194541931152344,222715200
2016-01-29T00:00:00.000,21.352224560051493,21.926631927490234,21.253110404073695,21.926631927490234,257666000
2016-02-01T00:00:00.000,21.730655888235283,21.784717367715892,21.48962971559591,21.72164535522461,163774000
2016-02-02T00:00:00.000,21.494141716743233,21.633802449876022,21.237347450254983,21.282400131225586,149428800
2016-02-03T00:00:00.000,21.39952653410023,21.81400074941957,21.192289426440556,21.703624725341797,183857200
2016-02-04T00:00:00.000,21.71041286439467,22.043339353122256,21.558671400034395,21.878007888793945,185886800
2016-02-05T00:00:00.000,21.859894731130765,21.950487266896594,21.218956298789394,21.29369354248047,185672400
2016-02-08T00:00:00.000,21.092123743304253,21.674178432256767,21.071741332145493,21.517908096313477,216085600
2016-02-09T00:00:00.000,21.354842514451022,21.72853561437277,21.27330941163505,21.513378143310547,177324800
2016-02-10T00:00:00.000,21.724004367695013,21.821391030393816,21.311810017462367,21.350311279296875,169374400
2016-02-11T00:00:00.000,21.241606067115114,21.45223299889895,20.969828433379384,21.221221923828125,200298800
2016-02-12T00:00:00.000,21.332198610239757,21.402407011526563,21.06495155410116,21.286901473999023,161405600
2016-02-16T00:00:00.000,21.520168889934943,21.934628475964203,21.427312815635442,21.887067794799805,196231600
2016-02-17T00:00:00.000,21.893858116099338,22.24263811177384,21.77608907772357,22.22225570678711,179452800
2016-02-18T00:00:00.000,22.38533037913035,22.396655094579923,21.762509043401412,21.80101203918457,156084000
2016-02-19T00:00:00.000,21.742126943940555,21.914252599394604,21.69683153730428,21.75118637084961,141496800
2016-02-22T00:00:00.000,21.812335328652846,21.945959715589726,21.724008076232284,21.941429138183594,137123200
2016-02-23T00:00:00.000,21.832713994406227,21.855361692028687,21.413725540710708,21.445432662963867,127770400
2016-02-24T00:00:00.000,21.28462933776913,21.82818093039428,21.13515144026135,21.764766693115234,145022800
2016-02-25T00:00:00.000,21.753442823594813,21.914243698120117,21.57225781482665,21.914243698120117,110330800
2016-02-26T00:00:00.000,22.01389901650893,22.199612916119857,21.873482243576703,21.94822120666504,115964400
2016-02-29T00:00:00.000,21.93690253272158,22.247181456239563,21.88934183254598,21.898401260375977,140865200
2016-03-01T00:00:00.000,22.11581667240276,22.822434582820552,22.06372540771771,22.76807975769043,201628400
2016-03-02T00:00:00.000,22.763552504434063,22.84961446091474,22.566513873652035,22.817907333374023,132678400
2016-03-03T00:00:00.000,22.779406551271965,23.035328865537434,22.74996298371058,22.987768173217773,147822800
2016-03-04T00:00:00.000,23.18480461656577,23.497347019940484,22.958324163361524,23.32975196838379,184220400
2016-03-07T00:00:00.000,23.189330875588524,23.288982816800157,22.865463794559258,23.071561813354492,143315600
2016-03-08T00:00:00.000,22.824698934859256,23.04665053089118,22.73863698794127,22.881319046020508,126247600
2016-03-09T00:00:00.000,22.94473107886107,23.005881760640296,22.709191231821364,22.901700973510742,108806800
2016-03-10T00:00:00.000,22.967387185765745,23.155364678153827,22.682021286222742,22.91303062438965,134054400
2016-03-11T00:00:00.000,23.15536245892038,23.16442188494813,22.987767397179063,23.159893035888672,109632800
2016-03-14T00:00:00.000,23.080623311768452,23.307103760030373,23.05117974763284,23.218774795532227,100304400
2016-03-15T00:00:00.000,23.54490901905311,23.821215463816046,23.51999602958046,23.685327529907227,160270800
2016-03-16T00:00:00.000,23.692119964794824,24.077136037852313,23.687589388175116,24.000133514404297,153214000
2016-03-17T00:00:00.000,23.898219603453242,24.113377097226152,23.771391086978394,23.96163558959961,137682800
2016-03-18T00:00:00.000,24.083929047880954,24.120166747508094,23.823477925422555,23.988807678222656,176820800
2016-03-21T00:00:00.000,23.991076319224767,24.380623005113264,23.812156540105804,23.986547470092773,142010800
2016-03-22T00:00:00.000,23.83706969110818,24.299090061591315,23.828010264874134,24.16999626159668,129777600
2016-03-23T00:00:00.000,24.11564460377253,24.2492672705037,23.984285497965914,24.036375045776367,102814000
2016-03-24T00:00:00.000,23.88689644402851,24.06355094153387,23.755537351249522,23.932191848754883,104532000
2016-03-28T00:00:00.000,24.006929229334705,24.04996107050679,23.79403703984186,23.8234806060791,77645600
2016-03-29T00:00:00.000,23.75553984300412,24.41233364788222,23.75327455415751,24.387420654296875,124760400
2016-03-30T00:00:00.000,24.607105557135252,25.007975263716304,24.595780841484046,24.813201904296875,182404400
2016-03-31T00:00:00.000,24.849438336091747,24.890204891270198,24.659193835956014,24.684106826782227,103553600
2016-04-01T00:00:00.000,24.636538594083206,24.912844969298952,24.50517954227434,24.910579681396484,103496000
2016-04-04T00:00:00.000,25.007976058383598,25.408847505611973,24.974003638259468,25.166513442993164,149424800
2016-04-05T00:00:00.000,24.80187463531264,25.078181061580132,24.781490496240938,24.86981773376465,106314800
2016-04-06T00:00:00.000,24.96494593122594,25.13480630388501,24.7316695679972,25.13027572631836,105616400
2016-04-07T00:00:00.000,24.90152997718862,25.007976087343256,24.487071980503337,24.58219337463379,127207600
2016-04-08T00:00:00.000,24.665981749836867,24.860753308555065,24.49838500596205,24.60936164855957,94326800
2016-04-11T00:00:00.000,24.679574002577947,25.051001788643912,24.647866878980267,24.69089698791504,117630000
2016-04-12T00:00:00.000,24.763374669167092,25.026092853404545,24.609369602707936,25.01250457763672,108929200
2016-04-13T00:00:00.000,25.09403690709012,25.442815312275144,25.09403690709012,25.3748722076416,133029200
2016-04-14T00:00:00.000,25.27974670374722,25.454135877913863,25.214067170437854,25.388456344604492,101895600
2016-04-15T00:00:00.000,25.39072005878002,25.433751891568942,24.851697280497905,24.878873825073242,187756000
2016-04-18T00:00:00.000,24.661453816477476,24.675042089309276,24.219817670358456,24.342117309570312,243286000
2016-04-19T00:00:00.000,24.432718333218766,24.459896618175186,24.059026850546285,24.21303367614746,129539600
2016-04-20T00:00:00.000,24.15187866912047,24.48027467966977,24.020519573737165,24.262853622436523,122444000
2016-04-21T00:00:00.000,24.217554538615328,24.217554538615328,23.89821627536529,24.000133514404297,126210000
2016-04-22T00:00:00.000,23.782716268330034,24.115642858510714,23.69438901720973,23.934457778930664,134732400
2016-04-25T00:00:00.000,23.780451778785896,23.927664444903044,23.669476820966093,23.79857063293457,112126400
2016-04-26T00:00:00.000,23.533581904198304,23.848389558227918,23.533581904198304,23.63323211669922,224064800
2016-04-27T00:00:00.000,21.742121628397634,22.355883396183575,21.66964795875265,22.154315948486328,458408400
2016-04-28T00:00:00.000,22.106761659841137,22.16791063433047,21.345787044478975,21.47714614868164,328970800
2016-04-29T00:00:00.000,21.286900043048345,21.452231555372222,20.95170989694444,21.23027992248535,274126000
2016-05-02T00:00:00.000,21.282367209973465,21.307280196590593,20.926792988511885,21.20762825012207,192640400
2016-05-03T00:00:00.000,21.33446011672984,21.683240256607103,21.216691029662577,21.556411743164062,227325200
2016-05-04T00:00:00.000,21.560937376849367,21.719474722918175,21.24839498908705,21.33219337463379,164102000
2016-05-05T00:00:00.000,21.41878098572205,21.434731072238087,21.11800668397035,21.245607376098633,143562000
2016-05-06T00:00:00.000,21.275231829934302,21.29345925989368,20.928884584268392,21.12712287902832,174799600
2016-05-09T00:00:00.000,21.19092047793112,21.36637142020525,21.097497305894343,21.143070220947266,131745600
2016-05-10T00:00:00.000,21.26611649121097,21.320802256007195,20.988127767650703,21.286623001098633,134747200
2016-05-11T00:00:00.000,21.30029326158782,21.320799769083546,21.067875746062786,21.079269409179688,114876400
2016-05-12T00:00:00.000,21.12712829996844,21.140799310553067,20.38658509385418,20.584821701049805,305258800
2016-05-13T00:00:00.000,20.507339794719382,20.887864460354056,20.507339794719382,20.625825881958008,177571200
2016-05-16T00:00:00.000,21.051929425106646,21.507648216408324,20.883313959085207,21.39143943786621,245039200
2016-05-17T00:00:00.000,21.54410243839732,21.578279950472332,21.193198827519755,21.302570343017578,187667600
2016-05-18T00:00:00.000,21.45524433929455,21.69449569300929,21.393721320889718,21.54638671875,168249600
2016-05-19T00:00:00.000,21.564616080500596,21.564616080500596,21.320806562601753,21.464357376098633,121768400
2016-05-20T00:00:00.000,21.564610861163164,21.744619973939777,21.537267110645395,21.69676971435547,128104000
2016-05-23T00:00:00.000,21.844881969682415,22.145656317313065,21.799309045235763,21.972482681274414,152074400
2016-05-24T00:00:00.000,22.152489631091072,22.350726182938512,22.06590195241827,22.30743408203125,140560800
2016-05-25T00:00:00.000,22.48288669757087,22.726696187300238,22.355285989205374,22.69935417175293,152675200
2016-05-26T00:00:00.000,22.71301830683631,22.95227130105576,22.47604439269927,22.879356384277344,225324800
2016-05-27T00:00:00.000,22.658335303115027,22.893030165646426,22.61504146843989,22.865686416625977,145364800
2016-05-31T00:00:00.000,22.694792029031795,22.877080213373,22.51706200543505,22.75403594970703,169228800
2016-06-01T00:00:00.000,22.56263640980064,22.681124268100326,22.40541461020609,22.435035705566406,116693200
2016-06-02T00:00:00.000,22.23906899111154,22.293754740430536,22.018045175476963,22.26641273498535,160766400
2016-06-03T00:00:00.000,22.28236964346596,22.39174117560807,22.2048965479719,22.31199073791504,114019600
2016-06-06T00:00:00.000,22.327944066654076,23.21659615184701,22.227687104041692,22.473773956298828,93170000
2016-06-07T00:00:00.000,22.61504213482064,22.75631556794565,22.54896270989583,22.564912796020508,89638000
2016-06-08T00:00:00.000,22.562636228369513,22.685680508647046,22.485164869544324,22.544408798217773,83392400
2016-06-09T00:00:00.000,22.444155215875877,22.78366530040143,22.435040629511686,22.706193923950195,106405600
2016-06-10T00:00:00.000,22.450985816251396,22.637830449824023,22.43959388960711,22.519344329833984,126851600
2016-06-13T00:00:00.000,22.48744402948881,22.585423637920215,22.12514669098972,22.179832458496094,152082000
2016-06-14T00:00:00.000,22.17527603258587,22.43959376261823,22.045396248257337,22.207176208496094,127727600
2016-06-15T00:00:00.000,22.289206547254377,22.423644497893772,22.109197411764256,22.134262084960938,117780800
2016-06-16T00:00:00.000,21.977037303157044,22.27325520327819,21.890451361449387,22.227684020996094,125307200
2016-06-17T00:00:00.000,22.015769112650048,22.022604614408348,21.71499486628369,21.721830368041992,244032800
2016-06-20T00:00:00.000,21.87450359796957,22.00438339354534,21.653479689716388,21.669429779052734,137647600
2016-06-21T00:00:00.000,21.632972376778547,21.95425323250543,21.573728444965415,21.85399627685547,142185600
2016-06-22T00:00:00.000,21.931471665643294,22.077301571930082,21.72639781666824,21.771970748901367,116876400
2016-06-23T00:00:00.000,21.86082505727644,21.940575476479815,21.703601560540676,21.897281646728516,128960800
2016-06-24T00:00:00.000,21.170417633612853,21.569171582580047,21.11117370300611,21.282068252563477,301245600
2016-06-27T00:00:00.000,21.190914592311074,21.20230825251704,20.849125647273798,20.972169876098633,181958400
2016-06-28T00:00:00.000,21.168131868621376,21.34130544425021,20.994958292992543,21.325353622436523,161779600
2016-06-29T00:00:00.000,21.411942441924065,21.54410127624807,21.33446936239907,21.50992202758789,146124000
2016-06-30T00:00:00.000,21.51903974417218,21.82209138908081,21.487139571023903,21.783355712890625,143345600
2016-07-01T00:00:00.000,21.758293605992687,21.981596582765608,21.721837005998097,21.849437713623047,104106000
2016-07-05T00:00:00.000,21.735503678072735,21.737782758376927,21.5235944089345,21.644359588623047,110820800
2016-07-06T00:00:00.000,21.55550094658784,21.79703311573814,21.503094253113787,21.767410278320312,123796400
2016-07-07T00:00:00.000,21.806142802052754,21.98843100837468,21.7879153721639,21.860830307006836,100558400
2016-07-08T00:00:00.000,21.986155615480897,22.077299733929525,21.88589864977392,22.029449462890625,115648400
2016-07-11T00:00:00.000,22.045398499948433,22.250472322052435,22.040842076536958,22.097806930541992,95179600
2016-07-12T00:00:00.000,22.141094240368208,22.261859426545215,22.129702315093002,22.19805908203125,96670000
2016-07-13T00:00:00.000,22.195781002628085,22.255023184320574,22.065899499059526,22.072736740112305,103568800
2016-07-14T00:00:00.000,22.19122562037632,22.555800292868337,22.175275532780702,22.510229110717773,155676000
2016-07-15T00:00:00.000,22.539848093956056,22.62643576573226,22.444147577346676,22.50794792175293,120548000
2016-07-18T00:00:00.000,22.48971782636467,22.81555677620662,22.46693223836481,22.74720001220703,145975600
2016-07-19T00:00:00.000,22.685679548019195,22.78593823253969,22.63555020575895,22.756317138671875,95119600
2016-07-20T00:00:00.000,22.785937627485726,22.89075273196067,22.72669370289412,22.776823043823242,105104000
2016-07-21T00:00:00.000,22.74720145399346,23.013796501190217,22.587698851026794,22.656057357788086,130808000
2016-07-22T00:00:00.000,22.617321352202232,22.62643593553281,22.40085390956624,22.480606079101562,113254800
2016-07-25T00:00:00.000,22.387185340369452,22.52162154766204,22.084131930752637,22.179832458496094,161531600
2016-07-26T00:00:00.000,22.061345622068604,22.32338426293091,21.970201520234436,22.02716636657715,224959200
2016-07-27T00:00:00.000,23.75889849443587,23.777127663368365,23.412552976864593,23.4581241607666,369379200
2016-07-28T00:00:00.000,23.430776856761174,23.799907882959403,23.42849777655176,23.774843215942383,159479200
2016-07-29T00:00:00.000,23.74066757667422,23.822697086391937,23.624458814835958,23.745223999023438,110934800
2016-08-01T00:00:00.000,23.790794840547626,24.187269610665414,23.790794840547626,24.16448402404785,152671600
2016-08-02T00:00:00.000,24.164482701268355,24.169039122970915,23.697370378248692,23.806743621826172,135266400
2016-08-03T00:00:00.000,23.88194450802383,24.116639425145156,23.87282992289697,24.105247497558594,120810400
2016-08-04T00:00:00.000,24.187713008589075,24.283931942084056,24.118984200180545,24.254150390625,109634800
2016-08-05T00:00:00.000,24.34579984885152,24.661950443833053,24.32518224370777,24.623004913330078,162213600
2016-08-08T00:00:00.000,24.63216553189068,24.82689666748047,24.54969336881306,24.82689666748047,112148800
2016-08-09T00:00:00.000,24.79481556148187,24.957471902628445,24.74441466042447,24.927688598632812,105260800
2016-08-10T00:00:00.000,24.904786667007475,24.948315048106586,24.687148257205855,24.742130279541016,96034000
2016-08-11T00:00:00.000,24.86124820305055,24.95517746146536,24.707755839532282,24.726083755493164,109938000
2016-08-12T00:00:00.000,24.691723587252874,24.842926298107884,24.691723587252874,24.783361434936523,74641600
2016-08-15T00:00:00.000,24.774195970937317,25.09492754442996,24.760450906365758,25.0811824798584,103472800
2016-08-16T00:00:00.000,25.115546751946088,25.2530043978627,25.019327798081715,25.058273315429688,135177600
2016-08-17T00:00:00.000,24.99413172787799,25.055988028953735,24.820019960947775,25.021623611450195,101424000
2016-08-18T00:00:00.000,25.023906413104605,25.10866996616933,24.975795196475197,24.98954200744629,87938800
2016-08-19T00:00:00.000,24.91852374976063,25.129291305551583,24.824596231200175,25.05368995666504,101472400
2016-08-22T00:00:00.000,24.93914164769162,24.99412364921774,24.707756508993324,24.858959197998047,103280800
2016-08-23T00:00:00.000,24.877286643843057,25.044525831372784,24.863541579717417,24.936851501464844,85030800
2016-08-24T00:00:00.000,24.872705648487965,24.913942588893782,24.66881237310542,24.748994827270508,94700400
2016-08-25T00:00:00.000,24.60238258420725,24.714638054720496,24.43972619897668,24.643619537353516,100344800
2016-08-26T00:00:00.000,24.60696099582057,24.730670085075193,24.354956467736542,24.499286651611328,111065200
2016-08-29T00:00:00.000,24.425976077887384,24.613832881617334,24.350374721449985,24.47179412841797,99881200
2016-08-30T00:00:00.000,24.238123210948476,24.398488161698825,24.169394376142968,24.2839412689209,99455600
2016-08-31T00:00:00.000,24.20604085848477,24.414515213827364,24.201458005751938,24.306840896606445,118649600
2016-09-01T00:00:00.000,24.316009473938212,24.46721218161649,24.196881497944915,24.451175689697266,106806000
2016-09-02T00:00:00.000,24.67339496098034,24.742123781734875,24.47179310013169,24.680269241333008,107210000
2016-09-06T00:00:00.000,24.719216864566654,24.810854717435326,24.62987043867753,24.673397064208984,107521600
2016-09-07T00:00:00.000,24.703175111318515,24.916232331036756,24.52906340272657,24.824594497680664,169457200
2016-09-08T00:00:00.000,24.57030024636467,24.57488135148412,24.109821402700174,24.173967361450195,212008000
2016-09-09T00:00:00.000,23.972362456533833,24.219784049603188,23.62643051147461,23.62643051147461,186228000
2016-09-12T00:00:00.000,23.51647360323829,24.219791340326505,23.488981724228417,24.1556453704834,181171200
2016-09-13T00:00:00.000,24.629865163405185,24.923104831500968,24.568008883132496,24.73066520690918,248704800
2016-09-14T00:00:00.000,24.909362924653756,25.894464950249958,24.879579620064657,25.605806350708008,443554800
2016-09-15T00:00:00.000,26.08461591924033,26.513021884030763,25.999850597951735,26.47636604309082,359934400
2016-09-16T00:00:00.000,26.373277233817625,26.60466069887933,26.125855525827074,26.327457427978516,319547600
2016-09-19T00:00:00.000,26.38931269313128,26.616115042630625,25.944870207093928,26.020471572875977,188092000
2016-09-20T00:00:00.000,25.89904905191292,26.144179293697142,25.775338217576035,26.018177032470703,138057200
2016-09-21T00:00:00.000,26.08232456859692,26.114397555589942,25.759303271639574,26.01359748840332,144012800
2016-09-22T00:00:00.000,26.196860314739254,26.332026486338364,26.11667788133942,26.258716583251953,124296000
2016-09-23T00:00:00.000,26.212901766073433,26.297667067633842,25.555403939820497,25.821151733398438,209924800
2016-09-26T00:00:00.000,25.576033486688893,25.97694766481863,25.555415882208834,25.860109329223633,119477600
2016-09-27T00:00:00.000,25.887591250502936,25.928828191435294,25.73638855113548,25.9082088470459,98429600
2016-09-28T00:00:00.000,26.04567102492967,26.263309405238047,25.986106155894436,26.105234146118164,118564400
2016-09-29T00:00:00.000,25.924246350133995,26.070866191988394,25.612678749231804,25.69973373413086,143548000
2016-09-30T00:00:00.000,25.763879739494786,25.972355865263516,25.61267879201268,25.899045944213867,145516400
2016-10-03T00:00:00.000,25.82115631669641,25.899049100467856,25.722645934420125,25.77762794494629,86807200
2016-10-04T00:00:00.000,25.90134119732404,26.18770841115558,25.80283080585212,25.887596130371094,118947200
2016-10-05T00:00:00.000,25.979228397260922,26.038793254315756,25.816572064552215,25.899045944213867,85812400
2016-10-06T00:00:00.000,26.047959511314456,26.194579376189363,25.917376139540035,26.091487884521484,115117200
2016-10-07T00:00:00.000,26.18770747697811,26.24498091770134,26.0044335153718,26.130434036254883,97433600
2016-10-10T00:00:00.000,26.350362382885976,26.74669533984366,26.28163530652368,26.58633041381836,144944000
2016-10-11T00:00:00.000,26.964330275139694,27.191134317484888,26.620689693479395,26.643600463867188,256164000
2016-10-12T00:00:00.000,26.884148344987565,27.02847851071256,26.746692459220384,26.88185691833496,150347200
2016-10-13T00:00:00.000,26.75585860742008,26.904769890789296,26.510728370924866,26.799386978149414,140769600
2016-10-14T00:00:00.000,27.005574761589457,27.07201216901802,26.833754422743933,26.948301315307617,142608800
2016-10-17T00:00:00.000,26.879565077675206,26.99640160986492,26.753562839612247,26.92996597290039,94499600
2016-10-18T00:00:00.000,27.074302258946716,27.08117479250557,26.9070630350118,26.911645889282227,98214000
2016-10-19T00:00:00.000,26.861242511393115,26.978080814699002,26.070869763501435,26.83146095275879,80138400
2016-10-20T00:00:00.000,26.77189283062515,26.891020798516205,26.650473436088184,26.817710876464844,96503200
2016-10-21T00:00:00.000,26.76043934039463,26.783350112783413,26.639019937258844,26.712329864501953,92770800
2016-10-24T00:00:00.000,26.826880492324104,26.97350036734531,26.803971464573312,26.952882766723633,94154800
2016-10-25T00:00:00.000,27.021603217021607,27.115532479943987,26.874983377990965,27.09033203125,192516000
2016-10-26T00:00:00.000,26.187711527006012,26.506151766847406,25.95861772868288,26.4809513092041,264536800
2016-10-27T00:00:00.000,26.435134230113757,26.54280859897868,26.139603009563334,26.226659774780273,138248000
2016-10-28T00:00:00.000,26.08690996485436,26.39389479823127,25.990689246651762,26.05254554748535,151446800
2016-10-31T00:00:00.000,26.036509126329623,26.169383941681954,25.93341587392997,26.011308670043945,105677600
2016-11-01T00:00:00.000,25.99297136934333,26.063989858062815,25.32172674869161,25.541656494140625,175303200
2016-11-02T00:00:00.000,25.52103904322871,25.738677363470607,25.48209353292795,25.564565658569336,113326800
2016-11-03T00:00:00.000,25.55535911106137,25.665887700158493,25.22607302147493,25.29054832458496,107730400
2016-11-04T00:00:00.000,24.99119698748168,25.387261576155574,24.89448403168557,25.062580108642578,123348000
2016-11-07T00:00:00.000,25.348117091044536,25.447133242057223,25.20534908635963,25.42410659790039,130240000
2016-11-08T00:00:00.000,25.401073808547093,25.725755232572485,25.260609019591147,25.573776245117188,97016800
2016-11-09T00:00:00.000,25.30206340643254,25.63365272194597,24.880670700924725,25.532333374023438,236705600
2016-11-10T00:00:00.000,25.58069457507612,25.58069457507612,24.369475587034312,24.820804595947266,228538000
2016-11-11T00:00:00.000,24.666522753653677,25.069495249098946,24.535268925410048,24.968175888061523,136575600
2016-11-14T00:00:00.000,24.802374899615096,24.825401542133175,23.966495654149348,24.341835021972656,204702000
2016-11-15T00:00:00.000,24.539874794230805,24.795474644822434,24.44546500406692,24.664220809936523,129058000
2016-11-16T00:00:00.000,24.569800493239743,25.382654810784636,24.54677385191776,25.327388763427734,235362000
2016-11-17T00:00:00.000,25.28594243204859,25.41028841480842,25.06027886678912,25.318180084228516,110528000
2016-11-18T00:00:00.000,25.26521683431287,25.454038105396624,25.251401200786297,25.343507766723633,113715600
2016-11-21T00:00:00.000,25.357330684505023,25.787934420268233,25.332000846304773,25.728065490722656,117058400
2016-11-22T00:00:00.000,25.778723585598748,25.886950757404758,25.65207615055681,25.744184494018555,103862000
2016-11-23T00:00:00.000,25.642864762386477,25.67740561027784,25.405686967323877,25.612930297851562,109705600
2016-11-25T00:00:00.000,25.589903287950463,25.76030434500653,25.548454619588256,25.74188232421875,45903600
2016-11-28T00:00:00.000,25.658985485936697,25.89846649036812,25.649774475363877,25.69122314453125,108776000
2016-11-29T00:00:00.000,25.50930609564107,25.7971435479873,25.345814633526857,25.665889739990234,114115200
2016-11-30T00:00:00.000,25.69812432379819,25.836285933053308,25.39186488945556,25.449432373046875,144649200
2016-12-01T00:00:00.000,25.414897996750025,25.546151813381687,25.10633531398931,25.21225929260254,148347600
2016-12-02T00:00:00.000,25.13857328424874,25.35042124412152,25.064886960952965,25.306671142578125,106112000
2016-12-05T00:00:00.000,25.329690217635278,25.33659803387616,24.926717873263808,25.1247501373291,137298000
2016-12-06T00:00:00.000,25.214559310338796,25.412591606198497,25.143176188629006,25.318180084228516,104782000
2016-12-07T00:00:00.000,25.15929273757793,25.603713767343134,25.13626609622214,25.566869735717773,119994800
2016-12-08T00:00:00.000,25.527719108143994,25.88924275047385,25.467848447268416,25.817859649658203,108273200
2016-12-09T00:00:00.000,25.861617147862216,26.41196217984804,25.861617147862216,26.239259719848633,137610400
2016-12-12T00:00:00.000,26.087288788046205,26.481050281412198,25.903072083360275,26.08959197998047,105497600
2016-12-13T00:00:00.000,26.213935355940514,26.69289736660036,26.19321189968939,26.52480125427246,174935200
2016-12-14T00:00:00.000,26.490260403699953,26.75737268403137,26.476444766199204,26.52480125427246,136127200
2016-12-15T00:00:00.000,26.568549117922718,26.8794149900372,26.534010027083767,26.66986846923828,186098000
2016-12-16T00:00:00.000,26.819543630386885,26.826451448381032,26.630722325658223,26.704408645629883,177404400
2016-12-19T00:00:00.000,26.66526053515615,27.02908571582107,26.653746335091068,26.858686447143555,111117600
2016-12-20T00:00:00.000,26.88171820457601,27.05672388930169,26.86790256732577,26.93007469177246,85700000
2016-12-21T00:00:00.000,26.895529640202245,27.033691252558103,26.89092325759226,26.955398559570312,95132800
2016-12-22T00:00:00.000,26.791907064828578,26.828751098360904,26.628415618874364,26.778091430664062,104343600
2016-12-23T00:00:00.000,26.61690544877681,26.831056594848633,26.61690544877681,26.831056594848633,56998000
2016-12-27T00:00:00.000,26.83106185732592,27.12580895755609,26.824154037843016,27.001462936401367,73187600
2016-12-28T00:00:00.000,27.061322093155326,27.17645706110187,26.75736584804925,26.88631820678711,83623600
2016-12-29T00:00:00.000,26.81493273369872,26.96691173127073,26.803420291253055,26.879409790039062,60158000
2016-12-30T00:00:00.000,26.8609929703761,26.987640402700062,26.580063319416027,26.66986846923828,122345200
2017-01-03T00:00:00.000,26.66526500262077,26.78730781374833,26.425784007070973,26.745859146118164,115127600
2017-01-04T00:00:00.000,26.67677592833996,26.828754953267687,26.653749282483766,26.71592140197754,84472400
2017-01-05T00:00:00.000,26.692895000634792,26.909349338670825,26.66756516291481,26.851781845092773,88774400
2017-01-06T00:00:00.000,26.890916951854148,27.20869051825911,26.81953384952019,27.151123046875,127007600
2017-01-09T00:00:00.000,27.160345045613802,27.50114540918331,27.158043610588383,27.399826049804688,134247600
2017-01-10T00:00:00.000,27.34915939598723,27.489624196826544,27.24093400230956,27.427452087402344,97848400
2017-01-11T00:00:00.000,27.342252155792867,27.616273946295752,27.310014504771377,27.574825286865234,110354400
2017-01-12T00:00:00.000,27.379097868845456,27.471206201765387,27.220211038479082,27.459692001342773,108344800
2017-01-13T00:00:00.000,27.427457634583096,27.54489581704745,27.358375937410994,27.411338806152344,104447600
2017-01-17T00:00:00.000,27.250149581365502,27.68766291064761,27.222518307125334,27.63239860534668,137759200
2017-01-18T00:00:00.000,27.632390089887483,27.747525048595346,27.565611603018517,27.63008689880371,94852000
2017-01-19T00:00:00.000,27.494231757055484,27.653116824309897,27.487323939803588,27.58173370361328,102389200
2017-01-20T00:00:00.000,27.736019397388496,27.736019397388496,27.57022648148571,27.63239860534668,130391600
2017-01-23T00:00:00.000,27.632399664377807,27.818917799929746,27.579436792019994,27.650821685791016,88200800
2017-01-24T00:00:00.000,27.52877531653976,27.65542274456876,27.51726111543693,27.62548828125,92844000
2017-01-25T00:00:00.000,27.729111735723393,28.115965388659937,27.69687407771373,28.065305709838867,129510400
2017-01-26T00:00:00.000,28.016944857292128,28.194253705538035,28.00082603079889,28.079118728637695,105350400
2017-01-27T00:00:00.000,28.12517084266721,28.173527320128414,28.000824861986857,28.081418991088867,82251600
2017-01-30T00:00:00.000,27.84655172029644,28.007740020751953,27.78437959206952,28.007740020751953,121510000
2017-01-31T00:00:00.000,27.897208806323995,27.952473110362984,27.775165996361807,27.943262100219727,196804000
2017-02-01T00:00:00.000,29.251190363700744,30.047925906640124,29.246585737875417,29.647254943847656,447940000
2017-02-02T00:00:00.000,29.46994834844069,29.794628057502138,29.42389330532612,29.596595764160156,134841600
2017-02-03T00:00:00.000,29.545938671062146,29.748577364792464,29.51139958174031,29.723247528076172,98029200
2017-02-06T00:00:00.000,29.734766300736073,30.05023507718109,29.68180167077826,30.001876831054688,107383600
2017-02-07T00:00:00.000,30.059436507873222,30.416355618625722,30.03871305648745,30.287405014038086,152735200
2017-02-08T00:00:00.000,30.245957166724025,30.446290884477907,30.216020951008034,30.40484046936035,92016400
2017-02-09T00:00:00.000,30.446466586216637,30.631481909524343,30.32389468441096,30.624544143676758,113399600
2017-02-10T00:00:00.000,30.63380588413618,30.7448136993057,30.538985017759696,30.555171966552734,80262000
2017-02-13T00:00:00.000,30.777182175124473,30.948321967432385,30.70086322161718,30.825746536254883,92141600
2017-02-14T00:00:00.000,30.867378783556042,31.242032282112998,30.816499477718178,31.225845336914062,132904800
2017-02-15T00:00:00.000,31.341481582757584,31.514932810960097,31.133337991590007,31.33916664123535,142492400
2017-02-16T00:00:00.000,31.376168094633385,31.429358812593936,31.1842149928312,31.30216407775879,90338400
2017-02-17T00:00:00.000,31.244355839533174,31.413180748801448,31.244355839533174,31.387741088867188,88792800
2017-02-21T00:00:00.000,31.505683485823404,31.625944005042655,31.447866403547273,31.6143798828125,98028800
2017-02-22T00:00:00.000,31.55193750864108,31.711513225718168,31.477933475849756,31.70920181274414,83347600
2017-02-23T00:00:00.000,31.771645109824725,31.79476982608597,31.52187488362987,31.57506561279297,83152800
2017-02-24T00:00:00.000,31.43167610624884,31.605127334594727,31.28597594519853,31.605127334594727,87106400
2017-02-27T00:00:00.000,31.716143746013074,31.785524961968598,31.517252809007367,31.66757583618164,81029600
2017-02-28T00:00:00.000,31.70224983275619,31.78550653786899,31.614366774894574,31.68143653869629,93931600
2017-03-01T00:00:00.000,31.889590146585466,32.412255306318166,31.82252388303502,32.32899856567383,145658400
2017-03-02T00:00:00.000,32.377571996917055,32.442326858600865,32.090797945977826,32.137054443359375,104844000
2017-03-03T00:00:00.000,32.095418529316575,32.338250981396506,32.051476982031915,32.32668685913086,84432400
2017-03-06T00:00:00.000,32.231879024050585,32.32438851069041,32.053804878911585,32.22494125366211,87000000
2017-03-07T00:00:00.000,32.160174612332,32.37294106045336,32.097731172803236,32.26655960083008,69785200
2017-03-08T00:00:00.000,32.13474477268337,32.331324332176784,32.10468227910414,32.14630889892578,74828800
2017-03-09T00:00:00.000,32.086156127416366,32.0977167160437,31.6953122464613,32.0722770690918,88623600
2017-03-10T00:00:00.000,32.20411244600232,32.229552101477296,32.06303863452733,32.178672790527344,78451200
2017-03-13T00:00:00.000,32.11160886143455,32.24574138671217,32.10467109388138,32.19255065917969,69686800
2017-03-14T00:00:00.000,32.21568983400641,32.29663165921415,32.10930481397163,32.14399719238281,61236400
2017-03-15T00:00:00.000,32.241134258179876,32.55103312268398,32.15325112121923,32.48396682739258,102767200
2017-03-16T00:00:00.000,32.54406621320551,32.61344738927058,32.43768127272265,32.53712844848633,76928000
2017-03-17T00:00:00.000,32.60883533337657,32.60883533337657,32.352127339597125,32.3752555847168,175540000
2017-03-20T00:00:00.000,32.47005506624662,32.724451507180184,32.43073989426104,32.71520233154297,86168000
2017-03-21T00:00:00.000,32.86554873904641,33.02512448157474,32.31512888020964,32.34056854248047,158119600
2017-03-22T00:00:00.000,32.34288127712336,32.74760090361427,32.322064442958755,32.705970764160156,103440800
2017-03-23T00:00:00.000,32.66895094334818,32.74295847543759,32.51862799599244,32.5903205871582,81385200
2017-03-24T00:00:00.000,32.7244646105998,32.77997027326692,32.458507475844264,32.52557373046875,89582400
2017-03-27T00:00:00.000,32.23648655581988,32.65970794675348,32.05840898579476,32.581077575683594,94300400
2017-03-28T00:00:00.000,32.58802048588234,33.31188794268025,32.5209506955383,33.256385803222656,133499200
2017-03-29T00:00:00.000,33.22863610236925,33.41596643727402,33.115316865024205,33.33039474487305,116760000
2017-03-30T00:00:00.000,33.34657763576764,33.418270246070115,33.18700193986894,33.28644561767578,84829200
2017-03-31T00:00:00.000,33.23787837068514,33.365076633853526,33.073676334799764,33.224002838134766,78646800
2017-04-03T00:00:00.000,33.23557605037279,33.33039339169721,33.082938092814025,33.23326110839844,79942800
2017-04-04T00:00:00.000,33.12919163465926,33.50847159319599,33.110689742916605,33.48072052001953,79565600
2017-04-05T00:00:00.000,33.35351537608284,33.640289345938676,33.25869452368603,33.3072624206543,110871600
2017-04-06T00:00:00.000,33.36969945878765,33.42289370539606,33.17543494533447,33.224002838134766,84596000
2017-04-07T00:00:00.000,33.24018838313695,33.34425840175549,33.13380695214871,33.149993896484375,66688800
2017-04-10T00:00:00.000,33.21012299693304,33.27487782634953,33.04823239451827,33.11067581176758,75733600
2017-04-11T00:00:00.000,33.05747738177619,33.15229819159241,32.391423830307936,32.7545166015625,121517600
2017-04-12T00:00:00.000,32.74759698477941,32.87479174335535,32.61114598794621,32.79384994506836,81400000
2017-04-13T00:00:00.000,32.81929806098147,32.92799448655558,32.62040710449219,32.62040710449219,71291600
2017-04-17T00:00:00.000,32.71983974407023,32.81234918605461,32.57876593280913,32.800785064697266,66328400
2017-04-18T00:00:00.000,32.70365823826272,32.849354899207185,32.6342770274499,32.65509033203125,58790000
2017-04-19T00:00:00.000,32.81234916826621,32.840100236409285,32.4816336477722,32.53482437133789,69313600
2017-04-20T00:00:00.000,32.65971256512075,33.052868004939796,32.645837030484415,32.94186019897461,93278400
2017-04-21T00:00:00.000,32.941861121150126,32.997363261249184,32.8054136549071,32.90254592895508,69283600
2017-04-24T00:00:00.000,33.187009625232285,33.29107968134823,33.113002056249755,33.21938705444336,68537200
2017-04-25T00:00:00.000,33.28181622370975,33.51076954318222,33.272563517118236,33.425201416015625,75486000
2017-04-26T00:00:00.000,33.41132250535454,33.441388505425266,33.15924097377565,33.22861862182617,80164800
2017-04-27T00:00:00.000,33.284132474768136,33.33963813576577,33.14305867416402,33.254066467285156,56985200
2017-04-28T00:00:00.000,33.3234535784165,33.37202148152268,33.13381537853107,33.22169494628906,83441600
2017-05-01T00:00:00.000,33.55702738480217,34.04268863442368,33.52464996816074,33.8993034362793,134411600
2017-05-02T00:00:00.000,34.121329094746294,34.24852738664094,33.95944196364165,34.1143913269043,181408800
2017-05-03T00:00:00.000,33.67036537127653,34.10977744680371,33.36509291954122,34.01033020019531,182788000
2017-05-04T00:00:00.000,33.88542586200407,34.028811051504846,33.721223847516455,33.88773727416992,93487600
2017-05-05T00:00:00.000,33.94092552583472,34.454341299338566,33.94092552583472,34.4497184753418,109310800
2017-05-08T00:00:00.000,34.465917067774505,35.54593968681708,34.465917067774505,35.3863639831543,195009600
2017-05-09T00:00:00.000,35.5852443728662,35.81882756302211,35.48811213167329,35.612998962402344,156521600
2017-05-10T00:00:00.000,35.529751208316476,35.60144381901725,35.178222392852916,35.44417953491211,103222800
2017-05-11T00:00:00.000,35.4023903445964,35.778593957851236,35.3698792711982,35.75072479248047,109020400
2017-05-12T00:00:00.000,35.92488955950871,36.32431331590771,35.917923154502766,36.250003814697266,130108000
2017-05-15T00:00:00.000,36.229104490458674,36.37772705040875,36.00617242225423,36.1571159362793,104038800
2017-05-16T00:00:00.000,36.21283613713365,36.240701748573535,35.92952394269511,36.10369110107422,80194000
2017-05-17T00:00:00.000,35.669435173615554,35.89469164682741,34.766088327646294,34.89148712158203,203070800
2017-05-18T00:00:00.000,35.12835071764186,35.609050163687876,35.095839661114304,35.42327117919922,134272800
2017-05-19T00:00:00.000,35.61835371750733,35.757685347800766,35.44418652206005,35.54404067993164,107843200
2017-05-22T00:00:00.000,35.76232690430899,35.897016612667926,35.509204791580785,35.760005950927734,91865600
2017-05-23T00:00:00.000,35.971328243695154,35.971328243695154,35.60209465796139,35.715885162353516,79675600
2017-05-24T00:00:00.000,35.725166002158055,35.80179997561155,35.45346566542646,35.60905456542969,76712000
2017-05-25T00:00:00.000,35.69962089786806,35.843601487149655,35.53706559716929,35.73213195800781,76942400
2017-05-26T00:00:00.000,35.762334999009134,35.818069783737286,35.60210059342664,35.67176818847656,87710400
2017-05-30T00:00:00.000,35.62763230128075,35.862176124415456,35.6067330933998,35.68568801879883,80507600
2017-05-31T00:00:00.000,35.755368007968826,35.8018118894274,35.38613436672782,35.4743766784668,97804800
2017-06-01T00:00:00.000,35.569586089774354,35.606742609341595,35.348975012935064,35.57190704345703,65616400
2017-06-02T00:00:00.000,35.66479670000693,36.09905242919922,35.50456231726266,36.09905242919922,111082800
2017-06-05T00:00:00.000,35.84128310541234,35.866827767268795,35.63692935400107,35.746070861816406,101326800
2017-06-06T00:00:00.000,35.73910180396234,36.18264837987697,35.71123619071204,35.866825103759766,106499600
2017-06-07T00:00:00.000,35.999198955536784,36.2221309800143,35.87379659125762,36.080474853515625,84278400
2017-06-08T00:00:00.000,36.05260614156639,36.119949225164746,35.855215254172016,35.99222946166992,85003200
2017-06-09T00:00:00.000,36.03867890361753,36.03867890361753,33.909194952599776,34.59657287597656,259530800
2017-06-12T00:00:00.000,33.844176178277756,33.92545208992348,33.09409345041489,33.76986312866211,289229200
2017-06-13T00:00:00.000,34.173929908036584,34.24127300390154,33.70715951434555,34.041561126708984,136661600
2017-06-14T00:00:00.000,34.25286169299813,34.25286169299813,33.40292542700424,33.7094612121582,126124800
2017-06-15T00:00:00.000,33.28217435306814,33.55155011579404,33.02440689592477,33.50742721557617,128661600
2017-06-16T00:00:00.000,33.38900441439125,33.55620516651621,33.02209184964148,33.03834915161133,201444400
2017-06-19T00:00:00.000,33.36114945126553,34.07639655398497,33.36114945126553,33.98350524902344,130165600
2017-06-20T00:00:00.000,34.106567653766945,34.106567653766945,33.65837926977956,33.67463302612305,99600400
2017-06-21T00:00:00.000,33.79307181127359,33.920795093838045,33.581748156797836,33.87434768676758,85063200
2017-06-22T00:00:00.000,33.85112601715256,34.067091567953106,33.70017903778404,33.8186149597168,76425200
2017-06-23T00:00:00.000,33.70252277529346,34.173935148967075,33.69787732345348,33.96957778930664,141757600
2017-06-26T00:00:00.000,34.17624600181138,34.43401357939867,33.760568542753184,33.86274719238281,102769600
2017-06-27T00:00:00.000,33.67464449999742,33.94170298522307,33.35185478153137,33.37739944458008,99047600
2017-06-28T00:00:00.000,33.5538811279786,33.9300810139464,33.2450243099109,33.86505889892578,88329600
2017-06-29T00:00:00.000,33.60497269002048,33.7025058690851,33.04066927982692,33.365779876708984,125997600
2017-06-30T00:00:00.000,33.54460208550732,33.66303804957136,33.38901314504274,33.44474792480469,92096400
2017-07-03T00:00:00.000,33.64445863982163,33.741991843491185,33.2311021151761,33.32398986816406,57111200
2017-07-05T00:00:00.000,33.36811078774491,33.623553864846315,33.14285427965996,33.46099853515625,86278400
2017-07-06T00:00:00.000,33.212507274266294,33.323973230889656,33.07085121844621,33.14516067504883,96515200
2017-07-07T00:00:00.000,33.18465798501413,33.61427185791482,33.18465798501413,33.481903076171875,76806800
2017-07-10T00:00:00.000,33.46564534206682,33.89293466698357,33.2937991046057,33.686256408691406,84362400
2017-07-11T00:00:00.000,33.60961209404422,33.86970409562724,33.52833622259411,33.79539108276367,79127200
2017-07-12T00:00:00.000,33.87436000484174,33.946348551163354,33.630528746253304,33.844173431396484,99538000
2017-07-13T00:00:00.000,33.788431492665154,34.482779229905475,33.77449868580418,34.31557846069336,100797600
2017-07-14T00:00:00.000,34.36202366897313,34.677846962729916,34.21340115093702,34.61050033569336,80528400
2017-07-17T00:00:00.000,34.55941190824262,35.04243239726825,34.50135618621704,34.73125457763672,95174000
2017-07-18T00:00:00.000,34.64766672901763,34.863635935662536,34.52458883727857,34.85202407836914,71475200
2017-07-19T00:00:00.000,34.94489871378533,35.16318879245551,34.821820868312145,35.0703010559082,83692000
2017-07-20T00:00:00.000,35.18175955795589,35.23749431408188,34.877548210576656,34.91238021850586,68974800
2017-07-21T00:00:00.000,34.83111891463383,34.93561852555064,34.57335131787063,34.896141052246094,105010400
2017-07-24T00:00:00.000,34.968131252101045,35.4000660686827,34.810217807955894,35.31878662109375,85972800
2017-07-25T00:00:00.000,35.25143268115461,35.725165780959614,35.25143268115461,35.469722747802734,75415600
2017-07-26T00:00:00.000,35.611383897063476,35.74607006372819,35.544037270290794,35.63692855834961,63124000
2017-07-27T00:00:00.000,35.704277472611,35.760012254548435,34.20644019952135,34.96348571777344,129905200
2017-07-28T00:00:00.000,34.80788244254401,34.88683736020618,34.6453271581103,34.717315673828125,68854800
2017-07-31T00:00:00.000,34.81021356914964,34.91007126526908,34.39918156054586,34.53851318359375,79383600
2017-08-01T00:00:00.000,34.624420787668,34.88450918894352,34.464186489225504,34.84503173828125,141474400
2017-08-02T00:00:00.000,36.988461510367614,37.09760655177292,36.26392722992396,36.49150466918945,279747200
2017-08-03T00:00:00.000,36.47062310163948,36.507779632313024,35.99921069197448,36.12693405151367,108389200
2017-08-04T00:00:00.000,36.24302755512729,36.55188087558903,36.1547817244582,36.31733703613281,82239600
2017-08-07T00:00:00.000,36.47292061637306,36.904855263401494,36.382353845710945,36.879310607910156,87481200
2017-08-08T00:00:00.000,36.830555011727434,37.58063402025614,36.75392102607237,37.17424392700195,144823600
2017-08-09T00:00:00.000,36.983815419747046,37.45058568678089,36.94898340434453,37.401817321777344,104526000
2017-08-10T00:00:00.000,37.2782609167138,37.30157582454633,36.049642824288746,36.210506439208984,163217200
2017-08-11T00:00:00.000,36.508920736715325,36.96819669849492,36.38535954469906,36.71407699584961,105028400
2017-08-14T00:00:00.000,37.143040395265025,37.350530238108185,37.010151843320834,37.2666015625,88490800
2017-08-15T00:00:00.000,37.45543995609141,37.81446600331374,37.33420885712396,37.67458724975586,117862000
2017-08-16T00:00:00.000,37.75386082862469,37.886745852628806,37.33654742570881,37.52305603027344,110686400
2017-08-17T00:00:00.000,37.42281687092265,37.467113073143686,36.798013460266056,36.802677154541016,111762400
2017-08-18T00:00:00.000,36.80266342005648,37.185004388718376,36.53688986327145,36.71873474121094,109712400
2017-08-21T00:00:00.000,36.718734394586384,36.809656832697826,36.16154231336909,36.651126861572266,105474000
2017-08-22T00:00:00.000,36.8889377058754,37.30158751380673,36.83998136438322,37.25029754638672,86418400
2017-08-23T00:00:00.000,37.084755546287134,37.41114285393085,37.04045936367374,37.296905517578125,77596400
2017-08-24T00:00:00.000,37.40182334806708,37.47409814181354,36.96353223652894,37.13138961791992,79275600
2017-08-25T00:00:00.000,37.219968655571314,37.43212217310998,37.131379852337375,37.26892852783203,101920400
2017-08-28T00:00:00.000,37.33421352733916,37.76784447658678,37.285253645188696,37.644283294677734,103864000
2017-08-29T00:00:00.000,37.32489867596714,38.02896350820053,37.30158376317266,37.98000717163086,118067600
2017-08-30T00:00:00.000,38.18748671607475,38.20846799747685,37.91005569301831,38.082576751708984,109078400
2017-08-31T00:00:00.000,38.15017168655731,38.3553314121105,38.11286927148325,38.234100341796875,107140400
2017-09-01T00:00:00.000,38.420632119313794,38.45327086292426,38.14786471399281,38.24578094482422,66364400
2017-09-05T00:00:00.000,38.175822255773944,38.29238965197478,37.432121698835864,37.7864875793457,117874000
2017-09-06T00:00:00.000,37.93337674337829,37.99865422321659,37.42281080243483,37.74686813354492,86606800
2017-09-07T00:00:00.000,37.78882782667486,37.8238001893692,37.38550552322698,37.5953254699707,87714000
2017-09-08T00:00:00.000,37.50207125663692,37.56967879635614,36.958866641662645,36.982181549072266,114446000
2017-09-11T00:00:00.000,37.41814080111383,37.779500504745165,37.27592841029202,37.651275634765625,126323200
2017-09-12T00:00:00.000,37.910049647749496,38.224783048013585,37.01481287713145,37.5020637512207,286856000
2017-09-13T00:00:00.000,37.27126446546717,37.29224930394388,36.81432218671921,37.219974517822266,179629600
2017-09-14T00:00:00.000,37.066097162345805,37.161679711360556,36.856273741729595,36.900569915771484,95042800
2017-09-15T00:00:00.000,36.944876753585625,37.5277138279372,36.835303099019114,37.273597717285156,196458400
2017-09-18T00:00:00.000,37.32721940826826,37.41814185365583,36.835304753131595,36.99150466918945,113077600
2017-09-19T00:00:00.000,37.18734572650744,37.247963075761696,36.93789323931518,37.00550079345703,83242400
2017-09-20T00:00:00.000,36.81197895992902,36.895907619878884,35.863122290701426,36.385345458984375,211805600
2017-09-21T00:00:00.000,36.322399497770945,36.322399497770945,35.61133770608045,35.76054382324219,150046800
2017-09-22T00:00:00.000,35.3292442965621,35.49943525352264,35.10077319981049,35.41084289550781,186581600
2017-09-25T00:00:00.000,34.96790237116252,35.39686970198637,34.774399991448774,35.09845733642578,177549200
2017-09-26T00:00:00.000,35.38519562953558,35.88410390242275,35.36421435369019,35.7022590637207,146640000
2017-09-27T00:00:00.000,35.85614028917769,36.070623922187686,35.795522952065745,35.95638656616211,102016800
2017-09-28T00:00:00.000,35.87710996692245,35.9680323858252,35.59967901870899,35.73489761352539,88022000
2017-09-29T00:00:00.000,35.718597940254405,35.93308161143979,35.4365031590803,35.930747985839844,105199200
2017-10-02T00:00:00.000,35.9633808883838,36.00767707931691,35.60435478254342,35.85847091674805,74795200
2017-10-03T00:00:00.000,35.90509005330215,36.15687606969623,35.881778707204724,36.01466369628906,64921200
2017-10-04T00:00:00.000,35.81650464609564,35.87012466029969,35.543737325116126,35.781532287597656,80655200
2017-10-05T00:00:00.000,35.944734753571076,36.238486984494706,35.914429637614404,36.226829528808594,85135200
2017-10-06T00:00:00.000,36.12890233441458,36.25013343349978,36.03331620710981,36.20583724975586,69630400
2017-10-09T00:00:00.000,36.3247361288286,36.539219738671264,36.25013483544445,36.331729888916016,65051600
2017-10-10T00:00:00.000,36.383028447383786,36.83531067933228,36.1592209568945,36.345726013183594,62468000
2017-10-11T00:00:00.000,36.36203860851548,36.59750349897214,36.31074866289442,36.497257232666016,67622400
2017-10-12T00:00:00.000,36.45065154394699,36.68844663614156,36.30610545321393,36.36905288696289,64500400
2017-10-13T00:00:00.000,36.53922473268391,36.66744961407022,36.464623429103604,36.5998420715332,65576800
2017-10-16T00:00:00.000,36.81198819310298,37.30157275850037,36.753704485667825,37.273597717285156,96486000
2017-10-17T00:00:00.000,37.25027686587202,37.504392935964724,37.122052018509535,37.41114044189453,75989200
2017-10-18T00:00:00.000,37.399482914666294,37.46709399648098,37.208314235005155,37.24561309814453,65496800
2017-10-19T00:00:00.000,36.54388324722262,36.62081816515201,36.1405610023398,36.3643684387207,170336800
2017-10-20T00:00:00.000,36.51123578682542,36.77700927734375,36.35969961211085,36.42730712890625,95896400
2017-10-23T00:00:00.000,36.576522059698476,36.763030628659415,36.25246479960394,36.40866470336914,87937200
2017-10-24T00:00:00.000,36.43663846459762,36.70008194240806,36.41565718513173,36.62548065185547,71028800
2017-10-25T00:00:00.000,36.58118609488452,36.730392239980006,36.19884512574264,36.46461868286133,84828400
2017-10-26T00:00:00.000,36.655795408310176,36.79567775628352,36.550885426008115,36.69776153564453,68002000
2017-10-27T00:00:00.000,37.13604505057401,38.14085914374413,36.99849635632413,38.01263427734375,177816800
2017-10-30T00:00:00.000,38.208460840162424,39.18296611854663,38.16882835248632,38.86823272705078,178803200
2017-10-31T00:00:00.000,39.14332987486318,39.55131575795525,38.91952246825695,39.40910339355469,144187200
2017-11-01T00:00:00.000,39.60261203671337,39.618933182180236,38.609458951518015,38.90787124633789,134551200
2017-11-02T00:00:00.000,38.84027411513797,39.283228983403035,38.53253435266287,39.19230651855469,165573600
2017-11-03T00:00:00.000,40.56546153192935,40.62607530874295,39.89403206477131,40.21575927734375,237594400
2017-11-06T00:00:00.000,40.18545788389442,40.79627368479755,40.03392163575447,40.62375259399414,140105200
2017-11-07T00:00:00.000,40.54448682935728,40.856886707046606,40.47221558752603,40.75430679321289,97446000
2017-11-08T00:00:00.000,40.71932360389682,41.087677001953125,40.642388695693164,41.087677001953125,97638000
2017-11-09T00:00:00.000,40.82423885297688,41.055043607575804,40.36496296870802,41.003753662109375,117930400
2017-11-10T00:00:00.000,40.971005926504496,41.034179626513755,40.7744694933025,40.86805725097656,100582000
2017-11-13T00:00:00.000,40.59430565493508,40.82827859819119,40.57090693255195,40.70427322387695,67928400
2017-11-14T00:00:00.000,40.486666151409715,40.589614791274506,40.05147644570856,40.08891296386719,99130000
2017-11-15T00:00:00.000,39.768374442386936,39.8502663861521,39.39635838500541,39.56013870239258,116632400
2017-11-16T00:00:00.000,40.051482941483414,40.21292482835104,39.8455891985037,40.03276824951172,94550000
2017-11-17T00:00:00.000,40.0187330732701,40.100625036439055,39.69117236088227,39.81049728393555,87598000
2017-11-20T00:00:00.000,39.84324483623426,39.9064185208818,39.672445613446854,39.770713806152344,65049600
2017-11-21T00:00:00.000,39.957898335272105,40.64109889041839,39.957898335272105,40.510074615478516,100525200
2017-11-22T00:00:00.000,40.56155111981388,40.945266618461126,40.4890200758842,40.935909271240234,102355600
2017-11-24T00:00:00.000,40.96865767179468,41.062245407058306,40.863367006944024,40.93824005126953,56106800
2017-11-27T00:00:00.000,40.956957323769124,40.96397622523732,40.55686208936625,40.73234176635742,82867200
2017-11-28T00:00:00.000,40.78148383440733,40.91484655268083,40.210589294086674,40.49369812011719,105715200
2017-11-29T00:00:00.000,40.39074919226411,40.45859977302255,39.11091694330612,39.65373229980469,166665600
2017-11-30T00:00:00.000,39.876011013279204,40.27610635732272,39.41040709429522,40.208255767822266,166108800
2017-12-01T00:00:00.000,39.76369314346366,40.16612681204002,39.424433156736974,40.02106475830078,159037200
2017-12-04T00:00:00.000,40.355649088115825,40.3884051547969,39.68882839422034,39.72860336303711,130169600
2017-12-05T00:00:00.000,39.555461202335145,40.131036155210275,39.40103821861945,39.691165924072266,109400800
2017-12-06T00:00:00.000,39.19046816116915,39.82219439660401,38.9471378700168,39.543766021728516,114240000
2017-12-07T00:00:00.000,39.54844071761512,39.87834337776579,39.52036511084257,39.616294860839844,102693200
2017-12-08T00:00:00.000,39.8900466501275,40.00937156075876,39.49931228026131,39.627994537353516,93420800
2017-12-11T00:00:00.000,39.58821818751698,40.451578851805564,39.49228843145303,40.40010452270508,141095200
2017-12-12T00:00:00.000,40.27844768152478,40.33460248281685,40.11700932183085,40.173160552978516,77636800
2017-12-13T00:00:00.000,40.36033514994437,40.60366545476763,40.24334867124888,40.306522369384766,95273600
2017-12-14T00:00:00.000,40.33694374857179,40.50774660897699,40.16146399867346,40.294830322265625,81906000
2017-12-15T00:00:00.000,40.62472328000438,40.75106709849942,40.35097536481199,40.70427322387695,160677200
2017-12-18T00:00:00.000,40.91717966240892,41.45999490432386,40.91249920502416,41.277496337890625,117684400
2017-12-19T00:00:00.000,40.9522792397837,41.03650963242742,40.732344127317134,40.83763122558594,109745600
2017-12-20T00:00:00.000,40.91484955400582,41.04353539345949,40.53581450883679,40.79318618774414,93902400
2017-12-21T00:00:00.000,40.751068709785024,41.18392009998116,40.73469245958435,40.94760513305664,83799600
2017-12-22T00:00:00.000,40.870393630311945,41.04353490041919,40.82828021252971,40.94760513305664,65397600
2017-12-26T00:00:00.000,39.96256901940401,40.11933042216135,39.7005169634749,39.908756256103516,132742000
2017-12-27T00:00:00.000,39.79879646451484,39.9578963418206,39.707547165438044,39.9157829284668,85992800
2017-12-28T00:00:00.000,40.0093655410203,40.208243932293136,39.88769863447187,40.02808380126953,65920800
2017-12-29T00:00:00.000,39.89706096551949,39.91343721247929,39.59289547342585,39.59523391723633,103999600
2018-01-02T00:00:00.000,39.812831542998936,40.31353343162475,39.60225378021744,40.30417251586914,102223600
2018-01-03T00:00:00.000,40.36734988159022,40.839976206320266,40.23398716613362,40.297157287597656,118071600
2018-01-04T00:00:00.000,40.36968122128297,40.587277867352185,40.262055690225814,40.48432922363281,89738400
2018-01-05T00:00:00.000,40.58026570794173,41.031831750925626,40.48901640769327,40.94526290893555,94640000
2018-01-08T00:00:00.000,40.79318618774414,41.08799082619294,40.6949144047839,40.79318618774414,82271200
2018-01-09T00:00:00.000,40.83998370927144,40.95930864188013,40.57325465921227,40.788509368896484,86336000
2018-01-10T00:00:00.000,40.51475348873273,40.78148248660823,40.477316963030724,40.77914047241211,95839600
2018-01-11T00:00:00.000,40.849330820735744,41.059908588629746,40.82593567106534,41.010772705078125,74670800
2018-01-12T00:00:00.000,41.221360299794604,41.49745028872458,41.09735489879511,41.43427658081055,101672400
2018-01-16T00:00:00.000,41.623777881825276,41.97239879142603,41.2119868591207,41.22368621826172,118263600
2018-01-17T00:00:00.000,41.21434447960485,41.93966224211498,40.96165676932959,41.90456771850586,137547200
2018-01-18T00:00:00.000,41.967727066089836,42.13852989077325,41.7056785034929,41.94198989868164,124773600
2018-01-19T00:00:00.000,41.78990102651753,42.01685503172588,41.509134252385074,41.75480651855469,129700400
2018-01-22T00:00:00.000,41.48340442098347,41.59571043645508,41.3196240713074,41.413211822509766,108434400
2018-01-23T00:00:00.000,41.48339306556889,41.98409489474454,41.371087080839246,41.42255783081055,130756400
2018-01-24T00:00:00.000,41.471690023202605,41.48338938039704,40.5240992127342,40.762752532958984,204420400
2018-01-25T00:00:00.000,40.83060927185792,40.93355791852135,39.89939813455858,40.03510284423828,166116000
2018-01-26T00:00:00.000,40.24334446403802,40.24334446403802,39.78943640292996,40.12869644165039,156572000
2018-01-29T00:00:00.000,39.812831581035425,39.812831581035425,39.08985613945785,39.298091888427734,202561600
2018-01-30T00:00:00.000,38.72954563542,39.160055045574445,38.53534764091524,39.06646728515625,184192800
2018-01-31T00:00:00.000,39.04305944765361,39.41039864035675,38.95649061096402,39.1740837097168,129915600
2018-02-01T00:00:00.000,39.113250200696385,39.452510199787405,39.0173204525661,39.25597381591797,188923200
2018-02-02T00:00:00.000,38.83951323797398,39.026692329053304,37.459074135284396,37.55266189575195,346375200
2018-02-05T00:00:00.000,37.22510679355654,38.3434974799568,36.499789044737824,36.614437103271484,290954000
2018-02-06T00:00:00.000,36.22601931059545,38.30603794879191,36.03182140318713,38.144596099853516,272975200
2018-02-07T00:00:00.000,38.1586457232369,38.23117676302514,37.218077079981796,37.328041076660156,206434400
2018-02-08T00:00:00.000,37.50352025097628,37.66964260600261,36.27282389580829,36.300899505615234,217562000
2018-02-09T00:00:00.000,36.89995612086624,37.09259424286847,35.29540556303041,36.744903564453125,282690400
2018-02-12T00:00:00.000,37.235912711121244,38.50216852680545,37.00333379549357,38.22495651245117,243278000
2018-02-13T00:00:00.000,38.046400822690046,38.704196688200184,37.9759220541177,38.60787582397461,130196800
2018-02-14T00:00:00.000,38.30247598263867,39.359646916272006,38.26489040714786,39.31970977783203,162579600
2018-02-15T00:00:00.000,39.888234303148494,40.66349374207075,39.702643640911546,40.6400032043457,204588800
2018-02-16T00:00:00.000,40.49200271994035,41.0699245010743,40.35339670210545,40.508445739746094,160704400
2018-02-20T00:00:00.000,40.419169411304395,40.938355795703735,40.271164333497524,40.37218475341797,135722000
2018-02-21T00:00:00.000,40.60241967016987,40.905473817137164,40.17485095873198,40.18894958496094,149886400
2018-02-22T00:00:00.000,40.36043898474452,40.865530346416314,40.33929642572378,40.52488708496094,123967600
2018-02-23T00:00:00.000,40.799747265758924,41.264901443927855,40.76920562691521,41.22966384887695,135249600
2018-02-26T00:00:00.000,41.42934608991008,42.14352204456397,41.39645647853849,42.04485321044922,152648800
2018-02-27T00:00:00.000,42.075395661320265,42.39959224122291,41.85456387295106,41.90859603881836,155712400
2018-02-28T00:00:00.000,42.112981691914705,42.43248231982833,41.828722238848975,41.84516525268555,151128400
2018-03-01T00:00:00.000,41.943845113754676,42.23515574611324,40.562477446370096,41.112205505371094,195208000
2018-03-02T00:00:00.000,40.595371296980964,41.41761549275726,40.51314544352325,41.3964729309082,153816000
2018-03-05T00:00:00.000,41.16153583908132,41.75590049541586,40.9994357355902,41.53976821899414,113605600
2018-03-06T00:00:00.000,41.79583096044218,41.875705218061974,41.37766151208119,41.504520416259766,95154000
2018-03-07T00:00:00.000,41.098112505222474,41.311896844788045,40.94071191221156,41.11925506591797,126814000
2018-03-08T00:00:00.000,41.22495269214697,41.61023248984186,41.128635431247034,41.56794738769531,95096400
2018-03-09T00:00:00.000,41.807585336347394,42.286834550653744,41.67367530628129,42.282135009765625,128740800
2018-03-12T00:00:00.000,42.35495548786584,42.84830325175137,42.33616449649583,42.69090270996094,128828400
2018-03-13T00:00:00.000,42.8953039621089,43.109088312159365,42.10830095845635,42.2797966003418,126774000
2018-03-14T00:00:00.000,42.362024325965244,42.40900899345874,41.77235545711568,41.92036056518555,117473600
2018-03-15T00:00:00.000,41.93443938062553,42.34321335751653,41.83342256383751,41.96967697143555,90975200
2018-03-16T00:00:00.000,41.96967198072841,42.08008786506861,41.7276976600761,41.82167053222656,157618800
2018-03-19T00:00:00.000,41.65721989548296,41.692457479910786,40.79738698846086,41.18266677856445,133787200
2018-03-20T00:00:00.000,41.168582916259766,41.53506823255151,41.09810414358075,41.168582916259766,78597600
2018-03-21T00:00:00.000,41.12160713222426,41.13335419534506,40.233583647737255,40.23593521118164,148219600
2018-03-22T00:00:00.000,39.93757248715271,40.56717485041183,39.608676265256136,39.66740798950195,165963200
2018-03-23T00:00:00.000,39.55933735467391,39.91877519588673,38.74884033203125,38.74884033203125,164115200
2018-03-26T00:00:00.000,39.48416225720845,40.665844171294374,39.10123029749921,40.58831787109375,150164800
2018-03-27T00:00:00.000,40.80210484250869,41.14744769404664,39.2140001889255,39.5475959777832,163690400
2018-03-28T00:00:00.000,39.291517090797406,39.94226549266874,38.80756833575712,39.11062240600586,166674000
2018-03-29T00:00:00.000,39.42307077251929,40.34868305635966,39.209286496871094,39.41602325439453,153594000
2018-04-02T00:00:00.000,39.148208721137635,39.688541173485575,38.63841790528605,39.1576042175293,150347200
2018-04-03T00:00:00.000,39.38313106090376,39.64389996852914,38.73473434302113,39.559326171875,121112000
2018-04-04T00:00:00.000,38.734739239828905,40.40976520228885,38.70889714356491,40.3157958984375,138422000
2018-04-05T00:00:00.000,40.54367179938673,40.93129962590363,40.42620838714539,40.59535598754883,107732800
2018-04-06T00:00:00.000,40.16543587906482,40.52017406183975,39.51468762968835,39.556976318359375,140021200
2018-04-09T00:00:00.000,39.909369358770874,40.66348244410769,39.90232184094147,39.94930648803711,116070800
2018-04-10T00:00:00.000,40.64234860462888,40.877275475175864,40.29700581814884,40.701080322265625,113634400
2018-04-11T00:00:00.000,40.46145555647489,40.858482557401416,40.336944596796116,40.51079177856445,89726400
2018-04-12T00:00:00.000,40.73866827270133,41.11220112545618,40.65174289558331,40.91016387939453,91557200
2018-04-13T00:00:00.000,41.06051796495608,41.30953987307731,40.84203769697408,41.048770904541016,100497200
2018-04-16T00:00:00.000,41.11926106098235,41.39177716534522,41.07227639101992,41.30485534667969,86313600
2018-04-17T00:00:00.000,41.46224528009664,42.03781540441986,41.44345070001389,41.87336730957031,106421600
2018-04-18T00:00:00.000,41.77235235146113,42.00963081941792,41.553872050744566,41.77939987182617,83018000
2018-04-19T00:00:00.000,40.82088373162085,41.20381560263127,40.56246637550921,40.59535598754883,139235200
2018-04-20T00:00:00.000,40.07852353288215,40.22417703818973,38.863948518722765,38.93207931518555,261964400
2018-04-23T00:00:00.000,39.192834317279214,39.213976866709146,38.54913366306017,38.81930160522461,146062000
2018-04-24T00:00:00.000,38.92032177362146,39.07537431895239,37.8748982507661,38.27897262573242,134768000
2018-04-25T00:00:00.000,38.20379973161242,38.8615955688351,38.1544671050226,38.44577407836914,113528400
2018-04-26T00:00:00.000,38.55619871850129,38.934431141828505,38.380003557038926,38.57969284057617,111852000
2018-04-27T00:00:00.000,38.52800286600505,38.60552915559445,37.73630053958174,38.13332748413086,142623200
2018-04-30T00:00:00.000,38.08868661521634,39.2938587686988,38.02055582973188,38.824005126953125,169709600
2018-05-01T00:00:00.000,39.0941813984154,39.74962579014744,38.82636490930883,39.72613525390625,214277600
2018-05-02T00:00:00.000,41.166232425025626,41.758249112359714,40.83028873791382,41.48103713989258,266157600
2018-05-03T00:00:00.000,41.31894611945424,41.699526566932896,40.98065079516202,41.55622100830078,136272800
2018-05-04T00:00:00.000,41.875707585559574,43.28526857020674,41.85691300893374,43.18659973144531,224805200
2018-05-07T00:00:00.000,43.50374991083004,44.08871902485771,43.40273309167816,43.499053955078125,169805600
2018-05-08T00:00:00.000,43.45911943850207,43.748078461393405,43.149014274658285,43.7081413269043,113611200
2018-05-09T00:00:00.000,43.82560566387086,44.0252913404696,43.51315251551119,44.01589584350586,92844800
2018-05-10T00:00:00.000,44.10516372024267,44.7230188366596,44.08401758147566,44.64549255371094,111957200
2018-05-11T00:00:00.000,44.687948193562164,44.82237098712518,44.206847378072545,44.4756965637207,104848800
2018-05-14T00:00:00.000,44.5747493038135,44.69738334833763,44.30354306537909,44.37193298339844,83115200
2018-05-15T00:00:00.000,44.04883689689626,44.117230403575014,43.65263963890767,43.96865463256836,94780800
2018-05-16T00:00:00.000,43.88140178124538,44.445041913162775,43.864891761356354,44.379005432128906,76732400
2018-05-17T00:00:00.000,44.33655939327812,44.55116807100797,43.94979380634148,44.09836959838867,69176000
2018-05-18T00:00:00.000,44.14553369993248,44.29174885556378,43.89555155700583,43.9379997253418,73190800
2018-05-21T00:00:00.000,44.33655123563415,44.6360597967801,44.07949443520042,44.24929428100586,73603200
2018-05-22T00:00:00.000,44.426178333735365,44.5440947186547,44.0488444625845,44.13846206665039,60962800
2018-05-23T00:00:00.000,43.94744041579675,44.45447945827249,43.808296339379034,44.42146301269531,80233600
2018-05-24T00:00:00.000,44.51815174366573,44.53465816586804,43.914420445273656,44.37193298339844,92936000
2018-05-25T00:00:00.000,44.39080379663419,44.72568591712509,44.254020350486186,44.47334671020508,69844000
2018-05-29T00:00:00.000,44.24222988370924,44.51343613465707,44.07006936758996,44.3129768371582,90056400
2018-05-30T00:00:00.000,44.27053814188577,44.336571044921875,44.04885471089743,44.21865463256836,74762000
2018-05-31T00:00:00.000,44.152607446031645,44.39079722646225,43.8979076459214,44.070064544677734,109931200
2018-06-01T00:00:00.000,44.33420625434989,44.8695440818223,44.27760509085612,44.864830017089844,93770000
2018-06-04T00:00:00.000,45.19499069863809,45.614772730208344,45.12660078050418,45.23979949951172,105064800
2018-06-05T00:00:00.000,45.53223148269539,45.73740482688072,45.36478864422395,45.588829040527344,86264000
2018-06-06T00:00:00.000,45.664302117185684,45.77042614795653,45.26102648202931,45.74684143066406,83734400
2018-06-07T00:00:00.000,45.78457874591241,45.798728137869944,45.360078994572234,45.62421417236328,85388800
2018-06-08T00:00:00.000,45.08414969878442,45.27989132749158,44.753985263930446,45.20914077758789,106627200
2018-06-11T00:00:00.000,45.126603314070564,45.27281848426944,44.85775409225702,45.09830093383789,73234000
2018-06-12T00:00:00.000,45.13604095178425,45.423757265251474,45.0794397824303,45.34593200683594,67644400
2018-06-13T00:00:00.000,45.37894121591051,45.48742587356639,44.91199333844062,44.97330856323242,86553600
2018-06-14T00:00:00.000,45.17377707960222,45.178494743556236,44.86011899933952,44.99690246582031,86440400
2018-06-15T00:00:00.000,44.81529807845651,44.84595748808827,44.397873095137925,44.5346565246582,246876800
2018-06-18T00:00:00.000,44.308250164705925,44.624265128597806,44.14788205263503,44.51106643676758,73939600
2018-06-19T00:00:00.000,43.662077454917885,43.94271901773257,43.26351951098928,43.791786193847656,134314000
2018-06-20T00:00:00.000,43.947433686908205,44.147889362033595,43.80121493729202,43.98280715942383,82514800
2018-06-21T00:00:00.000,44.15966866210472,44.419086045589594,43.61489575530754,43.73752975463867,102847600
2018-06-22T00:00:00.000,43.893201441575606,43.900276137993096,43.558319283229636,43.61020278930664,108801600
2018-06-25T00:00:00.000,43.25173563934805,43.610202515853324,42.62206247247789,42.96166229248047,126652400
2018-06-26T00:00:00.000,43.15503658085031,43.989882939520605,43.04890896364015,43.494632720947266,98276800
2018-06-27T00:00:00.000,43.68330462576194,44.16676254218602,43.40030601080136,43.430965423583984,101141200
2018-06-28T00:00:00.000,43.416810535835204,43.91441778022943,43.34605999142176,43.74697494506836,69460800
2018-06-29T00:00:00.000,43.93330272014564,44.14555445719304,43.13619008557115,43.65502166748047,90950800
2018-07-02T00:00:00.000,43.35077861799314,44.171475595281485,43.25644335717007,44.14317321777344,70925200
2018-07-03T00:00:00.000,44.287030725676225,44.32476482948047,43.28474153395483,43.374359130859375,55819200
2018-07-05T00:00:00.000,43.69037223212883,43.96158204295714,43.459257153905625,43.723388671875,66416800
2018-07-06T00:00:00.000,43.72811255310879,44.43796790786526,43.67622905491156,44.32948684692383,69940800
2018-07-09T00:00:00.000,44.690307514477155,44.96858844083861,44.64314168271515,44.94500732421875,79026400
2018-07-10T00:00:00.000,44.975650791495475,45.110073544293925,44.850656163776186,44.890750885009766,63756400
2018-07-11T00:00:00.000,44.45447320956941,44.75633884056429,44.24458220679138,44.308258056640625,75326000
2018-07-12T00:00:00.000,44.69738684416554,45.14075362545193,44.64550334429064,45.0511360168457,72164400
2018-07-13T00:00:00.000,45.062917581615146,45.242149157373184,45.02046581983031,45.12187576293945,50055600
2018-07-16T00:00:00.000,45.1666852570409,45.43317379376515,44.9072678157817,45.0228271484375,60172400
2018-07-17T00:00:00.000,44.749269628425964,45.24923396629142,44.61956088081296,45.150184631347656,62138000
2018-07-18T00:00:00.000,45.2279962158199,45.23271387754126,44.79170426889305,44.90254592895508,65573600
2018-07-19T00:00:00.000,44.735120184452185,45.40960207271725,44.735120184452185,45.25159454345703,81147200
2018-07-20T00:00:00.000,45.22802089293349,45.38131079656055,44.84832988393305,45.1478385925293,82704800
2018-07-23T00:00:00.000,44.968585665291265,45.270454886685215,44.70445414490889,45.18791198730469,63957600
2018-07-24T00:00:00.000,45.38600402866482,45.67136318928386,45.29167238467854,45.51571273803711,74791600
2018-07-25T00:00:00.000,45.5298744916329,45.95201716965976,45.381298693402805,45.944942474365234,66839600
2018-07-26T00:00:00.000,45.89542192224151,46.21379764560685,45.65958911931103,45.801090240478516,76304000
2018-07-27T00:00:00.000,45.98502488495066,46.03219071080195,44.83180299005585,45.03933334350586,96096000
2018-07-30T00:00:00.000,45.256299767040694,45.32705030624448,44.58889630312897,44.78699493408203,84118000
2018-07-31T00:00:00.000,44.87897424756083,45.31290565554583,44.65257321814302,44.87661361694336,157492000
2018-08-01T00:00:00.000,46.96138309102007,47.58162086147488,46.53216569994232,47.52030563354492,271742800
2018-08-02T00:00:00.000,47.30333835907744,49.142834720583664,47.24909782850807,48.909358978271484,249616000
2018-08-03T00:00:00.000,48.82445271161577,49.227728287281295,48.458911238642635,49.05085372924805,133789600
2018-08-06T00:00:00.000,49.05320687813959,49.34799778485918,48.833884170830686,49.30554962158203,101701600
2018-08-07T00:00:00.000,49.364510878106664,49.40695904402814,48.76077604077673,48.843318939208984,102349600
2018-08-08T00:00:00.000,48.59333278441692,49.00839707707768,48.23250900989143,48.8763313293457,90102000
2018-08-09T00:00:00.000,49.41402819724811,49.472986375653505,48.86453754268723,49.260738372802734,93970400
2018-08-10T00:00:00.000,49.07377431142519,49.48556364698092,48.91047847816788,49.11400604248047,98444800
2018-08-13T00:00:00.000,49.535267986992444,49.9233899602011,49.154245519727546,49.43113708496094,103563600
2018-08-14T00:00:00.000,49.73643570353363,49.831098200524664,49.28677981496923,49.639404296875,82992000
2018-08-15T00:00:00.000,49.513965632846634,49.873689554409076,49.30333854683576,49.7553596496582,115230400
2018-08-16T00:00:00.000,50.11272951755133,50.60024829186361,50.046465040138585,50.48428726196289,114001600
2018-08-17T00:00:00.000,50.51268656154246,51.580021345614256,50.446422082464224,51.49245834350586,141708000
2018-08-20T00:00:00.000,51.61551211353429,51.87110156077517,50.90789789788546,50.99073028564453,121150800
2018-08-21T00:00:00.000,51.30786204293562,51.4001592504967,50.65231317269027,50.89133834838867,104639200
2018-08-22T00:00:00.000,50.66887351875901,51.20372346063428,50.607339648826624,50.893699645996094,76072400
2018-08-23T00:00:00.000,50.799032430245035,51.367018204194856,50.78720232734104,50.99782943725586,75532800
2018-08-24T00:00:00.000,51.26053733952983,51.33153242276879,50.90791277782073,51.15640640258789,73905600
2018-08-27T00:00:00.000,51.39068866042055,51.766980593315445,51.19662944732842,51.57765197753906,82100400
2018-08-28T00:00:00.000,51.83086765400602,52.19295690212046,51.809569136150444,51.994163513183594,91107200
2018-08-29T00:00:00.000,52.10066840120375,52.89111510335813,51.92554241033305,52.770416259765625,109019200
2018-08-30T00:00:00.000,52.83430383105253,54.01996820716036,52.63314154334192,53.255558013916016,195175200
2018-08-31T00:00:00.000,53.605818652582734,54.164336015200355,53.485123435107745,53.870880126953125,173360400
2018-09-04T00:00:00.000,54.05547003518039,54.23769549548698,53.63421584694756,54.043636322021484,109560400
2018-09-05T00:00:00.000,54.19274617173465,54.35367315366947,53.27213940080851,53.69102478027344,133332000
2018-09-06T00:00:00.000,53.539551857299855,53.80461332013757,52.372820639044484,52.79880905151367,137160000
2018-09-07T00:00:00.000,52.502993086702105,53.336033220872075,52.23320098200579,52.37282943725586,150479200
2018-09-10T00:00:00.000,52.28999240596996,52.50298843468489,51.229757303877285,51.669944763183594,158066000
2018-09-11T00:00:00.000,51.59420698255603,53.08279929926548,51.251050959636466,52.97630310058594,142996000
2018-09-12T00:00:00.000,53.23427003403245,53.24846904799571,52.02730329115404,52.318397521972656,197114800
2018-09-13T00:00:00.000,52.898202785670925,54.04127012385356,52.67337668396493,53.582149505615234,166825600
2018-09-14T00:00:00.000,53.425955304406166,53.683913646067786,52.66154508348513,52.973934173583984,127997200
2018-09-17T00:00:00.000,52.573984830581786,52.763313434962186,51.41908720503265,51.56344985961914,148780400
2018-09-18T00:00:00.000,51.542147486225396,52.502989516991164,51.383585819005404,51.64864730834961,126286800
2018-09-19T00:00:00.000,51.710183596350696,51.97524150544351,50.95287270526893,51.67941665649414,108495200
2018-09-20T00:00:00.000,52.12196959989954,52.60475413219068,51.864007604400776,52.072269439697266,106435200
2018-09-21T00:00:00.000,52.24975675278797,52.38701988693208,51.4238126496448,51.51137924194336,384986800
2018-09-24T00:00:00.000,51.31259603061541,52.363362846345964,51.26763007640745,52.252132415771484,110773600
2018-09-25T00:00:00.000,52.00599973120798,52.73254717183654,51.99416601700422,52.58345031738281,98217600
2018-09-26T00:00:00.000,52.30182536778894,52.95263993684514,52.008365862094074,52.1645622253418,95938800
2018-09-27T00:00:00.000,52.969210122012925,53.589257782363156,52.902942040808725,53.23663330078125,120724800
2018-09-28T00:00:00.000,53.19877707971044,53.44727069576023,53.01655155759828,53.423606872558594,91717600
2018-10-01T00:00:00.000,53.946613444314615,54.294503721470214,53.56795984146107,53.78331756591797,94403200
2018-10-02T00:00:00.000,53.78095239271763,54.43176699813006,53.634224437244896,54.26137161254883,99152800
2018-10-03T00:00:00.000,54.44359227101489,55.252968421450255,54.3796931085446,54.92164611816406,114619200
2018-10-04T00:00:00.000,54.616356932476414,54.9879146101768,53.65788386972213,53.956077575683594,128168000
2018-10-05T00:00:00.000,53.948973788434415,54.055469984480176,52.202423173171816,53.08042907714844,134322000
2018-10-08T00:00:00.000,52.588185792016155,53.201133924424155,52.112497192021806,52.957374572753906,118655600
2018-10-09T00:00:00.000,52.92661439379682,53.78569089712608,52.59765731141301,53.69102478027344,107564000
2018-10-10T00:00:00.000,53.357325953618734,53.56795305429234,51.13035612450343,51.20372009277344,167962400
2018-10-11T00:00:00.000,50.76828072475724,51.946845968410145,50.247629687849226,50.751712799072266,212497600
2018-10-12T00:00:00.000,52.16455469028346,52.74673940959206,51.3173121403392,52.564510345458984,161351600
2018-10-15T00:00:00.000,52.33969592325769,52.498257597389845,51.419089204933876,51.44038772583008,123164000
2018-10-16T00:00:00.000,51.81194102118885,52.77278307881881,51.29838956224378,52.5739860534668,116736000
2018-10-17T00:00:00.000,52.60948287919308,52.68994635769821,51.90896816755255,52.3467903137207,91541600
2018-10-18T00:00:00.000,51.55871374421379,52.003635406378,50.408546758242004,51.123260498046875,130325200
2018-10-19T00:00:00.000,51.606045917308556,52.363356709270114,51.456949057386716,51.90187072753906,132314800
2018-10-22T00:00:00.000,52.01547032624564,52.860347780678396,51.81431160695901,52.218997955322266,115168400
2018-10-23T00:00:00.000,51.078287604430955,52.834302974316415,50.81086086158225,52.711238861083984,155071200
2018-10-24T00:00:00.000,52.6804974037053,53.06625060137818,50.77301549598913,50.90317916870117,163702000
2018-10-25T00:00:00.000,51.523207952463075,52.39174900713424,51.296012949803654,52.017826080322266,119423200
2018-10-26T00:00:00.000,51.09485949880697,52.110132264199265,50.33044920447651,51.18952560424805,189033600
2018-10-29T00:00:00.000,51.87346856312014,51.99179847777258,48.77322335476921,50.22868347167969,183742000
2018-10-30T00:00:00.000,49.97072476050618,50.924463645690075,49.52580670807782,50.47954559326172,146640000
2018-10-31T00:00:00.000,51.32679788424771,52.17167181022206,51.26526400197315,51.79538345336914,153435600
2018-11-01T00:00:00.000,51.840353257280604,52.62369697025783,51.31023376654297,52.5905647277832,233292800
2018-11-02T00:00:00.000,49.59207191479913,50.562375125777734,48.61703088459364,49.1021842956543,365314800
2018-11-05T00:00:00.000,48.349609382233005,48.37090790263362,46.898883307010784,47.70825958251953,264654800
2018-11-06T00:00:00.000,47.786352370196695,48.449000615453585,47.73192162049639,48.22417449951172,127531600
2018-11-07T00:00:00.000,48.74483182553473,49.712769789684685,48.30937854826853,49.686737060546875,133697600
2018-11-08T00:00:00.000,49.86722171346018,49.900469550137,49.1001442948678,49.513370513916016,101450400
2018-11-09T00:00:00.000,48.81516253903021,48.924403878426105,48.03145938671116,48.558677673339844,137463200
2018-11-12T00:00:00.000,47.259635249162585,47.46149946228675,46.02233365648393,46.112579345703125,204542000
2018-11-13T00:00:00.000,45.509362481467676,46.82740454065561,45.46661319307252,45.651851654052734,187531600
2018-11-14T00:00:00.000,46.048446081058614,46.186188133069685,44.15568598291519,44.362300872802734,243204000
2018-11-15T00:00:00.000,44.73991147050331,45.59011034254825,44.38605662645267,45.45711898803711,185915200
2018-11-16T00:00:00.000,45.241013000523054,46.3025740679151,44.99402953711943,45.960594177246094,147713200
2018-11-19T00:00:00.000,45.122266527022944,45.28850573158445,43.93246490893677,44.139076232910156,167701200
2018-11-20T00:00:00.000,42.36030195645278,43.09650870762466,41.68109304931267,42.03019714355469,271300800
2018-11-21T00:00:00.000,42.683278202549936,42.81152243279849,41.9280758696672,41.982696533203125,124496800
2018-11-23T00:00:00.000,41.545728433984664,41.939955371122814,40.871270248544576,40.91638946533203,94496000
2018-11-26T00:00:00.000,41.37948832190566,41.548101052609525,40.43429311450375,41.469730377197266,179994000
2018-11-27T00:00:00.000,40.73115163840486,41.50535696963446,40.581538183046156,41.37948989868164,165549600
2018-11-28T00:00:00.000,41.97082618812788,43.05375986988433,41.54335141276549,42.97064208984375,184250000
2018-11-29T00:00:00.000,43.379113691168406,43.41236152494973,42.201183707394755,42.640533447265625,167080000
2018-11-30T00:00:00.000,42.81627748733265,42.82577894068575,42.04207573121886,42.410179138183594,158126000
2018-12-03T00:00:00.000,43.80659488375015,43.92058695583574,43.034766692325256,43.89208984375,163210000
2018-12-04T00:00:00.000,42.97302165192976,43.31500152005368,41.86159070426997,41.961334228515625,165377200
2018-12-06T00:00:00.000,40.790533023797565,41.50774068534604,40.47230312963953,41.493492126464844,172393600
2018-12-07T00:00:00.000,41.20138228468355,41.43886790910072,39.96883131415951,40.013954162597656,169126400
2018-12-10T00:00:00.000,39.18512221335925,40.39392299254589,38.78852171429132,40.277557373046875,248104000
2018-12-11T00:00:00.000,40.76677646859411,40.797647130558154,39.66009277068402,40.04719543457031,189126800
2018-12-12T00:00:00.000,40.46754567904434,40.828524813618266,40.13981800799348,40.158817291259766,142510800
2018-12-13T00:00:00.000,40.488922255315906,40.982892750447746,40.26568520596623,40.59816360473633,127594400
2018-12-14T00:00:00.000,40.13506061883299,40.1540598989454,39.2516140241877,39.299110412597656,162814800
2018-12-17T00:00:00.000,39.29198198890727,39.98069223126717,38.64602102822434,38.933380126953125,177151600
2018-12-18T00:00:00.000,39.275366243130854,39.78595878885459,39.04025421520292,39.439231872558594,135366000
2018-12-19T00:00:00.000,39.422612313422675,39.766965732375674,37.78158583477407,38.20906066894531,196189200
2018-12-20T00:00:00.000,38.09268708722474,38.498789039513056,36.88151275562685,37.24486541748047,259092000
2018-12-21T00:00:00.000,37.251995476406,37.56072751526206,35.53497541336422,35.796207427978516,382978400
2018-12-24T00:00:00.000,35.18349332626678,35.99094661247746,34.81301633704648,34.87001419067383,148676800
2018-12-26T00:00:00.000,35.219118612948485,37.339863486779244,34.843890893788085,37.32561492919922,234330000
2018-12-27T00:00:00.000,37.009754069156195,37.23061755574268,35.63946480198552,37.0833740234375,212468400
2018-12-28T00:00:00.000,37.40397507190618,37.64621135368628,36.703393406418876,37.10236740112305,169165600
2018-12-31T00:00:00.000,37.648591489285586,37.84570497009902,37.16174528956495,37.46097946166992,140014000
2019-01-02T00:00:00.000,36.78414211195393,37.72458662290483,36.62740075617171,37.50372314453125,148158800
2019-01-03T00:00:00.000,34.19317547745964,34.60640172363963,33.72295500680148,33.7680778503418,365248800
2019-01-04T00:00:00.000,34.323789806748884,35.27848283128066,34.15042635194018,35.20960998535156,234428400
2019-01-07T00:00:00.000,35.3141057597988,35.34498004544206,34.64914539714357,35.13124084472656,219111200
2019-01-08T00:00:00.000,35.51834447775036,36.05506423362693,35.271361057087084,35.80095291137695,164101200
2019-01-09T00:00:00.000,35.92918325716199,36.698637657876624,35.53496004218134,36.408905029296875,180396400
2019-01-10T00:00:00.000,36.2165556097032,36.56565974711911,35.82707935334201,36.52528762817383,143122800
2019-01-11T00:00:00.000,36.30680629526423,36.501542638359126,35.98144849990563,36.16668701171875,108092800
2019-01-14T00:00:00.000,35.824705095839064,35.924448615457706,35.43760239866407,35.622840881347656,129756800
2019-01-15T00:00:00.000,35.68696070331559,36.42791458616587,35.634713583499995,36.35192108154297,114843600
2019-01-16T00:00:00.000,36.354304671895996,37.019265233747724,36.33530538455812,36.79602813720703,122278800
2019-01-17T00:00:00.000,36.62027276354135,37.44197439864599,36.3970357565118,37.01449966430664,119284800
2019-01-18T00:00:00.000,37.40397730943639,37.49422298571699,37.042998228056234,37.242488861083984,135004000
2019-01-22T00:00:00.000,37.1451202112431,37.22111371203419,36.24504783922982,36.40653991699219,121576000
2019-01-23T00:00:00.000,36.608400270150376,36.8435122960888,36.02656133084995,36.55377960205078,92522400
2019-01-24T00:00:00.000,36.5988935379738,36.68676202055043,36.03605401661936,36.2640380859375,101766000
2019-01-25T00:00:00.000,36.92425809596469,37.5535970765076,36.6487775687618,37.46572494506836,134142000
2019-01-28T00:00:00.000,36.99788711221388,37.126131390060124,36.492045151523456,37.1190071105957,104768400
2019-01-29T00:00:00.000,37.10712999950282,37.553604147254646,36.59891089197935,36.734275817871094,166348800
2019-01-30T00:00:00.000,38.76952042341593,39.45822714683114,38.052312966631995,39.24449157714844,244439200
2019-01-31T00:00:00.000,39.44873274205534,40.13506597381766,39.080629341215584,39.527103424072266,162958400
2019-02-01T00:00:00.000,39.65060250317511,40.13032086817942,39.405988969666886,39.54610824584961,130672400
2019-02-04T00:00:00.000,39.75745937470211,40.7667730276874,39.72658509160154,40.669403076171875,125982000
2019-02-05T00:00:00.000,41.05175531049415,41.57897355982607,40.930638975712235,41.365234375,144406400
2019-02-06T00:00:00.000,41.476856235107945,41.69534616359386,41.0493850783774,41.37948989868164,112958400
2019-02-07T00:00:00.000,40.94250628344394,41.30823605002897,40.453286643231856,40.59577941894531,126966800
2019-02-08T00:00:00.000,40.30481062542633,40.70311205010361,40.16886153665804,40.64348602294922,95280000
2019-02-11T00:00:00.000,40.79613104681893,40.83429258000177,40.366822896722226,40.409751892089844,83973600
2019-02-12T00:00:00.000,40.569552249159045,40.784204501347254,40.47414841763224,40.75796890258789,89134000
2019-02-13T00:00:00.000,40.87722227186637,41.13719089744632,40.52662091325393,40.58863067626953,89960800
2019-02-14T00:00:00.000,40.47654256965909,40.84622110600096,40.39783576019398,40.73651123046875,87342800
2019-02-15T00:00:00.000,40.84382522454604,40.951151336695425,40.48606909119235,40.64586639404297,98507200
2019-02-19T00:00:00.000,40.476530193148335,40.88914124452737,40.42405900288239,40.76750183105469,75891200
2019-02-20T00:00:00.000,40.82951887269788,41.33753378782997,40.781818778905716,41.02986145019531,104457600
2019-02-21T00:00:00.000,40.97501734607539,41.11096283125137,40.61726108922249,40.79852294921875,68998800
2019-02-22T00:00:00.000,40.922542033388446,41.26121748586465,40.874841931781916,41.25406265258789,75652800
2019-02-25T00:00:00.000,41.537879662607395,41.945719682081254,41.48779219461515,41.55457305908203,87493600
2019-02-26T00:00:00.000,41.430558762837144,41.809779499488094,41.30176447990518,41.57843017578125,68280800
2019-02-27T00:00:00.000,41.311300281596466,41.73822105568102,41.196815683559215,41.70721435546875,111341600
2019-02-28T00:00:00.000,41.576030959484804,41.71674748644375,41.24212308008143,41.29697799682617,112861600
2019-03-01T00:00:00.000,41.56650302616348,41.77400047236852,41.234982402793754,41.73107147216797,103544800
2019-03-04T00:00:00.000,41.90279457840128,42.394112543739396,41.4925671504077,41.940956115722656,109744800
2019-03-05T00:00:00.000,41.9624192242437,41.97672889044358,41.62851124268091,41.86463165283203,78949600
2019-03-06T00:00:00.000,41.65952676706904,41.855101951305556,41.485419725962615,41.62375259399414,83241600
2019-03-07T00:00:00.000,41.46871346445025,41.60466257047475,41.027482991072056,41.141963958740234,99185600
2019-03-08T00:00:00.000,40.622028843980345,41.27791526082564,40.426453692828076,41.23975372314453,95997600
2019-03-11T00:00:00.000,41.8550995148253,42.7208672064059,41.82170907547074,42.66839599609375,128044000
2019-03-12T00:00:00.000,42.93074174869042,43.56754731458191,42.7804829879991,43.14778137207031,129870400
2019-03-13T00:00:00.000,43.46737169635389,43.71780172616493,43.150160810497724,43.33858108520508,124130000
2019-03-14T00:00:00.000,43.86091499226116,43.908618737237624,43.54132028091361,43.820369720458984,94318000
2019-03-15T00:00:00.000,44.08750222328564,44.678991612203426,43.82276241933174,44.39039993286133,156171600
2019-03-18T00:00:00.000,44.3140683580027,44.93179318512388,44.31168098754593,44.84354782104492,104879200
2019-03-19T00:00:00.000,44.92225369569541,45.07489619113061,44.34268677569581,44.48817443847656,126585600
2019-03-20T00:00:00.000,44.41661922842223,45.19414495340022,44.05886306469387,44.87693405151367,124140800
2019-03-21T00:00:00.000,45.32055956507145,46.82552016805965,45.270472092327076,46.5297737121582,204136800
2019-03-22T00:00:00.000,46.58939274805469,47.14987887158073,45.50181457067001,45.56621170043945,169630800
2019-03-25T00:00:00.000,45.67592404455743,45.78802127537282,44.50487154702467,45.0152702331543,175381200
2019-03-26T00:00:00.000,45.71169595103682,46.00267123954299,44.023086513229856,44.55017852783203,199202000
2019-03-27T00:00:00.000,45.01765137448114,45.25853921871362,44.492943053204904,44.950870513916016,119393600
2019-03-28T00:00:00.000,45.065352975754955,45.21084063526759,44.72667756034346,45.010498046875,83121600
2019-03-29T00:00:00.000,45.2752403790673,45.33486641281112,44.96756800695002,45.30385971069336,94256000
2019-04-01T00:00:00.000,45.706934321186864,45.71647288572653,44.929412116605654,45.611534118652344,111448000
2019-04-02T00:00:00.000,45.57575525688568,46.379516683711444,45.56621669256709,46.274574279785156,91062800
2019-04-03T00:00:00.000,46.09092150507348,46.86605990037226,46.06706963719681,46.59178161621094,93087200
2019-04-04T00:00:00.000,46.458222344190496,46.83505934250355,46.06469194760166,46.67287826538086,76457200
2019-04-05T00:00:00.000,46.85413922076049,47.009169100776084,46.730116044604905,46.98531723022461,74106400
2019-04-08T00:00:00.000,46.84698094558115,47.755681101848495,46.82790017839874,47.72467803955078,103526800
2019-04-09T00:00:00.000,47.77714861794036,48.380563770007704,47.51717635283578,47.581573486328125,143072800
2019-04-10T00:00:00.000,47.38599528748367,47.87731681584689,47.26674323132718,47.84869384765625,86781200
2019-04-11T00:00:00.000,47.90354983462724,47.93932399383451,47.32875408147207,47.45038986206055,83603200
2019-04-12T00:00:00.000,47.51002317734974,47.73421764754132,46.796898139641456,47.43131637573242,111042800
2019-04-15T00:00:00.000,47.362139943698025,47.665041139824325,47.226190873249585,47.51716613769531,70146400
2019-04-16T00:00:00.000,47.57203341989984,48.02757352365968,47.357377528133505,47.52194595336914,102785600
2019-04-17T00:00:00.000,47.59110938245884,48.50696794754076,47.36930230294008,48.44734191894531,115627200
2019-04-18T00:00:00.000,48.44495416346428,48.69061310818153,48.30185387954341,48.6214485168457,96783200
2019-04-22T00:00:00.000,48.375793702017404,48.87903756789539,48.25892536678017,48.78125,77758000
2019-04-23T00:00:00.000,48.757402002269444,49.54923753304765,48.63099509296689,49.484840393066406,93292000
2019-04-24T00:00:00.000,49.45621984620272,49.72334332507646,49.38228414324906,49.40851974487305,70162400
2019-04-25T00:00:00.000,49.32980707961694,49.55161416212724,48.92196343723849,48.96012496948242,74172800
2019-04-26T00:00:00.000,48.869498774138975,48.893350644801465,48.20645752970833,48.72639846801758,74596400
2019-04-29T00:00:00.000,48.750243646182206,49.12469688428121,48.62145301481061,48.800331115722656,88818800
2019-04-30T00:00:00.000,48.43064712012503,48.51173764933064,47.48855655267741,47.86062240600586,186139600
2019-05-01T00:00:00.000,50.05724596672888,51.352321593970665,49.9022161048594,50.20988845825195,259309200
2019-05-02T00:00:00.000,50.04770517932468,50.71790119448601,49.63986515980281,49.88313674926758,127985200
2019-05-03T00:00:00.000,50.298144020692696,50.524722253231914,50.140730395831206,50.503257751464844,83569600
2019-05-06T00:00:00.000,48.72400995039716,49.80920453287324,48.53559327802315,49.72334289550781,129772400
2019-05-07T00:00:00.000,49.103237220053025,49.47053202213597,47.89879049413808,48.38295364379883,155054800
2019-05-08T00:00:00.000,48.15397864611798,48.97443337179271,48.11820448511399,48.39248275756836,105358000
2019-05-09T00:00:00.000,47.79622789318936,48.10151289928511,46.90422474446259,47.87255096435547,139634400
2019-05-10T00:00:00.000,47.26680951074046,47.60918573031847,46.1534958760035,47.209346771240234,164834800
2019-05-13T00:00:00.000,44.94201700800786,45.36579237166061,43.77842304776529,44.4655647277832,229722400
2019-05-14T00:00:00.000,44.63076708397739,45.418465818898284,44.39134448751161,45.16946792602539,146118800
2019-05-15T00:00:00.000,44.59724999917742,45.909284861741796,44.5373943474672,45.71056365966797,106178800
2019-05-16T00:00:00.000,45.46874760084426,46.08166888253502,45.21256366098968,45.50944900512695,132125600
2019-05-17T00:00:00.000,44.75527077928806,45.70577891917145,44.71456937030482,45.250877380371094,131516400
2019-05-20T00:00:00.000,43.93883771462418,44.137558916174555,43.163107155315394,43.83588409423828,154449200
2019-05-21T00:00:00.000,44.34586509350968,45.01145979178377,44.22136428818292,44.67626953125,113459200
2019-05-22T00:00:00.000,44.211781030181115,44.46317550697471,43.70659916562799,43.76166534423828,118994400
2019-05-23T00:00:00.000,43.04817507765125,43.22534542595184,42.571722889546706,43.01465606689453,146118800
2019-05-24T00:00:00.000,43.1439455193887,43.608425880415304,42.765657427968044,42.849456787109375,94858800
2019-05-28T00:00:00.000,42.83748915813703,43.237324443115924,42.595673658588964,42.67228698730469,111792800
2019-05-29T00:00:00.000,42.23892942786569,42.94043945879135,42.138372386702336,42.46877670288086,113924800
2019-05-30T00:00:00.000,42.60524939880032,42.91171002345526,42.29878877414538,42.689048767089844,84873600
2019-05-31T00:00:00.000,42.193441689682246,42.614827782966735,41.89656001846683,41.915714263916016,108174400
2019-06-03T00:00:00.000,42.042604554336634,42.598063014392494,40.766481823880554,41.4919319152832,161584400
2019-06-04T00:00:00.000,42.00430577492002,43.055370949044665,41.78403739904803,43.00988006591797,123872000
2019-06-05T00:00:00.000,44.120793541794136,44.29078518409569,43.36900677323679,43.70419692993164,119093600
2019-06-06T00:00:00.000,43.83350279015418,44.40572282438432,43.610837807703106,44.34586715698242,90105200
2019-06-07T00:00:00.000,44.65470509073558,45.9499821546274,44.47753471563899,45.52620315551758,122737600
2019-06-10T00:00:00.000,45.923645296205336,46.77598911152849,45.878154420674264,46.108001708984375,104883600
2019-06-11T00:00:00.000,46.65389767491463,46.92683934948886,46.35222645142724,46.64192581176758,107731600
2019-06-12T00:00:00.000,46.43601031654152,46.91964496831461,46.3019342514873,46.493473052978516,73012800
2019-06-13T00:00:00.000,46.615577503193705,47.11596983908178,46.35221484639415,46.48389434814453,86698400
2019-06-14T00:00:00.000,45.86139923834012,46.349819729325915,45.56212099174863,46.14631271362305,75046000
2019-06-17T00:00:00.000,46.1846126421805,46.67782620889428,46.009835187677666,46.4216423034668,58676400
2019-06-18T00:00:00.000,46.93879594967235,47.95394531637442,46.737681866076485,47.51340866088867,106204000
2019-06-19T00:00:00.000,47.807892649147135,47.85578008140378,47.240462379227836,47.37453842163086,84496800
2019-06-20T00:00:00.000,47.9731017236882,48.03056445872031,47.41285375699523,47.75522994995117,86056000
2019-06-21T00:00:00.000,47.59720432994686,48.088021294905,47.441577478312304,47.59241485595703,191202400
2019-06-24T00:00:00.000,47.53496145541416,47.92282855213777,47.446376262360126,47.54454040527344,72881600
2019-06-25T00:00:00.000,47.50862823550264,47.707349446417524,46.75684136270738,46.823883056640625,84281200
2019-06-26T00:00:00.000,47.350608010173595,48.12154906442843,47.25005095787499,47.83663558959961,104270000
2019-06-27T00:00:00.000,47.95395659195468,48.2604209170684,47.78157566069608,47.8222770690918,83598800
2019-06-28T00:00:00.000,47.568480245909996,47.764808530798014,47.17822389353572,47.38652038574219,124442400
2019-07-01T00:00:00.000,48.64349397414677,48.95953359072476,48.04014794005199,48.25563049316406,109012000
2019-07-02T00:00:00.000,48.22210722253035,48.633914390891135,48.210135361751455,48.538143157958984,67740800
2019-07-03T00:00:00.000,48.66981997785124,48.94755103721536,48.52856153764481,48.94036865234375,45448000
2019-07-05T00:00:00.000,48.68658462459811,49.100784678008225,48.578841537594826,48.897274017333984,69062000
2019-07-08T00:00:00.000,48.07845883336478,48.21971731146836,47.503845969686104,47.88931655883789,101354400
2019-07-09T00:00:00.000,47.69298752839831,48.24605322338057,47.599612848119484,48.18141174316406,82312000
2019-07-10T00:00:00.000,48.32745527012685,48.777567292500045,48.25802066740765,48.65785598754883,71588400
2019-07-11T00:00:00.000,48.677007423897294,48.93558426605638,48.29393346215335,48.30350875854492,80767200
2019-07-12T00:00:00.000,48.47109948824724,48.8422052094691,48.41124384460819,48.67461013793945,70380800
2019-07-15T00:00:00.000,48.863760235202925,49.28993219429551,48.84221307681378,49.13191604614258,67789600
2019-07-16T00:00:00.000,48.98346884909922,49.34739222396268,48.72249909193417,48.96192169189453,67467200
2019-07-17T00:00:00.000,48.85418720836417,49.10318513012988,48.667437853715064,48.68659210205078,56430000
2019-07-18T00:00:00.000,48.84221591801951,49.292331625927645,48.77038839924491,49.23965835571289,74162400
2019-07-19T00:00:00.000,49.2707788735222,49.440770539487346,48.449561048653315,48.5046272277832,83717200
2019-07-22T00:00:00.000,48.75841111322735,49.615544461109494,48.74883581666229,49.61315155029297,89111600
2019-07-23T00:00:00.000,49.91003660607573,50.017776044989866,49.62990895028045,50.001014709472656,73420800
2019-07-24T00:00:00.000,49.72089689021544,50.075241357956344,49.601185575801686,49.96031951904297,59966400
2019-07-25T00:00:00.000,50.01299242853102,50.096791809335336,49.495838677205825,49.56527328491211,55638400
2019-07-26T00:00:00.000,49.675403421281054,50.21410430811092,49.594000608507464,49.73765563964844,70475600
2019-07-29T00:00:00.000,49.910033358512514,50.4319728369032,49.90524388391939,50.202125549316406,86693600
2019-07-30T00:00:00.000,49.98185908479763,50.317052906207756,49.634697056404036,49.98664855957031,135742800
2019-07-31T00:00:00.000,51.815833646333566,53.00097467114659,50.58999122184964,51.00658416748047,277125600
2019-08-01T00:00:00.000,51.21249302793154,52.20130954173058,49.49822997674807,49.90285110473633,216071600
2019-08-02T00:00:00.000,49.20852309178124,49.42400195472412,48.2747764812972,48.84699630737305,163448400
2019-08-05T00:00:00.000,47.40328391275704,47.56130005899529,46.108006714672,46.28996658325195,209572000
2019-08-06T00:00:00.000,47.001057560598184,47.422443742301255,46.45756714849681,47.166259765625,143299200
2019-08-07T00:00:00.000,46.78556545258096,47.779167660416284,46.40488444167236,47.654666900634766,133457600
2019-08-08T00:00:00.000,47.932400333607646,48.72967797252302,47.73846862611717,48.70573425292969,108038000
2019-08-09T00:00:00.000,48.378892379334594,48.72977548121816,47.89582211277538,48.30438995361328,98478800
2019-08-12T00:00:00.000,47.97513398491319,48.5591433982837,47.86217750716622,48.181819915771484,89927600
2019-08-13T00:00:00.000,48.31158107050164,50.98407402736893,48.18179962565898,50.22222137451172,188874000
2019-08-14T00:00:00.000,48.82591215607856,49.6142018262065,48.688920981443054,48.72737503051758,146189600
2019-08-15T00:00:00.000,48.898010052333305,49.30176654519396,47.98714860628682,48.48463821411133,108909600
2019-08-16T00:00:00.000,49.09507459883136,49.78723269268097,48.98932781591775,49.62861251831055,110481600
2019-08-19T00:00:00.000,50.618781114962545,51.12588234715276,50.476985956959155,50.55389404296875,97654400
2019-08-20T00:00:00.000,50.68126728740163,51.27488825272847,50.54668181087362,50.55629348754883,107537200
2019-08-21T00:00:00.000,51.18837726179461,51.346993790769034,50.854315515628436,51.1042594909668,86141600
2019-08-22T00:00:00.000,51.236427060660596,51.536842338546,50.650015851479694,51.06098556518555,89014800
2019-08-23T00:00:00.000,50.33277423810973,50.962447137729626,48.30677541741606,48.70092010498047,187272000
2019-08-26T00:00:00.000,49.474802566101914,49.79444493377358,49.28253601154714,49.62621307373047,104174400
2019-08-27T00:00:00.000,49.95546320825073,50.121293052732874,48.91482409284731,49.06623458862305,103493200
2019-08-28T00:00:00.000,49.0518153700021,49.441152454824554,48.86435650196321,49.39548873901367,63755200
2019-08-29T00:00:00.000,50.109277719604904,50.30635193898806,49.66706722800578,50.23184585571289,83962000
2019-08-30T00:00:00.000,50.508229228326634,50.577923970977196,49.79684411690572,50.16695785522461,84573600
2019-09-03T00:00:00.000,49.61180097910299,49.74398449365925,49.08066858495008,49.43635940551758,80092000
2019-09-04T00:00:00.000,50.08284558735108,50.344806902391355,49.82569194490394,50.27511215209961,76752400
2019-09-05T00:00:00.000,50.950446853296846,51.42390177073253,50.83268270783798,51.25807189941406,95654800
2019-09-06T00:00:00.000,51.44312612414458,51.53204789572798,51.07301235316033,51.25326156616211,77449200
2019-09-09T00:00:00.000,51.63299180966499,52.01752496664898,50.72694165520818,51.47196960449219,109237600
2019-09-10T00:00:00.000,51.39746283359591,52.09923266869462,50.88074988553813,52.08000564575195,127111600
2019-09-11T00:00:00.000,52.40926543357923,53.764739433347756,52.32754966606249,53.735897064208984,177158400
2019-09-12T00:00:00.000,54.02670396356076,54.41604113184608,53.560458695911414,53.6157341003418,128906800
2019-09-13T00:00:00.000,52.8731005859375,53.062961469937115,52.156911432083696,52.57268524169922,159053200
2019-09-16T00:00:00.000,52.32753574156428,52.904335297514336,52.28667970226771,52.849056243896484,84632400
2019-09-17T00:00:00.000,52.86349251065767,53.07017842826459,52.661610598516674,53.04133605957031,73274800
2019-09-18T00:00:00.000,53.12785236837871,53.55804919622197,52.73851525459077,53.538822174072266,101360000
2019-09-19T00:00:00.000,53.35615908872847,53.7767405072033,52.962014363244926,53.10381317138672,88242400
2019-09-20T00:00:00.000,53.20476016935374,53.48835049337496,52.2650600947515,52.327545166015625,221652400
2019-09-23T00:00:00.000,52.620754678997145,52.83465027251121,52.30832196549194,52.56547927856445,76662000
2019-09-24T00:00:00.000,53.12065122006928,53.471538013059494,52.19777601182611,52.31553649902344,124763200
2019-09-25T00:00:00.000,52.5246205874519,53.233600080826086,52.1857511921416,53.120643615722656,87613600
2019-09-26T00:00:00.000,52.87309730935552,53.09901022097145,52.59190900463546,52.84666061401367,75334000
2019-09-27T00:00:00.000,53.002883868542426,53.10382666173709,52.21940189013441,52.589515686035156,101408000
2019-09-30T00:00:00.000,53.089402821067836,53.9738275789729,53.062966121770074,53.82722473144531,103909600
2019-10-01T00:00:00.000,54.09158512052922,54.84863029507966,53.882493554454456,53.97622299194336,139223200
2019-10-02T00:00:00.000,53.60851764627017,53.73349145834526,52.37561187967944,52.6231575012207,138449200
2019-10-03T00:00:00.000,52.49577750833809,53.10382154299348,51.70268392792921,53.07017517089844,114426000
2019-10-04T00:00:00.000,54.22857296123739,54.67318912519149,53.80799149102436,54.55782699584961,138478800
2019-10-07T00:00:00.000,54.37998241718254,55.25959571661038,54.276637636700606,54.56984329223633,122306000
2019-10-08T00:00:00.000,54.27184763994498,54.81018970341159,53.913751153872425,53.930572509765625,111820000
2019-10-09T00:00:00.000,54.56264114379883,54.745292369499005,54.22857939735441,54.56264114379883,74770400
2019-10-10T00:00:00.000,54.7789313546757,55.3821676863081,54.62752452153625,55.29804992675781,113013600
2019-10-11T00:00:00.000,55.985408550575364,57.11256762430423,55.83159602526527,56.76889419555664,166795600
2019-10-14T00:00:00.000,56.45404933835654,57.230325218831695,56.3987739424967,56.687171936035156,96427600
2019-10-15T00:00:00.000,56.812150134970125,57.11496750151027,56.449249695667106,56.554996490478516,87360000
2019-10-16T00:00:00.000,56.08633933608511,56.53576316392705,56.04548329122299,56.3266716003418,73903200
2019-10-17T00:00:00.000,56.49971591783996,56.75446755281839,56.122396137875576,56.545379638671875,67585200
2019-10-18T00:00:00.000,56.37955283902993,57.09814772935947,56.30745241628178,56.816959381103516,97433600
2019-10-21T00:00:00.000,57.08371229353955,57.91766542497192,57.035646580977726,57.802303314208984,87247200
2019-10-22T00:00:00.000,57.95853733426326,58.20848130833189,57.58842354511688,57.67013931274414,82293600
2019-10-23T00:00:00.000,58.18444461705697,58.45842326091589,57.97295104383975,58.444000244140625,75828800
2019-10-24T00:00:00.000,58.763641679499884,58.833340091019444,58.1147452876683,58.54013442993164,69275200
2019-10-25T00:00:00.000,58.43920289088229,59.29718729410837,58.37191014032259,59.261138916015625,73477200
2019-10-28T00:00:00.000,59.46301260952673,59.90282112444377,59.294780746023385,59.85475540161133,96572800
2019-10-29T00:00:00.000,59.83552529068843,60.022984167085156,58.29740023636161,58.470436096191406,142839600
2019-10-30T00:00:00.000,58.82373239756854,58.95351389312253,57.97055566675113,58.463233947753906,124522000
2019-10-31T00:00:00.000,59.41975843149152,59.88359800446322,57.0212394670206,59.78506088256836,139162000
2019-11-01T00:00:00.000,59.97252128655309,61.50824455627897,59.88119750508098,61.4818115234375,151125200
2019-11-04T00:00:00.000,61.84468793276996,61.96966538315377,61.37604449690292,61.88554763793945,103272000
2019-11-05T00:00:00.000,61.777407799701365,62.0513901112309,61.60196993451809,61.79663848876953,79897600
2019-11-06T00:00:00.000,61.71011025859934,61.883149774964124,61.37364656965626,61.82306671142578,75864400
2019-11-07T00:00:00.000,62.3702628523427,62.758363326737026,62.218397769161385,62.536590576171875,94940400
2019-11-08T00:00:00.000,62.35821740841793,62.78006162131691,61.914679233049654,62.70774841308594,69986400
2019-11-11T00:00:00.000,62.264218182722104,63.26941616243491,62.25939975311567,63.2043342590332,81821200
2019-11-12T00:00:00.000,63.04763614769878,63.34654794595366,62.89577839042329,63.14646911621094,87388800
2019-11-13T00:00:00.000,62.94639166135674,63.82623672348499,62.93192901918101,63.75151062011719,102734400
2019-11-14T00:00:00.000,63.577949069175574,63.85034108012296,63.18021171215137,63.31038284301758,89182800
2019-11-15T00:00:00.000,63.56107338652864,64.06728791082074,63.39957143680535,64.06246948242188,100206400
2019-11-18T00:00:00.000,64.07209319455887,64.46501204164511,63.69364434245913,64.38546752929688,86703200
2019-11-19T00:00:00.000,64.57830146137563,64.60240830888569,63.97326152022207,64.1902084350586,76167200
2019-11-20T00:00:00.000,64.0094406588,64.13960443972219,62.77042035286797,63.442962646484375,106234400
2019-11-21T00:00:00.000,63.563469239710386,63.64060821168935,62.958421922589864,63.15850067138672,121395200
2019-11-22T00:00:00.000,63.29832613946704,63.44054702045154,62.87648192495427,63.10307312011719,65325200
2019-11-25T00:00:00.000,63.32726038211015,64.2263939691162,63.28145955811588,64.20951843261719,84020400
2019-11-26T00:00:00.000,64.34691731931105,64.39994946222428,63.27663760333847,63.708126068115234,105207600
2019-11-27T00:00:00.000,64.01909670826173,64.59763200020568,63.95401479828985,64.56388092041016,65235600
2019-11-29T00:00:00.000,64.26495496465644,64.6024288680645,64.09621433476273,64.42163848876953,46617600
2019-12-02T00:00:00.000,64.42644300309937,64.66267836265502,63.50562312760783,63.6767692565918,94487200
2019-12-03T00:00:00.000,62.26661508192712,62.560701052764436,61.77968898703024,62.541419982910156,114430400
2019-12-04T00:00:00.000,62.931916197819106,63.471874346050804,62.83790168645125,63.09341812133789,67181600
2019-12-05T00:00:00.000,63.58758484552913,64.09379930384016,63.332068402488204,64.0190658569336,74424400
2019-12-06T00:00:00.000,64.4770846926847,65.32559157331079,64.43368941001637,65.25568389892578,106075600
2019-12-09T00:00:00.000,65.08452929679349,65.27736940401036,63.85756627540826,64.34208679199219,128042400
2019-12-10T00:00:00.000,64.74705730032277,65.10140670875774,64.08656483345956,64.71813201904297,90420400
2019-12-11T00:00:00.000,64.79767816395331,65.34969348345126,64.7229520666511,65.2701416015625,78756800
2019-12-12T00:00:00.000,64.5493861850386,65.70162305327142,64.43850349697,65.43646240234375,137310400
2019-12-13T00:00:00.000,65.43646905221725,66.3621148543044,65.3087108196568,66.32595825195312,133587600
2019-12-16T00:00:00.000,66.77191612256408,67.6855122693703,66.7670976938844,67.4613265991211,128186000
2019-12-17T00:00:00.000,67.39141065519956,67.92172458582058,67.20579452656094,67.5938949584961,114158400
2019-12-18T00:00:00.000,67.44684331426187,67.95305771312601,67.28292851276375,67.43238067626953,116028400
2019-12-19T00:00:00.000,67.37454784079026,67.77951652381924,67.24197117220628,67.49989318847656,98369200
2019-12-20T00:00:00.000,68.03263450161938,68.1338730046536,67.14796358631695,67.36009216308594,275978000
2019-12-23T00:00:00.000,67.62282490788083,68.51954537378231,67.58425541558223,68.45928192138672,98572000
2019-12-24T00:00:00.000,68.62561412958978,68.6738278372129,68.19895150700309,68.52436828613281,48478800
2019-12-26T00:00:00.000,68.65694062384628,69.90077903385306,68.62801534674483,69.88390350341797,93121200
2019-12-27T00:00:00.000,70.17559948118166,70.86260446261116,69.45243789154644,69.85740661621094,146266000
2019-12-30T00:00:00.000,69.77545564632612,70.55406234489179,68.753389525712,70.27202606201172,144114400
2019-12-31T00:00:00.000,69.88874081149524,70.79269274701018,69.78990785044671,70.78546142578125,100805600
2020-01-02T00:00:00.000,71.40978524422886,72.46078378305016,71.15668166173941,72.40052032470703,135480400
2020-01-03T00:00:00.000,71.6291376132339,72.45595040957373,71.47245410922795,71.6966323852539,146322800
2020-01-06T00:00:00.000,70.81920816221287,72.3065062028637,70.56851011431775,72.26793670654297,118387200
2020-01-07T00:00:00.000,72.27755544471,72.53307183094348,71.70867212634163,71.92803192138672,108872000
2020-01-08T00:00:00.000,71.63156665826679,73.38643848288913,71.63156665826679,73.08512115478516,132079200
2020-01-09T00:00:00.000,74.06136720541696,74.83032941641996,73.81067654984861,74.63748931884766,170108400
2020-01-10T00:00:00.000,74.87131787710281,75.37030104945943,74.30483992947904,74.80622863769531,140644800
2020-01-13T00:00:00.000,75.12203317921409,76.43095395568463,75.00391177805751,76.40443420410156,121532000
2020-01-14T00:00:00.000,76.34173684913497,76.55145246560595,75.24976349452105,75.37269592285156,161954400
2020-01-15T00:00:00.000,75.17261475653767,76.052459488537,74.6181867077714,75.04967498779297,121923600
2020-01-16T00:00:00.000,75.5920697800867,76.10069718746519,75.23048903454546,75.98980712890625,108829200
2020-01-17T00:00:00.000,76.23808752279956,76.83349074089385,75.93195182564011,76.83108520507812,137816400
2020-01-21T00:00:00.000,76.459869381581,76.90099467937888,76.17301471865545,76.31041717529297,110843200
2020-01-22T00:00:00.000,76.79493830286927,77.1348251407198,76.48880253772091,76.58281707763672,101832400
2020-01-23T00:00:00.000,76.6358420591075,77.03116654175618,76.0886451198764,76.95162200927734,104472000
2020-01-24T00:00:00.000,77.19748815287878,77.93993070377184,76.53940855639385,76.72984313964844,146537600
2020-01-27T00:00:00.000,74.7411685818915,75.1533686742089,73.49251119660474,74.47360229492188,161940000
2020-01-28T00:00:00.000,75.35343533999493,76.75154473409874,75.25460237825888,76.58039855957031,162234000
2020-01-29T00:00:00.000,78.20992276333985,79.02950436307852,77.46988569545148,78.18340301513672,216229200
2020-01-30T00:00:00.000,77.26737779773116,78.12311574202653,76.83588948795824,78.07008361816406,126743200
2020-01-31T00:00:00.000,77.3614124669731,77.78325671620777,74.31449554353281,74.60858154296875,199588400
2020-02-03T00:00:00.000,73.35268032975995,75.56796570063159,72.85129158100523,74.40367889404297,173788400
2020-02-04T00:00:00.000,76.00668324335653,77.050450456367,75.60171457078681,76.86001586914062,136616400
2020-02-05T00:00:00.000,77.98573120045752,78.28464294726993,76.88412080562057,77.48675537109375,118826800
2020-02-06T00:00:00.000,77.7567339114429,78.39552507490272,77.1999001655233,78.39311218261719,105425600
2020-02-07T00:00:00.000,77.89294895065062,78.141823360646,76.83704482888538,77.32754516601562,117684000
2020-02-10T00:00:00.000,75.914034625019,77.69481658935547,75.83430131081457,77.69481658935547,109348800
2020-02-11T00:00:00.000,78.19015142253798,78.26263625107545,77.0085971005104,77.22605895996094,94323200
2020-02-12T00:00:00.000,77.67548599053883,79.06483505188083,77.67548599053883,79.06000518798828,113730400
2020-02-13T00:00:00.000,78.3327054260137,78.82320573508036,78.12974054369347,78.49700927734375,94747600
2020-02-14T00:00:00.000,78.46558778851511,78.76520890109116,78.00891869878639,78.5163345336914,80113600
2020-02-18T00:00:00.000,76.19915990390432,77.25990141746018,76.01794043224491,77.07868194580078,152531200
2020-02-19T00:00:00.000,77.32028463710277,78.42451672179727,77.32028463710277,78.1949691772461,93984000
2020-02-20T00:00:00.000,77.95576899229526,78.44385067885128,76.88777921917897,77.39277648925781,100566000
2020-02-21T00:00:00.000,76.98684158821678,77.42902110600791,75.02484049800245,75.64098358154297,129554000
2020-02-24T00:00:00.000,71.82572767869755,73.49777501677713,69.8854717188165,72.04801940917969,222195200
2020-02-25T00:00:00.000,72.71732938397975,73.09909512359589,69.13643119372864,69.60759735107422,230673600
2020-02-26T00:00:00.000,69.23307309062069,71.97552869907848,69.22582460812832,70.71182250976562,198054800
2020-02-27T00:00:00.000,67.92105203842019,69.10501764925158,65.95421338126829,66.08952331542969,320605600
2020-02-28T00:00:00.000,62.160700515132554,67.27108839739219,61.94564985853806,66.05087280273438,426510000
2020-03-02T00:00:00.000,68.20615048257532,72.83570304979878,67.10433710214947,72.20022583007812,341397200
2020-03-03T00:00:00.000,73.37454464911569,73.45427795635602,69.05668336601278,69.90721130371094,319475600
2020-03-04T00:00:00.000,71.6275782870545,73.3092923901448,70.82779719372856,73.14981842041016,219178400
2020-03-05T00:00:00.000,71.40528289969257,72.3790349760971,70.41220399588842,70.77706146240234,187572800
2020-03-06T00:00:00.000,68.13849804691934,70.26964007470336,67.9524487742093,69.83712768554688,226176800
2020-03-09T00:00:00.000,63.72884532127841,67.19376061426469,63.54762585590985,64.31358337402344,286744800
2020-03-10T00:00:00.000,66.96420578722295,69.21132371848606,65.0867678159455,68.9455337524414,285290000
2020-03-11T00:00:00.000,67.02458676834512,67.95001037329989,65.68838896429061,66.55099487304688,255598800
2020-03-12T00:00:00.000,61.8417392125565,65.23899909398826,59.92322879744106,59.97880172729492,418474000
2020-03-13T00:00:00.000,64.00430027982446,67.6359379478289,61.119282212065336,67.16476440429688,370732000
2020-03-16T00:00:00.000,58.4613905994218,62.60044010140755,57.99022079286357,58.52421569824219,322423600
2020-03-17T00:00:00.000,59.804833950382424,62.24525368604919,57.60362153116066,61.0975341796875,324056000
2020-03-18T00:00:00.000,57.934639110553675,60.406470866055514,57.29432830722245,59.60185623168945,300233600
2020-03-19T00:00:00.000,59.77583112302971,61.09269153777121,58.62085961850456,59.14518737792969,271857200
2020-03-20T00:00:00.000,59.72508103936076,60.84864355194953,55.090698602114166,55.390316009521484,401693200
2020-03-23T00:00:00.000,55.11004159498472,55.211524041383235,51.37208822817037,54.21360778808594,336752800
2020-03-24T00:00:00.000,57.11070131069981,59.84832336499044,56.61295251663222,59.65260696411133,287531200
2020-03-25T00:00:00.000,60.58770393527842,62.39989846973341,59.029217373030974,59.32400131225586,303602000
2020-03-26T00:00:00.000,59.565620375975534,62.503788640032134,59.526959345508246,62.44580078125,252087200
2020-03-27T00:00:00.000,61.07094557233669,61.82481719246613,59.69367869443923,59.86040115356445,204216800
2020-03-30T00:00:00.000,60.58527581752455,61.740247254497845,60.26149432911051,61.56869125366211,167976400
2020-03-31T00:00:00.000,61.75958725464871,63.424386025978244,60.88973245903772,61.44305419921875,197002000
2020-04-01T00:00:00.000,59.560786204803335,60.09719601446135,57.78000444616135,58.21009826660156,176218400
2020-04-02T00:00:00.000,58.072376290076036,59.234596446659125,57.241182484383906,59.18143844604492,165934000
2020-04-03T00:00:00.000,58.66676958439928,59.36748322353769,57.7413419398106,58.330909729003906,129880000
2020-04-06T00:00:00.000,60.62394199347429,63.574192418824516,60.25667324880632,63.4195556640625,201820400
2020-04-07T00:00:00.000,65.43229446081726,65.64976368215225,62.58111162954673,62.68500900268555,202887200
2020-04-08T00:00:00.000,63.48478743589154,64.6035165473233,63.1199373363336,64.2894058227539,168895200
2020-04-09T00:00:00.000,64.92487847473,65.25590475851683,63.95837493137018,64.7533187866211,161834800
2020-04-13T00:00:00.000,64.83063671400997,66.1330036952468,64.23140190068074,66.0242691040039,131022800
2020-04-14T00:00:00.000,67.6552590491188,69.64867293181604,67.1840855454915,69.35871887207031,194994800
2020-04-15T00:00:00.000,68.23516945822269,69.18475770892147,67.8074941646766,68.72566986083984,131154400
2020-04-16T00:00:00.000,69.43844332553729,69.63657830758835,68.22306550095219,69.27172088623047,157125200
2020-04-17T00:00:00.000,68.78849422470407,69.3345712466482,66.8965588537916,68.33181762695312,215250000
2020-04-20T00:00:00.000,67.15992291899424,68.06118282102301,66.89413295001411,66.91345977783203,130015200
2020-04-21T00:00:00.000,66.75640806793423,66.99078550242736,64.13476539316186,64.84514617919922,180991600
2020-04-22T00:00:00.000,66.11125999851906,67.14783719048366,65.77057396314187,66.7129135131836,116862400
2020-04-23T00:00:00.000,66.65734876053877,68.07811050746528,66.41572281375096,66.45438385009766,124814400
2020-04-24T00:00:00.000,66.97870028455014,68.38254612868516,66.93037215656294,68.37287902832031,126161200
2020-04-27T00:00:00.000,68.09016996400102,68.75222988872481,67.64316798553294,68.42120361328125,117087600
2020-04-28T00:00:00.000,68.88271760948632,69.06393705890572,67.22033738750322,67.31214904785156,112004800
2020-04-29T00:00:00.000,68.79816288474782,69.9917957281478,68.5951979613223,69.52304077148438,137280800
2020-04-30T00:00:00.000,70.06184250590752,71.16607461666706,69.67282835408629,70.98968505859375,183064000
2020-05-01T00:00:00.000,69.16542249456992,72.24615310349837,69.06877359729275,69.84680938720703,240616800
2020-05-04T00:00:00.000,69.87095242016659,70.96309864089797,69.18231725189493,70.83503723144531,133568000
2020-05-05T00:00:00.000,71.29414381435919,72.7294023781066,71.14916678667844,71.89820861816406,147751200
2020-05-06T00:00:00.000,72.59891211487862,73.27063178737225,72.21472783850132,72.6399917602539,142333600
2020-05-07T00:00:00.000,73.26580616038919,73.73697961793019,72.96377378346223,73.39144897460938,115215200
2020-05-08T00:00:00.000,74.05046319414457,75.19159993074032,73.72338371341871,75.13829803466797,133838400
2020-05-11T00:00:00.000,74.64646961486733,76.81487118254181,74.43810496971201,76.32062530517578,145946400
2020-05-12T00:00:00.000,77.00383559042835,77.45448015586908,75.3272624261115,75.44840240478516,162301200
2020-05-13T00:00:00.000,75.62769739388037,76.54836579208815,73.46171369194431,74.53743743896484,200622400
2020-05-14T00:00:00.000,73.7767005983549,75.05593897018935,73.0547033855626,74.99536895751953,158929200
2020-05-15T00:00:00.000,72.76877941737926,74.59798995557082,72.73485667770787,74.55195617675781,166348400
2020-05-18T00:00:00.000,75.87482634655969,76.68161544536761,75.18432690881329,76.30850219726562,135178400
2020-05-19T00:00:00.000,76.32545901161194,77.17101374486556,75.83605613168199,75.8675537109375,101729600
2020-05-20T00:00:00.000,76.72522208271401,77.41329633678234,76.68645639876391,77.3430404663086,111504800
2020-05-21T00:00:00.000,77.20496000564525,77.7452471676142,76.52899661001778,76.76643371582031,102688800
2020-05-22T00:00:00.000,76.5047688140829,77.34306311157628,76.4030153334949,77.26068878173828,81803200
2020-05-26T00:00:00.000,78.37757568234818,78.55686050645615,76.68161577577496,76.73734283447266,125522000
2020-05-27T00:00:00.000,76.59439371595593,77.21704762323688,75.85543536682479,77.0716781616211,112945200
2020-05-28T00:00:00.000,76.74702903556799,78.36303980666368,76.47083369438819,77.10560607910156,133560800
2020-05-29T00:00:00.000,77.34790384342566,77.80823444705406,76.67436561863036,77.030517578125,153532400
2020-06-01T00:00:00.000,76.9844643152945,78.09895371175787,76.85363105469186,77.97781372070312,80791200
2020-06-02T00:00:00.000,77.71131704152964,78.36305089208805,77.2703656270627,78.33882141113281,87642800
2020-06-03T00:00:00.000,78.65861096933926,79.03172416978924,78.08682643155123,78.77005767822266,104491200
2020-06-04T00:00:00.000,78.59320375117642,78.89120338502829,77.71856920653472,78.09168243408203,87560400
2020-06-05T00:00:00.000,78.34123829521202,80.37638878570603,78.31216587865904,80.3158187866211,137250400
2020-06-08T00:00:00.000,80.01295571139336,80.82459504521165,79.30307721267422,80.7906723022461,95654400
2020-06-09T00:00:00.000,80.47085446374224,83.73435781858302,80.43935689180574,83.34186553955078,147712400
2020-06-10T00:00:00.000,84.28918996715056,85.95365197826031,83.85066386558994,85.48605346679688,166651600
2020-06-11T00:00:00.000,84.63081897651477,85.05480894028344,81.28009011611704,81.38184356689453,201662400
2020-06-12T00:00:00.000,83.5187504243347,84.26496946856898,80.97481077374836,82.0844497680664,200146000
2020-06-15T00:00:00.000,80.73979728329574,83.75133543445982,80.57746645559173,83.09960174560547,138808800
2020-06-16T00:00:00.000,85.15172088189794,85.57329308072946,83.51875616005826,85.30193328857422,165428800
2020-06-17T00:00:00.000,86.04574378022643,86.10631378252053,85.06208753447432,85.1832275390625,114406400
2020-06-18T00:00:00.000,85.13960120703389,85.63385439323685,84.60900750577136,85.21713256835938,96820400
2020-06-19T00:00:00.000,85.92217671437545,86.38735014117718,83.62293464807695,84.73015594482422,264476000
2020-06-22T00:00:00.000,85.12263846107449,87.08995051171077,85.07660467814306,86.94700622558594,135445200
2020-06-23T00:00:00.000,88.18990371305667,90.22021092110661,87.77075672869731,88.80287170410156,212155600
2020-06-24T00:00:00.000,88.43221556465996,89.3504589965406,86.86223822656589,87.2353515625,192623200
2020-06-25T00:00:00.000,87.39041236684457,88.43221356918069,86.63207466747622,88.39344787597656,137522400
2020-06-26T00:00:00.000,88.28924513838203,88.50972079929527,85.52967271907464,85.6774673461914,205256800
2020-06-29T00:00:00.000,85.58540582946648,87.74654657742667,85.10811395697272,87.65205383300781,130646000
2020-06-30T00:00:00.000,87.24017383067029,88.66963165860406,87.22079468512266,88.38373565673828,140223200
2020-07-01T00:00:00.000,88.46128081179627,89.00398569728229,88.16812405423994,88.2165756225586,110737200
2020-07-02T00:00:00.000,89.122707936332,89.75748041356287,88.10271110979996,88.2165756225586,114041600
2020-07-06T00:00:00.000,89.6435984064739,91.04397648582848,89.61210082402599,90.57637786865234,118655600
2020-07-07T00:00:00.000,90.95434344364946,91.73206023970783,90.18389475245895,90.29534149169922,112424400
2020-07-08T00:00:00.000,91.27171499364255,92.42981301031341,91.18449035546323,92.3983154296875,117092000
2020-07-09T00:00:00.000,93.28990778547893,93.34320967936996,91.74901058829923,92.79566192626953,125642800
2020-07-10T00:00:00.000,92.39106579987347,93.01615241811884,91.78052278573126,92.95800018310547,90257200
2020-07-13T00:00:00.000,94.26146013937891,96.86839541410872,92.31595195399946,92.52915954589844,191649200
2020-07-14T00:00:00.000,91.91133403395911,94.25175963929699,90.97856198164641,94.06036376953125,170989200
2020-07-15T00:00:00.000,95.93317328027695,96.18272134953932,93.51037361994408,94.70723724365234,153198000
2020-07-16T00:00:00.000,93.58063579856042,94.39711809164639,92.94343831225127,93.5418701171875,110577600
2020-07-17T00:00:00.000,93.99251265271707,94.14756798104436,92.88044113908421,93.35289001464844,92186800
2020-07-20T00:00:00.000,93.44012565034129,95.45831468469305,93.09608481622666,95.3202133178711,90318000
2020-07-21T00:00:00.000,96.11003683309417,96.18514302833793,93.75507535287011,94.00462341308594,103433200
2020-07-22T00:00:00.000,93.70661600246667,94.94951336084341,93.61939876725305,94.26870727539062,89001600
2020-07-23T00:00:00.000,94.00221845583387,94.07974983333283,89.168736705882,89.97795104980469,197004400
2020-07-24T00:00:00.000,88.17780532258647,90.09908386887433,86.39219558540321,89.75504302978516,185438800
2020-07-27T00:00:00.000,90.81624022237884,91.97433840198715,90.59334674840196,91.88227081298828,121214000
2020-07-28T00:00:00.000,91.45342276195278,91.63028980605597,90.3680058085899,90.37285614013672,103625600
2020-07-29T00:00:00.000,90.85500544148256,92.28930638065711,90.81866491806582,92.10517120361328,90329200
2020-07-30T00:00:00.000,91.27899267505967,93.32383652649061,90.87196403764284,93.21965789794922,158130000
2020-07-31T00:00:00.000,99.7079111699714,103.12890351490226,97.7115189842411,102.97869110107422,374336800
2020-08-03T00:00:00.000,104.85877268635082,108.19012242087766,104.56077304212948,105.57350158691406,308151200
2020-08-04T00:00:00.000,105.76247640960193,107.36879381499179,105.0404794276689,106.27853393554688,173071600
2020-08-05T00:00:00.000,105.99991256912482,106.98356866072452,105.53473177113482,106.66375732421875,121776800
2020-08-06T00:00:00.000,106.99570525966352,110.87945383007707,106.40696656350907,110.38520050048828,202428800
2020-08-07T00:00:00.000,109.90704232526846,110.363351174005,107.07939259345517,107.87550354003906,198045600
2020-08-10T00:00:00.000,109.31967059014084,110.46044277754098,106.79541676618443,109.4434585571289,212403600
2020-08-11T00:00:00.000,108.70800016951561,109.20556664025784,105.92888988244533,106.1885986328125,187902400
2020-08-12T00:00:00.000,107.2783964791796,109.97498398938008,107.08422600127558,109.71770477294922,165598000
2020-08-13T00:00:00.000,111.09633433148385,112.66186065911528,110.60847119171306,111.65943908691406,210082000
2020-08-14T00:00:00.000,111.48471014803833,111.64975583547505,109.75170820856059,111.55995178222656,165565200
2020-08-17T00:00:00.000,112.68129051352851,112.70556367842538,110.64247058340116,111.2686767578125,119561600
2020-08-18T00:00:00.000,111.02112072271991,112.62062395424891,110.68617026805988,112.19586944580078,105633600
2020-08-19T00:00:00.000,112.60360648521876,113.74923011045664,112.24196081309763,112.33661651611328,145538000
2020-08-20T00:00:00.000,112.37789651709356,114.94341528440668,112.36090456064325,114.82933807373047,126907200
2020-08-21T00:00:00.000,115.78806223773633,121.22977689357654,115.77592935893642,120.74677276611328,338054800
2020-08-24T00:00:00.000,124.9481850882098,125.03314486284968,120.32686221834298,122.19092559814453,345937600
2020-08-25T00:00:00.000,121.06473415847236,121.53317587987507,119.46765321039159,121.18851470947266,211495600
2020-08-26T00:00:00.000,122.50403462016395,123.29286429117482,121.43850421682247,122.83655548095703,163022400
2020-08-27T00:00:00.000,123.43850018201364,123.77102105443406,120.22492431150832,121.36812591552734,155552400
2020-08-28T00:00:00.000,122.3414135230096,122.75888676117691,120.94822130817289,121.17152404785156,187630000
2020-08-31T00:00:00.000,123.8632579117057,127.1836224608346,122.32928572568825,125.28071594238281,225702700
2020-09-01T00:00:00.000,128.8923056104839,130.87288270975856,126.72727621370097,130.27093505859375,151948100
2020-09-02T00:00:00.000,133.58163954392333,133.96027723036116,123.30015752319882,127.57196807861328,200119000
2020-09-03T00:00:00.000,123.2127726268104,125.08653940539764,116.98950967695433,117.35843658447266,257599600
2020-09-04T00:00:00.000,116.57204011831335,120.09628586271513,107.65947772486805,117.43611145019531,332607200
2020-09-08T00:00:00.000,110.63031087630355,115.52348229389389,109.39731283157245,109.53323364257812,231366600
2020-09-09T00:00:00.000,113.8439033465614,115.66913123084257,111.90216871799983,113.90215301513672,176940500
2020-09-10T00:00:00.000,116.85358420375128,116.98950502781075,109.22256693467808,110.18372344970703,182274400
2020-09-11T00:00:00.000,111.23226548811466,111.87304145706314,106.7954022543771,108.73713684082031,180860300
2020-09-14T00:00:00.000,111.37791301404883,112.55266171822818,109.51384932182032,111.999267578125,140150100
2020-09-15T00:00:00.000,114.88272413305843,115.36815776085928,110.30022950147779,112.17400360107422,184642000
2020-09-16T00:00:00.000,111.87304453196484,112.62060910915572,108.7759754111815,108.86334991455078,154679000
2020-09-17T00:00:00.000,106.52355532978139,108.93130194991431,105.54297733812126,107.12548828125,178011000
2020-09-18T00:00:00.000,107.18375552641913,107.64976770036112,102.99931226553164,103.72746276855469,287104900
2020-09-21T00:00:00.000,101.49447874455225,106.97988102839547,100.09642732020315,106.87308502197266,195713800
2020-09-22T00:00:00.000,109.39731520243424,109.57207159281869,105.97986595474057,108.55265808105469,183055400
2020-09-23T00:00:00.000,108.36821643604246,108.84393936425928,103.65950385577868,103.99931335449219,150718700
2020-09-24T00:00:00.000,102.10611991881453,107.03812795513899,101.94107424298952,105.06726837158203,167743300
2020-09-25T00:00:00.000,105.27115689090073,109.16433740208637,104.53329556197552,109.00899505615234,149981400
2020-09-28T00:00:00.000,111.65944720543573,111.96041368995603,109.49440992627346,111.61090087890625,137672400
2020-09-29T00:00:00.000,111.21285610238571,111.9507099432901,110.26140285567331,110.76625061035156,99382200
2020-09-30T00:00:00.000,110.4750007366762,113.84391175108092,110.30995505877512,112.43614959716797,142675200
2020-10-01T00:00:00.000,114.21282419285578,114.29049535158379,112.45555681762868,113.38758850097656,116120400
2020-10-02T00:00:00.000,109.60119167081031,112.00894545535374,108.95071245980235,109.72740173339844,144712000
2020-10-05T00:00:00.000,110.5915056515741,113.25168017088336,110.24199280586862,113.10604858398438,106243800
2020-10-06T00:00:00.000,112.32934639868184,112.73711630408881,108.97985709448719,109.86334991455078,161498200
2020-10-07T00:00:00.000,111.28081129884058,112.18371817362878,110.80508099423795,111.72740936279297,96849000
2020-10-08T00:00:00.000,112.86332203954677,113.00895361392693,111.25167878876417,111.62061309814453,83477200
2020-10-09T00:00:00.000,111.92158685077898,113.59147987684435,111.57207401243367,113.5623550415039,100506900
2020-10-12T00:00:00.000,116.56234093811678,121.5331848318952,115.80506553004969,120.77590942382812,240226800
2020-10-13T00:00:00.000,121.62055188862823,121.73705863931524,116.1642820228976,117.57203674316406,262330500
2020-10-14T00:00:00.000,117.47496426731374,119.44582405293845,116.13516982074954,117.65943145751953,150712000
2020-10-15T00:00:00.000,115.26135104884993,117.66909747078712,114.70795706091747,117.19337463378906,112559200
2020-10-16T00:00:00.000,117.74681314896735,118.00895153071929,115.3487691587039,115.55265045166016,115393800
2020-10-19T00:00:00.000,116.46525200898868,116.91185012257559,112.29052664782569,112.60120391845703,120639300
2020-10-20T00:00:00.000,112.81476779400624,115.51378488263892,112.26137377590751,114.08660888671875,124423700
2020-10-21T00:00:00.000,113.27108546353527,115.25165563302974,113.05749347361974,113.46526336669922,89946000
2020-10-22T00:00:00.000,114.02837075211397,114.60118635769001,111.25168945435153,112.37789916992188,101988000
2020-10-23T00:00:00.000,112.99925284491812,113.15459517987493,110.95072209723901,111.68858337402344,82572600
2020-10-26T00:00:00.000,110.6885775032748,113.15458121285103,109.591492767667,111.69828033447266,111850700
2020-10-27T00:00:00.000,112.12546171107986,113.86331505621116,111.20314074462335,113.203125,92276800
2020-10-28T00:00:00.000,111.69827875394513,112.06720563801413,107.86334871753533,107.96043395996094,143937800
2020-10-29T00:00:00.000,109.09636307884779,113.52351567412646,108.93131000553764,111.96041870117188,146129200
2020-10-30T00:00:00.000,107.82451896896531,108.72742584588708,104.58182577242385,105.68861389160156,190272600
2020-11-02T00:00:00.000,105.93134082759394,107.45560232371076,104.19348732192323,105.60124206542969,122866900
2020-11-03T00:00:00.000,106.4653046968192,108.24198610997585,105.56239787070092,107.22257995605469,107624400
2020-11-04T00:00:00.000,110.81481127564828,112.22256612959036,109.07695763364633,111.60121154785156,138235500
2020-11-05T00:00:00.000,114.51377102362441,116.13512470354975,113.46524018924022,115.56230926513672,126387100
2020-11-06T00:00:00.000,115.07120221763194,115.92703675245446,112.94133225108231,115.43104553222656,114457900
2020-11-09T00:00:00.000,117.19133287792215,118.6404186508716,112.86352313794548,113.12610626220703,154515300
2020-11-10T00:00:00.000,112.37727008295128,114.36124992222891,110.99625432436308,112.78573608398438,138023400
2020-11-11T00:00:00.000,113.97224059958567,116.3452388928094,113.24283383562194,116.2090835571289,112295000
2020-11-12T00:00:00.000,116.33552114136147,117.22053084100786,115.31434868339849,115.93677520751953,103162300
2020-11-13T00:00:00.000,116.16044760960408,116.38412816982795,114.63355658842221,115.98538970947266,81581900
2020-11-16T00:00:00.000,115.65471322677983,117.66787522451466,114.90585901966058,116.996826171875,91183000
2020-11-17T00:00:00.000,116.26742672482064,117.35666927518157,115.6936229499769,116.11181640625,74271000
2020-11-18T00:00:00.000,115.35324564020682,116.53002096182686,114.75999422898965,114.78916931152344,76322100
2020-11-19T00:00:00.000,114.36124340716778,115.7908817492475,113.60266161420516,115.38241577148438,74113000
2020-11-20T00:00:00.000,115.38240319501891,115.50883100676269,114.06947274108221,114.11809539794922,73604300
2020-11-23T00:00:00.000,113.96250558761568,114.39042656864258,110.62668524347754,110.72393798828125,127959300
2020-11-24T00:00:00.000,110.78229252304031,112.66901946402936,109.49852961528087,112.0076904296875,113874200
2020-11-25T00:00:00.000,112.37724673524147,113.5442943299849,112.00767597497685,112.84406280517578,76499200
2020-11-27T00:00:00.000,113.36924718338975,114.26398425207363,113.02885888768483,113.3886947631836,46691300
2020-11-30T00:00:00.000,113.75828376790362,117.6484533013128,113.60267342501068,115.78117370605469,169410200
2020-12-01T00:00:00.000,117.68735624187373,120.07980962174469,116.71481385558914,119.35040283203125,127728200
2020-12-02T00:00:00.000,118.66961579736986,119.98255392256038,117.57064559900594,119.70051574707031,89004200
2020-12-03T00:00:00.000,120.1284151780445,120.38127824003541,118.85438720785504,119.56434631347656,78967600
2020-12-04T00:00:00.000,119.23369890903952,119.48656201518021,118.1833513172949,118.893310546875,78260400
2020-12-07T00:00:00.000,118.95165604515132,121.14960390007961,118.89330587676078,120.35211944580078,86712000
2020-12-08T00:00:00.000,120.95507789382133,121.54832923828494,119.71021762648395,120.96479797363281,82225500
2020-12-09T00:00:00.000,121.11068659164964,122.49169482167979,117.67761359703715,118.43619537353516,115089200
2020-12-10T00:00:00.000,117.19133090530717,120.46880067316184,116.85094263147249,119.85609436035156,81312200
2020-12-11T00:00:00.000,119.06836726112641,119.38930803641776,117.23999020597732,119.04891967773438,86939800
2020-12-14T00:00:00.000,119.2336797308675,119.9630864267169,118.20278730843776,118.43619537353516,79184500
2020-12-15T00:00:00.000,120.92591997852064,124.38817601169539,120.72168696233577,124.36872100830078,157243700
2020-12-16T00:00:00.000,123.91162528457596,124.84525763713049,123.08495834508075,124.3006362915039,98208600
2020-12-17T00:00:00.000,125.3606965932024,126.02203307421959,124.52430962121518,125.16619110107422,94359800
2020-12-18T00:00:00.000,125.41907088363601,125.55522622218948,122.65704668745983,123.18222045898438,192541500
2020-12-21T00:00:00.000,121.5872165119075,124.78688108062977,120.06032563089732,124.70907592773438,121251600
2020-12-22T00:00:00.000,127.99627481697722,130.71939584455194,126.09008564573021,128.2588653564453,168904800
2020-12-23T00:00:00.000,128.53116804036412,128.7937437238064,127.18905518795543,127.36412048339844,88223700
2020-12-24T00:00:00.000,127.71424330377316,129.79548292817182,127.50028284184114,128.3463897705078,54930100
2020-12-28T00:00:00.000,130.31096699096756,133.5689752639016,129.84413593469228,132.93682861328125,124486200
2020-12-29T00:00:00.000,134.2594552546887,134.979126993658,130.65131712079605,131.16676330566406,121047300
2020-12-30T00:00:00.000,131.85731528225065,132.2560612728946,129.73716489381331,130.0483856201172,96452100
2020-12-31T00:00:00.000,130.39844854670574,131.040329904096,128.10324856194674,129.04661560058594,99116600
2021-01-04T00:00:00.000,129.85383061033397,129.94135584132596,123.27944367028935,125.85668182373047,143301900
2021-01-05T00:00:00.000,125.35095048522051,128.12270140194101,124.90357459038079,127.41273498535156,97664900
2021-01-06T00:00:00.000,124.21309795786028,127.45166544679954,122.90988747820573,123.12384796142578,155088000
2021-01-07T00:00:00.000,124.83551263774474,128.01572966594065,124.34924155623901,127.3252182006836,109578200
2021-01-08T00:00:00.000,128.79378086858412,128.98830121735807,126.65419059044255,128.42422485351562,105158200
2021-01-11T00:00:00.000,125.64273221772613,126.595819441527,124.97167570919714,125.43849182128906,100384500
2021-01-12T00:00:00.000,124.97166974271053,126.1289973076945,123.376701166046,125.26343536376953,91951100
2021-01-13T00:00:00.000,125.22456136179542,127.84070294426009,124.96198558320008,127.29608154296875,88636800
2021-01-14T00:00:00.000,127.20855754840598,127.40306307368417,125.22456260703547,125.37045288085938,90221800
2021-01-15T00:00:00.000,125.2439937099894,126.64445696844105,123.51286963768597,123.6490249633789,111598500
2021-01-19T00:00:00.000,124.27144590893572,125.17591790643084,123.4545139910682,124.32007598876953,90757300
2021-01-20T00:00:00.000,125.12732167824589,128.8521612360096,125.02034140959604,128.40478515625,104319500
2021-01-21T00:00:00.000,130.1261500695179,135.83496806730975,129.92190967683482,133.11184692382812,120150900
2021-01-22T00:00:00.000,132.53806351525557,136.01004665089906,131.31266555904966,135.25146484375,114459400
2021-01-25T00:00:00.000,139.1416483205631,141.106173284309,132.79093279458516,138.99575805664062,157611700
2021-01-26T00:00:00.000,139.65707747210416,140.3378541007655,137.48829750104505,139.22915649414062,98390600
2021-01-27T00:00:00.000,139.49169483554834,140.33781648420387,136.5546286191812,138.15931701660156,140843800
2021-01-28T00:00:00.000,135.6891219680526,138.09130292156465,132.94654523318187,133.32583618164062,142621100
2021-01-29T00:00:00.000,132.10038762484038,132.98540444648626,126.63470608598875,128.33665466308594,177523800
2021-02-01T00:00:00.000,130.0775115262782,131.66275996689077,127.3349355620146,130.45680236816406,106239800
2021-02-02T00:00:00.000,132.00313417601586,132.5672103709399,130.9138917801982,131.28346252441406,83305400
2021-02-03T00:00:00.000,132.03234852121233,132.04208344252265,129.94138833452192,130.2623291015625,89880900
2021-02-04T00:00:00.000,132.55750155942113,133.62728904915303,130.89444790890877,133.61756896972656,84183100
2021-02-05T00:00:00.000,133.77831254493844,133.84648451427685,132.32705363193958,133.20364379882812,75693800
2021-02-08T00:00:00.000,132.49262578464683,133.39844945852406,131.41149002924152,133.34974670410156,71297200
2021-02-09T00:00:00.000,133.06726715184539,134.29451105529114,132.31730127973145,132.47312927246094,76774200
2021-02-10T00:00:00.000,132.9309297060643,133.4276770274743,130.90501685547775,131.86927795410156,73046600
2021-02-11T00:00:00.000,132.36597838425936,132.84324151471785,130.29137814000228,131.6160125732422,64280000
2021-02-12T00:00:00.000,130.85631242835694,132.0056200817279,130.21347177715296,131.8497772216797,60145100
2021-02-16T00:00:00.000,131.96663266193272,132.47309953309198,129.33683338034655,129.7264404296875,80576300
2021-02-17T00:00:00.000,127.8369410028071,128.78171806051128,126.10322977283343,127.4375991821289,97918500
2021-02-18T00:00:00.000,125.84021263400942,126.61941198787154,124.09676726976038,126.33695983886719,96856700
2021-02-19T00:00:00.000,126.85321691724961,127.31099612706664,125.4506606030865,126.49282836914062,87668800
2021-02-22T00:00:00.000,124.68116782712916,126.34670679460257,122.33384236261952,122.72344207763672,103916400
2021-02-23T00:00:00.000,120.54169271715817,123.4149766498793,115.31133387912055,122.58708190917969,158273000
2021-02-24T00:00:00.000,121.691012957123,122.29488547484925,119.0514857660057,122.09034729003906,111039900
2021-02-25T00:00:00.000,121.43776543888308,123.17147632846172,117.40542445743719,117.84371948242188,148199500
2021-02-26T00:00:00.000,119.4020977442568,121.60332952526318,118.04824467349069,118.106689453125,164560400
2021-03-01T00:00:00.000,120.53196041049354,124.60326248159897,119.59692548811965,124.46690368652344,116307900
2021-03-02T00:00:00.000,125.07077944616279,125.3727157063762,121.75919289657611,121.8663330078125,102260900
2021-03-03T00:00:00.000,121.56436694253905,122.4409643135904,118.6715993335673,118.88587951660156,112966300
2021-03-04T00:00:00.000,118.58395606502583,120.38584631369558,115.53535272389263,117.0060806274414,178155000
2021-03-05T00:00:00.000,117.83398211644732,118.7690169305712,114.5126538027712,118.26253509521484,153766600
2021-03-08T00:00:00.000,117.7852730985796,117.85345248459532,113.18801326724598,113.33411407470703,154376600
2021-03-09T00:00:00.000,115.93469539878758,118.88590088596752,115.70093853482196,117.94112396240234,129525800
2021-03-10T00:00:00.000,118.52552453136408,118.99303824849771,116.34376908141869,116.85999298095703,111943300
2021-03-11T00:00:00.000,119.35340946888309,120.00598467048323,118.10669641776761,118.78849029541016,103026500
2021-03-12T00:00:00.000,117.26907585524096,118.01904922400895,116.0613233493951,117.8826904296875,88105100
2021-03-15T00:00:00.000,118.25279852383531,120.77544332973144,117.28853761790177,120.76570129394531,92403800
2021-03-16T00:00:00.000,122.4312508542222,123.9117284110974,121.47673927373422,122.30463409423828,115227900
2021-03-17T00:00:00.000,120.82416526324258,122.58709503966791,119.15862613615897,121.51570129394531,111932600
2021-03-18T00:00:00.000,119.68457913932171,119.97678079779097,117.19115272943903,117.39569091796875,121229700
2021-03-19T00:00:00.000,116.78208730000807,118.27229954970673,116.56780705450936,116.86974334716797,185549500
2021-03-22T00:00:00.000,117.20091082094861,120.64885668061302,117.13273141543256,120.18133544921875,111912300
2021-03-23T00:00:00.000,120.12287382459728,121.0092059173222,118.96381673388366,119.3534164428711,95467100
2021-03-24T00:00:00.000,119.62613612617307,119.70405755554833,116.94764829711929,116.96712493896484,88530500
2021-03-25T00:00:00.000,116.43144110431777,118.49631456122934,115.90548256064227,117.45413208007812,98844700
2021-03-26T00:00:00.000,117.22036189731419,118.32098161470867,115.82754797615723,118.05799865722656,94071200
2021-03-29T00:00:00.000,118.4865630734955,119.39237925463331,117.59048892877756,118.23332214355469,80819200
2021-03-30T00:00:00.000,116.98660451621751,117.26906411360106,115.76911009525196,116.78206634521484,85671900
2021-03-31T00:00:00.000,118.48655115112102,120.30791793555011,117.99955341308188,118.97354888916016,118323800
2021-04-01T00:00:00.000,120.44428559619276,120.95075998024407,119.30470522783453,119.80144500732422,75089100
2021-04-05T00:00:00.000,120.64882787870255,122.87927851383142,119.86962848939254,122.62603759765625,88651200
2021-04-06T00:00:00.000,123.21045341308864,123.82406801579717,122.38255857200649,122.92799377441406,80171300
2021-04-07T00:00:00.000,122.55785759372996,124.59350465582355,121.88579830959569,124.57402801513672,83466700
2021-04-08T00:00:00.000,125.59674758502777,126.99930382725644,125.17793655097103,126.97008514404297,88844600
2021-04-09T00:00:00.000,126.42462946477704,129.58036563750287,126.1032091394081,129.54141235351562,106686700
2021-04-12T00:00:00.000,129.07393826976255,129.3953586938284,127.23308664974743,127.82722473144531,91420000
2021-04-13T00:00:00.000,128.99597765783932,131.15824904554103,128.49923039780398,130.93421936035156,91266500
2021-04-14T00:00:00.000,131.43098018165665,131.48941754486856,128.2362755221187,128.59664916992188,87222800
2021-04-15T00:00:00.000,130.34013136412574,131.4894393296933,130.16480438344763,131.00244140625,89347100
2021-04-16T00:00:00.000,130.8076081751269,131.16798178060714,129.81412853121648,130.67124938964844,84922400
2021-04-19T00:00:00.000,130.0381412567294,131.9471790846723,129.87256379574342,131.33355712890625,94264200
2021-04-20T00:00:00.000,131.5088638445784,132.00559615119002,128.3823320528723,129.64852905273438,94812300
2021-04-21T00:00:00.000,128.91807261047788,130.27192605122198,127.88563953707525,130.02842712402344,68847100
2021-04-22T00:00:00.000,129.58035833012048,130.66149395921403,127.99275572778816,128.50897216796875,84566500
2021-04-23T00:00:00.000,128.72323846633472,131.6062565911259,128.72323846633472,130.8270721435547,78657500
2021-04-26T00:00:00.000,131.32381490404939,131.54782970744535,130.0868364590517,131.2166748046875,66905100
2021-04-27T00:00:00.000,131.49915149684074,131.88875868630524,130.62256132903624,130.89527893066406,66015800
2021-04-28T00:00:00.000,130.81735115204378,131.50889459107745,129.61934068424674,130.10633850097656,107760100
2021-04-29T00:00:00.000,132.92117853809344,133.50558183329358,129.00571212903608,130.00892639160156,151101000
2021-04-30T00:00:00.000,128.35314426527148,130.08685531571498,127.66161568350715,128.04147338867188,109839500
2021-05-03T00:00:00.000,128.6063555356659,130.58358001612103,128.40182480933737,129.09335327148438,75135100
2021-05-04T00:00:00.000,127.77847076247717,128.07067238199318,123.40522566029897,124.52532196044922,137564700
2021-05-05T00:00:00.000,125.84021547722773,127.05770985077288,124.64220517501703,124.76882934570312,84000900
2021-05-06T00:00:00.000,124.56429785702491,126.37593028448455,123.8240591134078,126.36619567871094,78128300
2021-05-07T00:00:00.000,127.66378295557222,128.06378806137542,126.32713259923071,127.03936767578125,78973300
2021-05-10T00:00:00.000,126.25887677480436,126.38570115821472,123.7221806852606,123.7612075805664,88071200
2021-05-11T00:00:00.000,120.4927732833166,123.19532046962064,119.78054551827158,122.8440933227539,126142800
2021-05-12T00:00:00.000,120.39521236408822,121.60501628867115,119.27321336720668,119.78054809570312,112172300
2021-05-13T00:00:00.000,121.54646856304096,123.07823863645709,121.23426088704589,121.92697143554688,105861300
2021-05-14T00:00:00.000,123.17581868284023,124.7758841676664,122.7855571745272,124.34659576416016,81918000
2021-05-17T00:00:00.000,123.73193826034131,123.83926036065176,122.12211419930365,123.19532775878906,74244600
2021-05-18T00:00:00.000,123.47825894714309,123.8977887358132,121.74160317568686,121.80989837646484,63342900
2021-05-19T00:00:00.000,120.16105011854478,121.87818865261369,119.86835215925528,121.65379333496094,92612000
2021-05-20T00:00:00.000,122.1806452374261,124.61001150333645,122.05380598133526,124.20999145507812,76857100
2021-05-21T00:00:00.000,124.7075655227382,124.88318279629019,122.16111877804317,122.37576293945312,79295400
2021-05-24T00:00:00.000,122.94166434682049,124.82466923282675,122.87336914136405,124.00511932373047,63092900
2021-05-25T00:00:00.000,124.70757079826137,125.19540319531397,123.24409593795775,123.80997467041016,72009500
2021-05-26T00:00:00.000,123.8685296817526,124.28805950176616,123.34167776055286,123.7612075805664,56575900
2021-05-27T00:00:00.000,123.3611810284224,124.5319579811851,122.03429651202822,122.22942352294922,94625600
2021-05-28T00:00:00.000,122.51238309301259,122.73678589181651,121.51722326349409,121.57575988769531,71311100
2021-06-01T00:00:00.000,122.03430717883234,122.2977294109628,120.92206674340329,121.2537841796875,67637100
2021-06-02T00:00:00.000,121.25377238108098,122.19039542274523,121.02937706510446,122.01477813720703,59278900
2021-06-03T00:00:00.000,121.64403969713835,121.80989840712398,120.13177925202119,120.53179931640625,76229200
2021-06-04T00:00:00.000,121.04889463757115,123.08800699874061,120.83425044759345,122.82457733154297,75169300
2021-06-07T00:00:00.000,123.09775754946514,123.24410653680496,121.7903901347652,122.83433532714844,71057600
2021-06-08T00:00:00.000,123.51728685562117,125.33200387040455,123.13678395621102,123.65387725830078,74403800
2021-06-09T00:00:00.000,124.1124318358548,124.63928371308171,123.43923097435068,124.03437805175781,56877900
2021-06-10T00:00:00.000,123.9270603510902,125.06857651400928,122.87336400291547,123.03922271728516,71186400
2021-06-11T00:00:00.000,123.4489755912786,124.33682053678962,123.02944585374593,124.24900817871094,53522400
2021-06-14T00:00:00.000,124.70755558634418,127.36131675668122,123.97581824545021,127.30278015136719,96906500
2021-06-15T00:00:00.000,126.77595142885431,127.41988394107798,126.23934100200125,126.4832534790039,62746300
2021-06-16T00:00:00.000,127.19548678307785,127.7028289556805,125.33200658203938,126.98084259033203,91815000
2021-06-17T00:00:00.000,126.6393832290609,129.3224209462561,126.49302678487064,128.58091735839844,96721700
2021-06-18T00:00:00.000,127.52719186886974,128.3076997988403,127.06863527203306,127.28327941894531,108953300
2021-06-21T00:00:00.000,127.12722136946698,129.1858438437529,126.06376624672313,129.07852172851562,79663300
2021-06-22T00:00:00.000,128.91263161271146,130.8151460223462,128.4150406144124,130.7175750732422,74783600
2021-06-23T00:00:00.000,130.51269961588608,131.04931007255976,129.98584029942936,130.44439697265625,60214200
2021-06-24T00:00:00.000,131.1761225655203,131.36149842351492,129.69313058879897,130.1614532470703,68711000
2021-06-25T00:00:00.000,130.21025787505408,130.6297802366699,129.5760764313894,129.8687744140625,70783700
2021-06-28T00:00:00.000,130.1614419453381,131.95663398446408,130.10290533994575,131.49807739257812,62111300
2021-06-29T00:00:00.000,131.51761747124857,133.16646828417475,131.07857796707717,133.01036071777344,64556100
2021-06-30T00:00:00.000,132.85422833936676,134.06403942217588,132.56153042883813,133.625,63261400
2021-07-01T00:00:00.000,133.27379128495963,133.98601159157678,132.4542339993765,133.92747497558594,52485800
2021-07-02T00:00:00.000,134.54213509862615,136.59100614570704,134.39579354693674,136.55198669433594,78852600
2021-07-06T00:00:00.000,136.65929888430668,139.66428770082487,136.65929888430668,138.5618133544922,108181800
2021-07-07T00:00:00.000,140.04479519196917,141.3619286538461,139.1862333107396,141.0497283935547,104911600
2021-07-08T00:00:00.000,138.13252320539087,140.55213093920304,137.24467816832617,139.75210571289062,105575500
2021-07-09T00:00:00.000,139.2740790966999,142.1034589868499,139.17650811266356,141.5766143798828,99890800
2021-07-12T00:00:00.000,142.64979816390084,142.75712026323748,140.49360503622404,140.98143005371094,76299700
2021-07-13T00:00:00.000,140.52284633857775,143.8693330567253,140.13259235448814,142.09364318847656,100827100
2021-07-14T00:00:00.000,144.4937679079545,145.9279745686904,144.0839818158266,145.5181884765625,127050800
2021-07-15T00:00:00.000,145.60602078776031,146.34750947636803,143.50836421958925,144.86451721191406,106820300
2021-07-16T00:00:00.000,144.84502714125577,146.11336042052585,142.3278479795718,142.82542419433594,93251400
2021-07-19T00:00:00.000,140.2496710710599,140.56188618036083,138.22031752231123,138.9813232421875,121434600
2021-07-20T00:00:00.000,139.96671651936813,143.51808093354776,139.47889165540263,142.59120178222656,96350000
2021-07-21T00:00:00.000,141.9862905106955,142.57168624790816,141.1082117921086,141.8594512939453,74993500
2021-07-22T00:00:00.000,142.38638886275476,144.5913528979392,142.2595495761402,143.22544860839844,77338200
2021-07-23T00:00:00.000,143.95711928298726,145.09862766986717,143.3424551949622,144.94252014160156,71447400
2021-07-26T00:00:00.000,144.6596219111436,146.18163344756866,144.10349429509156,145.36209106445312,72434100
2021-07-27T00:00:00.000,145.48895126026883,145.57677109148528,142.0058878307222,143.19618225097656,104818600
2021-07-28T00:00:00.000,141.28387882976534,143.391286472983,139.06914908747908,141.44973754882812,118931200
2021-07-29T00:00:00.000,141.16677881083731,142.98148812260095,141.0594567321274,142.09364318847656,56699500
2021-07-30T00:00:00.000,140.86437626783024,142.76689112133272,140.6009465535791,142.30833435058594,70440600
2021-08-02T00:00:00.000,142.79613544954273,143.37176538004852,141.71316334757606,141.97659301757812,62880000
2021-08-03T00:00:00.000,142.2595139229218,144.43520909857267,141.64484970305608,143.7717742919922,64786600
2021-08-04T00:00:00.000,143.68398028393023,144.19130756729243,142.71808142038705,143.37176513671875,56368300
2021-08-05T00:00:00.000,143.40102641721816,144.24008597517638,142.61075233452527,143.4790802001953,46397700
2021-08-06T00:00:00.000,143.00033556159832,143.74293525391155,142.29681378591434,142.79513549804688,54126800
2021-08-09T00:00:00.000,142.8537292225246,143.34228507821692,142.18930041536296,142.74624633789062,48908700
2021-08-10T00:00:00.000,143.08821088010203,144.3291466635416,141.9743043631005,142.26744079589844,69023100
2021-08-11T00:00:00.000,142.7071990606952,143.3618622586966,142.19909668704307,142.52154541015625,48493500
2021-08-12T00:00:00.000,142.8439937943236,145.63853447846216,142.50199865892714,145.48219299316406,72282600
2021-08-13T00:00:00.000,145.56033337689462,146.01957707570978,144.8763581583002,145.68736267089844,59375000
2021-08-16T00:00:00.000,145.14021253550032,147.72956832789293,143.11759841201288,147.66116333007812,103296000
2021-08-17T00:00:00.000,146.7915040599331,148.20831321235303,145.67759718518755,146.75242614746094,92229700
2021-08-18T00:00:00.000,146.37132185900873,147.27026274921596,142.80485554411644,143.0100555419922,86326000
2021-08-19T00:00:00.000,141.71052547158095,144.61254875765684,141.19265740190144,143.34230041503906,86960300
2021-08-20T00:00:00.000,144.06536865206095,145.10110479232438,143.4204712746936,144.79820251464844,60549600
2021-08-23T00:00:00.000,144.91542102572143,146.75239563031982,144.50503593715925,146.28338623046875,60131800
2021-08-24T00:00:00.000,146.0293883512778,147.4071198772423,145.73625176348057,146.19549560546875,48606400
2021-08-25T00:00:00.000,146.38108802855803,146.87942449217206,144.4170990582826,144.9642791748047,58991300
2021-08-26T00:00:00.000,144.95452843061085,145.70689371393732,144.13374326132688,144.16305541992188,48597200
2021-08-27T00:00:00.000,144.1044769351318,145.34541337865105,143.46936008418646,145.1988525390625,55802400
2021-08-30T00:00:00.000,145.58961599111578,149.9768520686175,145.20854309597695,149.6153106689453,90956700
2021-08-31T00:00:00.000,149.1658935130071,149.30268857096087,147.82724018566304,148.35488891601562,86453100
2021-09-01T00:00:00.000,149.3319546921016,151.4327384864577,148.8531646821077,149.01927185058594,80313700
2021-09-02T00:00:00.000,150.34817499884036,151.17872592141705,148.91181958328025,150.13320922851562,71115500
2021-09-03T00:00:00.000,150.24069238740682,151.09078972052774,149.5860293255129,150.76834106445312,57808700
2021-09-07T00:00:00.000,151.4230043452141,153.66058362239795,150.8562777588282,153.1036376953125,82278300
2021-09-08T00:00:00.000,153.38699333617137,153.44561765373206,150.4556581818044,151.55979919433594,74420200
2021-09-09T00:00:00.000,151.93110647020356,152.53691096459315,150.4263460744376,150.54360961914062,57305700
2021-09-10T00:00:00.000,151.45231569560596,151.9213251437336,145.2965089144569,145.56033325195312,140893200
2021-09-13T00:00:00.000,147.18235774668085,147.9542695218118,145.34538275990522,146.1270751953125,102404300
2021-09-14T00:00:00.000,146.90872098150533,147.6122424590222,143.5474550132665,144.72975158691406,109296300
2021-09-15T00:00:00.000,145.15972903193406,146.01959220126037,143.01985176888803,145.6189727783203,83281300
2021-09-16T00:00:00.000,145.04243459087402,145.56030249720038,143.85035735869758,145.38441467285156,68034100
2021-09-17T00:00:00.000,145.4137565229727,145.4137565229727,142.423782481279,142.7169189453125,129868800
2021-09-20T00:00:00.000,140.50868223734292,141.52487196661303,138.0365905336095,139.66836547851562,123478900
2021-09-21T00:00:00.000,140.6356964105484,141.29037444715544,139.51202378684255,140.1471405029297,75834000
2021-09-22T00:00:00.000,141.14378392401113,143.0784609405733,140.4109501394529,142.51174926757812,76404300
2021-09-23T00:00:00.000,143.29344195401745,143.71360778815728,142.30656438659437,143.46932983398438,64838200
2021-09-24T00:00:00.000,142.32609558654582,144.09466540021555,142.2283784515029,143.5572509765625,53477900
2021-09-27T00:00:00.000,142.14041120568638,142.6192012084837,140.52818319327758,142.04269409179688,74150700
2021-09-28T00:00:00.000,139.9712831876772,141.43695107445913,138.4469909709511,138.66195678710938,108972300
2021-09-29T00:00:00.000,139.20915215862485,141.14382980407123,138.77922047973757,139.5609130859375,74602000
2021-09-30T00:00:00.000,140.37185613978193,141.07537768507382,138.0463257589815,138.26129150390625,89056700
2021-10-01T00:00:00.000,138.65214546670163,139.64880358400276,135.9260103602956,139.38497924804688,94639600
2021-10-04T00:00:00.000,138.51535016597074,138.95506236159227,135.1052398519007,135.955322265625,98322000
2021-10-05T00:00:00.000,136.29730248452776,138.9843593851802,136.1702732054442,137.88021850585938,80861100
2021-10-06T00:00:00.000,136.2777712400183,138.89642346342436,135.20294239635672,138.74986267089844,83221100
2021-10-07T00:00:00.000,139.78562915042673,140.9190825580318,139.45341467529775,140.01036071777344,61732700
2021-10-08T00:00:00.000,140.73338282452485,140.87994360098938,139.29702757701324,139.62924194335938,58773200
2021-10-11T00:00:00.000,139.0137022391212,141.49555969160025,138.56422424355534,139.5413360595703,64452200
2021-10-12T00:00:00.000,139.9517211619384,139.97126757292082,137.8118439004276,138.27108764648438,73035900
2021-10-13T00:00:00.000,138.00724781162134,138.16357433643927,136.01393179740973,137.68479919433594,78762700
2021-10-14T00:00:00.000,138.85736070158842,140.58685278975153,138.27108764845218,140.46958923339844,69907100
2021-10-15T00:00:00.000,140.4793699361988,141.58349614959462,140.22531132197605,141.52487182617188,67940300
2021-10-18T00:00:00.000,140.16670208595596,143.479110901774,139.88334618906478,143.1957550048828,85589200
2021-10-19T00:00:00.000,143.64521771748375,145.75578303894451,143.195754584487,145.35516357421875,76378900
2021-10-20T00:00:00.000,145.29652399244392,146.32249438069462,144.72979735027167,145.8437042236328,58418800
2021-10-21T00:00:00.000,145.40397653574416,146.2149809625118,144.48548923531962,146.0586395263672,61421000
2021-10-22T00:00:00.000,146.26387023963363,146.74264548774926,145.23789985010384,145.28675842285156,58883400
2021-10-25T00:00:00.000,145.27694716693773,145.95115656405432,144.24121124480388,145.2378692626953,50720600
2021-10-26T00:00:00.000,145.91209424092938,147.38752756365847,145.5994113354405,145.90232849121094,60893400
2021-10-27T00:00:00.000,145.94140632392705,146.30293288736218,145.09132390307514,145.44308471679688,56094900
2021-10-28T00:00:00.000,146.39089965518153,149.66421529809745,146.29318250961379,149.0779571533203,100077900
2021-10-29T00:00:00.000,143.85037288076313,146.5081176612954,143.05891485963772,146.37132263183594,124953200
2021-11-01T00:00:00.000,145.57987978563986,146.2736207539483,144.4171144592604,145.55056762695312,74588300
2021-11-02T00:00:00.000,145.25741606122364,148.10081443519022,145.2476354029817,146.58628845214844,69122000
2021-11-03T00:00:00.000,146.94783044977856,148.49166875101167,146.39088452432864,148.0226593017578,54511500
2021-11-04T00:00:00.000,148.11059575284676,148.94113176601576,147.192108353955,147.50479125976562,60394600
2021-11-05T00:00:00.000,148.6300964838691,148.93344079375584,146.83937063089465,148.03318786621094,65463900
2021-11-08T00:00:00.000,148.16042562432813,148.3169952703634,146.93725326087116,147.21124267578125,55020900
2021-11-09T00:00:00.000,146.97637928946335,148.17997664131613,146.83938459031998,147.5732879638672,56787900
2021-11-10T00:00:00.000,146.8002509889988,146.9078907486886,144.67682566721112,144.7453155517578,65187100
2021-11-11T00:00:00.000,145.76299817171153,146.22289720379737,144.51045604306032,144.69638061523438,41000000
2021-11-12T00:00:00.000,145.2443426792842,147.1720631299846,144.3147348567186,146.7708740234375,63804000
2021-11-15T00:00:00.000,147.14273967083543,148.620341460146,146.22291165316477,146.7806854248047,59222800
2021-11-16T00:00:00.000,146.72195341819835,148.23868992516853,146.13482479249984,147.7592010498047,59256200
2021-11-17T00:00:00.000,147.75923582189736,151.67338776419928,147.74945581731131,150.19580078125,88807000
2021-11-18T00:00:00.000,150.411059635024,155.2645990140686,149.7652210699027,154.4817657470703,137827700
2021-11-19T00:00:00.000,154.26646446197273,157.56414670764048,153.17050700157068,157.10423278808594,117305600
2021-11-22T00:00:00.000,158.21000213967926,162.14372871908944,157.54460352782965,157.56417846679688,117467900
2021-11-23T00:00:00.000,157.66197074401728,158.3273840653617,155.6461857101391,157.9457550048828,96041900
2021-11-24T00:00:00.000,157.29995411244806,158.66012108108276,156.2137765381209,158.46441650390625,69463600
2021-11-26T00:00:00.000,156.14526203093936,157.00636502097973,153.0041495633598,153.44448852539062,76959800
2021-11-29T00:00:00.000,155.9495652762871,157.73051124922804,155.38201155737082,156.8009033203125,88748200
2021-11-30T00:00:00.000,156.5562854284138,161.9675988704111,156.4877806077615,161.7523193359375,174048100
2021-12-01T00:00:00.000,163.88551760970591,166.64500155872992,160.99883389139347,161.2336883544922,152052500
2021-12-02T00:00:00.000,155.33312660558886,160.6759356934568,154.41329850184846,160.24537658691406,136739200
2021-12-03T00:00:00.000,160.49978216462458,161.41961013164072,156.29206642790317,158.36656188964844,118023100
2021-12-06T00:00:00.000,160.76395823883925,164.27692006238982,160.75417823673777,161.77186584472656,107497000
2021-12-07T00:00:00.000,165.45116789916563,167.89751232351225,164.72704457429052,167.50608825683594,120405400
2021-12-08T00:00:00.000,168.4357343791699,172.18353634737676,167.03641741062992,171.32241821289062,116998900
2021-12-09T00:00:00.000,171.15601647393692,172.95652208783176,170.187258867456,170.8135223388672,108923700
2021-12-10T00:00:00.000,171.4496265464153,175.77476213435622,170.94078267392138,175.59861755371094,115402700
2021-12-13T00:00:00.000,177.23281709676726,178.2211501405107,171.76279266415867,171.96829223632812,153237000
2021-12-14T00:00:00.000,171.48873864529648,173.92530298904865,168.51399049049428,170.58848571777344,139380400
2021-12-15T00:00:00.000,171.35179699752268,175.64757840128232,168.6118874958098,175.45187377929688,131063300
2021-12-16T00:00:00.000,175.43223547777242,177.25231617436867,167.08531019517628,168.56289672851562,150185800
2021-12-17T00:00:00.000,166.282881917165,169.74691327261917,166.04804245665855,167.4669189453125,195432700
2021-12-20T00:00:00.000,164.66834446331637,166.91898445345717,163.8659512088188,166.10679626464844,107499100
2021-12-21T00:00:00.000,167.8779657038139,169.48276731961977,165.49033075391415,169.27728271484375,91185900
2021-12-22T00:00:00.000,169.32617236411534,172.08565609490324,168.45527432954148,171.87037658691406,92135300
2021-12-23T00:00:00.000,172.07589419886108,173.05443209039555,171.50834043001467,172.4966583251953,68356600
2021-12-27T00:00:00.000,173.28927903509933,176.54781214494253,173.26971902697096,176.45974731445312,74919600
2021-12-28T00:00:00.000,176.29338521436063,177.43827272382592,174.69836371754772,175.44204711914062,79144300
2021-12-29T00:00:00.000,175.48119097181373,176.75329313798875,174.3167285642682,175.53012084960938,62348900
2021-12-30T00:00:00.000,175.6181590245021,176.6945564474762,174.26777224500728,174.3754119873047,59773000
2021-12-31T00:00:00.000,174.26780109643352,175.38333364161016,173.45561289396153,173.75897216796875,64062300
2022-01-03T00:00:00.000,174.01340208653673,178.9550216250589,173.89598231281707,178.1036834716797,104487900
2022-01-04T00:00:00.000,178.7103390737201,179.01368336177322,175.2756623032222,175.8432159423828,99310400
2022-01-05T00:00:00.000,175.75520858897764,176.30318747314612,170.89187359502515,171.16586303710938,94537600
2022-01-06T00:00:00.000,168.99349099432447,171.53769548653034,167.95624321761545,168.3085174560547,96904000
2022-01-07T00:00:00.000,169.17940193566972,170.40257420223315,167.35932100577125,168.474853515625,86709100
2022-01-10T00:00:00.000,165.45116232460057,168.79775959259328,164.5606894006289,168.49441528320312,106765600
2022-01-11T00:00:00.000,168.62165897014336,171.42026304461638,167.1538521125257,171.32241821289062,76138300
2022-01-12T00:00:00.000,172.3400901249927,173.3773379097134,171.06800280036754,171.76275634765625,74805200
2022-01-13T00:00:00.000,172.0073621746904,172.82933029006384,168.10299122971512,168.49441528320312,84505800
2022-01-14T00:00:00.000,167.66264878484014,170.0502832024392,167.4180143556812,169.35552978515625,80440800
2022-01-18T00:00:00.000,167.82902257608225,168.83691537487223,165.77410203397278,166.15573120117188,90956700
2022-01-19T00:00:00.000,166.3514456378891,167.40826837840387,162.37858408989868,162.662353515625,94815000
2022-01-20T00:00:00.000,163.3962221186515,166.0382709410417,160.6563135530504,160.97923278808594,91420500
2022-01-21T00:00:00.000,160.89118731707072,162.76019814543096,158.81669190708894,158.92433166503906,122848900
2022-01-24T00:00:00.000,156.58563920962845,158.8167044309835,151.3798104055977,158.1512908935547,162294600
2022-01-25T00:00:00.000,155.56796617871674,159.26683860327665,153.650040071103,156.35079956054688,115798400
2022-01-26T00:00:00.000,159.99092174206848,160.86181974023197,154.43283450239605,156.2626953125,108275300
2022-01-27T00:00:00.000,158.96348400735147,160.32365113506773,154.88298262420264,155.8028106689453,121954600
2022-01-28T00:00:00.000,162.15350702087153,166.69392186078738,159.30595841103175,166.67434692382812,179935700
2022-01-31T00:00:00.000,166.5079843021577,171.2441033483954,165.87192581665457,171.02882385253906,115541600
2022-02-01T00:00:00.000,170.27537434014533,171.08756258764447,168.61186289898112,170.8625030517578,86213900
2022-02-02T00:00:00.000,170.999543837346,172.10529673860447,169.61002143883664,172.06614685058594,84914300
2022-02-03T00:00:00.000,170.7352853699913,172.4575215973305,168.42593537257994,169.18919372558594,89418100
2022-02-04T00:00:00.000,168.20939100229583,170.5804825811808,167.22960653014735,168.90504455566406,82465400
2022-02-07T00:00:00.000,169.36557317059368,170.43353483823722,167.49418092340588,168.18983459472656,77251200
2022-02-08T00:00:00.000,168.258422554484,171.8052533391249,167.9644841540523,171.29576110839844,74829200
2022-02-09T00:00:00.000,172.49108438879807,173.07894618735656,171.36432311182244,172.7164306640625,71285000
2022-02-10T00:00:00.000,170.61965636290995,171.9325638827204,168.08201833200982,168.64048767089844,90865900
2022-02-11T00:00:00.000,168.8462728505392,169.58111126110254,164.64298876993468,165.23086547851562,98670700
2022-02-14T00:00:00.000,163.98650420148718,166.15183422384362,163.19288125878157,165.4659881591797,86185500
2022-02-15T00:00:00.000,167.5137664381475,169.45373566949445,166.80832036305304,169.29696655273438,62527400
2022-02-16T00:00:00.000,168.37596721528965,169.83583650795123,166.612352178537,169.0618133544922,61177400
2022-02-17T00:00:00.000,167.57251856143097,168.43473358576446,165.06427298190405,165.4659881591797,69589300
2022-02-18T00:00:00.000,166.38704564955626,167.09247688230448,162.8304223890737,163.91798400878906,82772700
2022-02-22T00:00:00.000,161.64484588368407,163.32028399061443,158.87205389872815,160.99819946289062,91162800
2022-02-23T00:00:00.000,162.19354527351996,162.79121451131508,156.52059869701176,156.83413696289062,90009200
2022-02-24T00:00:00.000,149.49550590272597,159.55789590082478,148.92722915533128,159.4501190185547,141147500
2022-02-25T00:00:00.000,160.5279097890242,161.78203291625664,157.617948249187,161.5175018310547,91974200
2022-02-28T00:00:00.000,159.76365924798694,162.07595128148682,159.14639022474867,161.78201293945312,95056600
2022-03-01T00:00:00.000,161.37049453342058,163.23209394256236,158.69568719407653,159.90081787109375,83474400
2022-03-02T00:00:00.000,161.0667710705488,163.97673219026618,159.65587901852524,163.19290161132812,79724800
2022-03-03T00:00:00.000,165.06432138955572,165.4954290281514,162.20335200198932,162.86959838867188,76678400
2022-03-04T00:00:00.000,161.16475211398938,162.2033212553789,158.82306783943153,159.87142944335938,83737200
2022-03-07T00:00:00.000,160.05760426701897,161.6840502038395,155.82492784594277,156.07968139648438,96418800
2022-03-08T00:00:00.000,155.6094012673305,159.58732445146612,152.65044751471495,154.25729370117188,131148300
2022-03-09T00:00:00.000,158.2156144765831,160.10660654613918,156.1874681101056,159.65589904785156,91454900
2022-03-10T00:00:00.000,156.9614757494235,157.14763719865718,152.82678391494153,155.31544494628906,105342000
2022-03-11T00:00:00.000,155.71711132575638,156.0600418102309,151.37667406119195,151.60202026367188,96970100
2022-03-14T00:00:00.000,148.38838787929845,151.00441119995835,147.06568752183824,147.57516479492188,108732100
2022-03-15T00:00:00.000,147.84950323761805,152.42511088063213,147.3400259647883,151.95480346679688,92964300
2022-03-16T00:00:00.000,153.8751690879972,156.76553056777536,151.3375306500096,156.3638153076172,102300200
2022-03-17T00:00:00.000,155.40360925613626,157.74529344907543,154.44342469949348,157.3729705810547,75615400
2022-03-18T00:00:00.000,157.2652009907308,161.1549465596943,156.53036263312293,160.66505432128906,123511700
2022-03-21T00:00:00.000,160.2045664067095,162.9871658912754,159.71467413165345,162.03677368164062,95811400
2022-03-22T00:00:00.000,162.164127307338,165.9950882926474,161.5762655771906,165.4072265625,81532000
2022-03-23T00:00:00.000,164.59399656875675,169.14998832074127,164.26085849061369,166.7691192626953,98062700
2022-03-24T00:00:00.000,167.60195565228418,170.61969409297694,166.769147690774,170.55111694335938,90131400
2022-03-25T00:00:00.000,170.36495751522006,171.7366500272882,169.25779609098333,171.18797302246094,80546200
2022-03-28T00:00:00.000,168.68948719730128,172.17751745210523,168.52292563460833,172.05015563964844,90371900
2022-03-29T00:00:00.000,173.11810933027303,175.39120138120336,172.77517880756406,175.34222412109375,100589400
2022-03-30T00:00:00.000,174.94056143752658,175.97913082903224,173.12795375967593,174.17633056640625,92633200
2022-03-31T00:00:00.000,174.24490046314256,174.43106194071976,170.87443883843048,171.0802001953125,103049300
2022-04-01T00:00:00.000,170.51188591642043,171.34470867552832,168.46414001265768,170.78622436523438,78751300
2022-04-04T00:00:00.000,171.0409871856376,174.8817406281064,170.9136104166494,174.83274841308594,76468400
2022-04-05T00:00:00.000,173.91176443413826,174.6955950948926,170.89402610794616,171.52108764648438,73401800
2022-04-06T00:00:00.000,168.87566890286308,170.11999949152553,166.69075350018778,168.35638427734375,89058800
2022-04-07T00:00:00.000,167.69992580849703,169.85544881098227,166.41641045043957,168.6601104736328,77594700
2022-04-08T00:00:00.000,168.30738857225097,168.30738857225097,165.77954264267717,166.65155029296875,76575500
2022-04-11T00:00:00.000,165.29942982629515,165.61295305467232,162.1543153788709,162.39926147460938,72246700
2022-04-12T00:00:00.000,164.62335280854873,166.43594468915688,163.27124576817297,164.2706298828125,79265200
2022-04-13T00:00:00.000,164.00610048305086,167.5823073528285,163.39863897484116,166.9552459716797,70618900
2022-04-14T00:00:00.000,167.17087845601253,167.80774754874037,161.70367745625347,161.94862365722656,75329400
2022-04-18T00:00:00.000,160.6063014028095,163.23213209405864,160.26338573831293,161.73306274414062,69023900
2022-04-19T00:00:00.000,161.68405307765963,164.42745284930518,160.59649161266293,164.01593017578125,67723800
2022-04-20T00:00:00.000,165.3484035950485,165.4659878847408,162.74218855364813,163.84933471679688,67929800
2022-04-21T00:00:00.000,165.49537825406796,168.062408468632,162.55602520215882,163.0557098388672,87227800
2022-04-22T00:00:00.000,163.0949398073809,164.47642463552896,158.23520194954875,158.5193328857422,84882400
2022-04-25T00:00:00.000,157.8628502431654,159.8714111577949,155.25663522524357,159.5872802734375,96046400
2022-04-26T00:00:00.000,158.9700254572649,159.05820246882445,153.55181869779824,153.6302032470703,95623200
2022-04-27T00:00:00.000,152.7581849182673,156.5597381127117,152.2389003975014,153.40484619140625,88063200
2022-04-28T00:00:00.000,156.03071591265862,161.19418554841906,155.71717762760275,160.33197021484375,130216800
2022-04-29T00:00:00.000,158.56829627206238,162.84015665375182,154.07108967503086,154.46299743652344,131747600
2022-05-02T00:00:00.000,153.54203875876948,155.03130046543404,150.17157761678854,154.7667694091797,123055300
2022-05-03T00:00:00.000,154.95292717961667,157.46118829235783,153.15993453329665,156.25604248046875,88966500
2022-05-04T00:00:00.000,156.44221048032446,163.11454143572888,156.04049519291306,162.66384887695312,108256500
2022-05-05T00:00:00.000,160.53767468016548,160.7630208987196,151.8175848345959,153.60079956054688,130525300
2022-05-06T00:00:00.000,153.08073053124994,156.44633619011688,151.2850890529144,154.32688903808594,116124600
2022-05-09T00:00:00.000,152.02103374851995,152.90414437032265,148.6456356183626,149.20492553710938,131577900
2022-05-10T00:00:00.000,152.59997843272657,153.79707304983472,150.05859659800515,151.6089324951172,115366700
2022-05-11T00:00:00.000,150.6179132038416,152.53129738037643,143.07229678522884,143.7493438720703,142689800
2022-05-12T00:00:00.000,140.08937970466798,143.45497143936288,136.19391853080884,139.88331604003906,182602000
2022-05-13T00:00:00.000,141.87521108197208,145.31931779066926,140.4230033804494,144.347900390625,113990900
2022-05-16T00:00:00.000,142.817149092285,144.75016147394118,141.472862097978,142.8073272705078,86643800
2022-05-17T00:00:00.000,146.0650115425021,146.95792901438662,143.9259353445969,146.43788146972656,78336300
2022-05-18T00:00:00.000,144.0928072475896,144.59322629502935,137.2732857787909,138.176025390625,109742900
2022-05-19T00:00:00.000,137.2536291483144,139.00020681352638,134.03521536260072,134.77113342285156,136095600
2022-05-20T00:00:00.000,136.47844306099526,138.05821430560903,130.12011571020568,135.00660705566406,137426100
2022-05-23T00:00:00.000,135.20285452842407,140.57015125059797,135.0654837610607,140.4229736328125,117726300
2022-05-24T00:00:00.000,138.1661418989175,139.30436527340177,134.75148674775386,137.72459411621094,104132700
2022-05-25T00:00:00.000,135.8308524536192,139.12776621000188,135.742545873108,137.88162231445312,92482700
2022-05-26T00:00:00.000,134.81036263839988,141.62986633656274,134.56505664226245,141.08038330078125,90601500
2022-05-27T00:00:00.000,142.6601657784012,146.869610416665,142.5326018592053,146.8303680419922,90978500
2022-05-31T00:00:00.000,146.27105666109873,147.83119909756292,144.08291654363944,146.0453643798828,103718400
2022-06-01T00:00:00.000,147.08546005363647,148.89092345071006,144.9071417470177,145.91781616210938,74286600
2022-06-02T00:00:00.000,145.05438313661304,148.42979696294097,144.1025944132952,148.3709259033203,72348100
2022-06-03T00:00:00.000,144.1417790773301,145.1916957944632,141.74760543511636,142.65032958984375,88570300
2022-06-06T00:00:00.000,144.2693611343495,145.78045445382116,142.17934925780943,143.3960723876953,71598400
2022-06-07T00:00:00.000,141.63967925937843,146.20236451194296,141.3943732786537,145.91781616210938,67808200
2022-06-08T00:00:00.000,145.79026939576806,147.05604181726716,144.6913032640919,145.18191528320312,53950200
2022-06-09T00:00:00.000,144.31844471982856,145.17210490927135,139.85387199936835,139.96180725097656,69473000
2022-06-10T00:00:00.000,137.6461172993445,138.11710068108783,134.48657445941151,134.55526733398438,91437900
2022-06-13T00:00:00.000,130.37522601482007,132.6614796951245,128.9720829038409,129.40382385253906,122207100
2022-06-14T00:00:00.000,130.63036655754385,131.3760914682962,129.01133784221852,130.26730346679688,84784300
2022-06-15T00:00:00.000,131.76858160626196,134.7613181921413,129.67858439406757,132.88717651367188,91533000
2022-06-16T00:00:00.000,129.60006522049088,129.90424225906582,126.61713593346167,127.61798858642578,108123900
2022-06-17T00:00:00.000,127.62781429709099,130.58129318016776,127.37268647196602,129.08982849121094,134520300
2022-06-21T00:00:00.000,130.91492771438774,134.48658311474856,130.8168142802015,133.3189239501953,81000500
2022-06-22T00:00:00.000,132.25918724085466,135.17342395812105,131.39572023105475,132.80868530273438,73409200
2022-06-23T00:00:00.000,134.2510716127321,135.98782727058793,133.08341268546732,135.67384338378906,72433800
2022-06-24T00:00:00.000,137.27323450557805,139.24550436943025,137.14568556404583,139.0001983642578,89116800
2022-06-27T00:00:00.000,140.02066475796738,140.79584011879487,138.32315139441545,139.0001983642578,70207900
2022-06-28T00:00:00.000,139.46139501178652,140.7271675936439,134.7417091855751,134.8594512939453,67083400
2022-06-29T00:00:00.000,134.87907356263912,138.02879459026983,134.1038981265762,136.61582946777344,66242400
2022-06-30T00:00:00.000,134.67300165333307,135.77196780465343,131.2583461315228,134.1529541015625,98964500
2022-07-01T00:00:00.000,133.48570492012948,136.42937688810812,133.11284998534265,136.32144165039062,71051600
2022-07-05T00:00:00.000,135.18323666479031,138.95113328697806,134.35899711370092,138.90206909179688,73353800
2022-07-06T00:00:00.000,138.69599756732754,141.41397685924497,138.43106293485934,140.23651123046875,74064300
2022-07-07T00:00:00.000,140.5995991745189,143.79839942455877,140.58979232323185,143.60215759277344,66253700
2022-07-08T00:00:00.000,142.5326123028861,144.7796239540416,142.2774994180926,144.27919006347656,64547800
2022-07-11T00:00:00.000,142.93488446230452,143.886672848055,141.08037188051733,142.14990234375,63141600
2022-07-12T00:00:00.000,143.02322474684678,145.66272006961017,142.32656399441228,143.12135314941406,77588800
2022-07-13T00:00:00.000,140.30522551606126,143.700252180436,139.4515504526769,142.75828552246094,71185600
2022-07-14T00:00:00.000,141.37478416032295,146.1533412106034,140.5603662797928,145.68235778808594,78140700
2022-07-15T00:00:00.000,146.96775651820843,148.0274804295402,145.41742051675783,147.35043334960938,76259900
2022-07-18T00:00:00.000,147.9097302753274,148.7241480973096,143.9455764182645,144.3086395263672,81420900
2022-07-19T00:00:00.000,145.14268358851726,148.3905333334654,144.1516525247905,148.16485595703125,82982400
2022-07-20T00:00:00.000,148.2825708215841,150.8337592919261,147.54665279809592,150.16651916503906,64823400
2022-07-21T00:00:00.000,151.5991200487024,152.64903699884627,149.08718880462706,152.43316650390625,65086600
2022-07-22T00:00:00.000,152.47240210045547,153.3456908921451,150.52958270466215,151.19680786132812,66675400
2022-07-25T00:00:00.000,151.11832702232695,152.1289867062053,149.42081342303993,150.07823181152344,53623900
2022-07-26T00:00:00.000,149.4011517193333,150.21556938623502,147.96857315136768,148.75355529785156,55138700
2022-07-27T00:00:00.000,149.71519986654883,154.37601511646298,149.3030874727054,153.8461456298828,78620700
2022-07-28T00:00:00.000,154.0325515340952,154.68016301876492,151.51081343985047,154.39561462402344,81378700
2022-07-29T00:00:00.000,158.21258113398608,160.55770616166393,156.50524578988953,159.45872497558594,101786900
2022-08-01T00:00:00.000,157.98689646537588,160.5184565925083,157.86915435741844,158.47750854492188,67829400
2022-08-02T00:00:00.000,157.0939978250213,159.36062329417274,156.6328212608233,157.00567626953125,59907000
2022-08-03T00:00:00.000,157.82008857109244,163.46212742924678,157.73178199101062,163.01077270507812,82507500
2022-08-04T00:00:00.000,162.89303446062004,164.05088687619767,161.34269832888046,162.69679260253906,55474100
2022-08-05T00:00:00.000,160.3680135481735,162.96204234831043,160.16166370349944,162.4707489013672,56697000
2022-08-08T00:00:00.000,163.47301089783898,164.88793871959618,161.3407986917232,161.99913024902344,60276900
2022-08-09T00:00:00.000,161.16394115258205,162.9326009401167,160.40734488370262,162.0482635498047,63135500
2022-08-10T00:00:00.000,164.76019658442047,166.39129475740782,163.99377985120265,166.2930450439453,70170500
2022-08-11T00:00:00.000,167.0987759253846,168.01258981282774,165.26134266915503,165.55612182617188,57149200
2022-08-12T00:00:00.000,166.8629135304174,169.17198373539173,166.45021384103478,169.10321044921875,68039400
2022-08-15T00:00:00.000,168.53333677957454,170.37076978453467,168.36629877849532,170.17425537109375,54091700
2022-08-16T00:00:00.000,169.77139729331643,170.6852110892498,168.67090454328755,170.0170440673828,56377100
2022-08-17T00:00:00.000,169.76158567645695,173.08272003979997,169.56507124556938,171.51058959960938,79542000
2022-08-18T00:00:00.000,170.72450960712317,171.8544787813878,170.1054749327735,171.11753845214844,62290100
2022-08-19T00:00:00.000,170.0170261568602,170.71466951867444,168.3269753298755,168.5333251953125,70346300
2022-08-22T00:00:00.000,166.73521001384654,166.9022480242965,164.22960987091767,164.65213012695312,69026800
2022-08-23T00:00:00.000,164.1706263803019,165.77224787707962,163.74810620318166,164.31800842285156,54147100
2022-08-24T00:00:00.000,164.40645810232692,165.18269520734955,163.35508285359487,164.61279296875,53841500
2022-08-25T00:00:00.000,165.841056236527,167.17737534622174,165.41855096314578,167.0692901611328,51218200
2022-08-26T00:00:00.000,167.59988131493301,168.0715189036816,160.71193645776907,160.77088928222656,78961000
2022-08-29T00:00:00.000,158.34389469961232,160.06342201093398,157.03706713692557,158.5699005126953,73314000
2022-08-30T00:00:00.000,159.30682979347176,159.72933499269527,154.9736176696823,156.1428985595703,77906200
2022-08-31T00:00:00.000,157.51852057324083,157.78382326299328,154.403721562595,154.48233032226562,87991100
2022-09-01T00:00:00.000,153.91243529158203,155.66143904544523,151.97673759886456,155.20945739746094,74229900
2022-09-02T00:00:00.000,156.96830451944558,157.56768330857054,152.27153892325623,153.09690856933594,76957800
2022-09-06T00:00:00.000,153.7453935980758,154.35459275815265,151.0138028574181,151.83917236328125,73714800
2022-09-07T00:00:00.000,152.12415964759478,153.94193699739438,150.93522252185548,153.2443084716797,87449600
2022-09-08T00:00:00.000,151.9472441951636,153.63729493578492,150.0213671908206,151.7703857421875,84923800
2022-09-09T00:00:00.000,152.76285084359967,155.07193702777795,152.055386778366,154.6297607421875,68028800
2022-09-12T00:00:00.000,156.81105233922636,161.39973173078485,156.5261087123494,160.5841827392578,104956000
2022-09-13T00:00:00.000,157.1156691952697,157.7445243311509,150.69937671737435,151.16119384765625,122656600
2022-09-14T00:00:00.000,152.0946261536245,154.3644145838136,150.93518075875835,152.60557556152344,87965400
2022-09-15T00:00:00.000,151.95710982916356,152.53684769230986,148.74406036714225,149.71681213378906,90481100
2022-09-16T00:00:00.000,148.57701100499813,148.7145726076231,145.78645207689314,148.0758819580078,162278800
2022-09-19T00:00:00.000,146.71009545075992,151.8686783568659,146.5037605306467,151.79006958007812,81474200
2022-09-20T00:00:00.000,150.72883799724963,155.32735289857166,150.41441795742156,154.1678924560547,107689800
2022-09-21T00:00:00.000,154.60024966459952,155.97588059110078,150.92538353116046,151.0432891845703,101696800
2022-09-22T00:00:00.000,149.7266056194288,151.78020876552435,148.28220159016286,150.08033752441406,86652500
2022-09-23T00:00:00.000,148.55730721256865,148.83243032919978,145.97309901733465,147.81053161621094,96029900
2022-09-26T00:00:00.000,147.05396595162924,151.09239889982268,147.0343100146429,148.14463806152344,93339400
2022-09-27T00:00:00.000,150.08034720002962,152.02586530633175,147.33892101138343,149.11740112304688,84442700
2022-09-28T00:00:00.000,145.06917659266318,148.016938253305,142.3179293774459,147.23086547851562,146691400
2022-09-29T00:00:00.000,143.55595244325275,144.16515152497595,138.2303182381293,139.9989776611328,128138200
2022-09-30T00:00:00.000,138.8199033723931,140.60821907927374,135.59701890511008,135.7935333251953,124925300
2022-10-03T00:00:00.000,135.8033685254817,140.57874239032802,135.29241903979042,139.9695281982422,114311700
2022-10-04T00:00:00.000,142.50457878595228,143.67385961125873,141.74798266491518,143.5559539794922,87830100
2022-10-05T00:00:00.000,141.56135391828514,144.81371535397435,140.51979882721227,143.85076904296875,79471000
2022-10-06T00:00:00.000,143.27101666436323,144.97088807825529,142.69129389793306,142.8976287841797,68402200
2022-10-07T00:00:00.000,140.05797036356424,140.60823177983056,137.0217795686969,137.650634765625,85925600
2022-10-10T00:00:00.000,137.97486877441406,139.4192729060871,136.15709176712548,137.97486877441406,74899000
2022-10-11T00:00:00.000,137.4639147607023,138.88867789955424,135.8131758038938,136.5599365234375,77033700
2022-10-12T00:00:00.000,136.70734348798558,137.91592138284778,135.75423283314072,135.93109130859375,70433700
2022-10-13T00:00:00.000,132.63942598399592,141.08966528093347,132.0302118420066,140.5001220703125,113224000
2022-10-14T00:00:00.000,141.79713183786654,142.00348171103434,135.78370401470698,135.97039794921875,88598000
2022-10-17T00:00:00.000,138.61357366022068,140.41169491464842,137.82750095740744,139.93023681640625,85250900
2022-10-18T00:00:00.000,142.95657861316172,144.14550040873658,138.1615495711484,141.2468719482422,99136600
2022-10-19T00:00:00.000,139.22272318013162,142.4259506836505,139.03602929314133,141.3549346923828,61758300
2022-10-20T00:00:00.000,140.5295751056751,143.34959455977452,140.1660077768585,140.89312744140625,64522000
2022-10-21T00:00:00.000,140.38220497154572,145.27549920361895,140.1660346242772,144.70559692382812,86548600
2022-10-24T00:00:00.000,144.62699951406933,147.61405773965313,143.45771845108737,146.84764099121094,75981900
2022-10-25T00:00:00.000,147.47646582788911,149.83468340940922,146.75918158114587,149.68728637695312,74732300
2022-10-26T00:00:00.000,148.33134005875115,149.34340346890698,145.4621728259598,146.74937438964844,88194300
2022-10-27T00:00:00.000,145.49165853167307,146.45458955551916,141.62026350591435,142.27859497070312,109180200
2022-10-28T00:00:00.000,145.619406740808,154.75746986477446,145.24603383421282,153.0281219482422,164762400
2022-10-31T00:00:00.000,150.4930176480896,151.55421333060897,149.27460445858512,150.6698760986328,97943200
2022-11-01T00:00:00.000,152.37961754304112,152.7431699919974,146.5332269791364,148.02674865722656,80379300
2022-11-02T00:00:00.000,146.35636351890798,149.52029556888522,142.47514699591338,142.50462341308594,93604600
2022-11-03T00:00:00.000,139.5863358104831,140.31345573900342,136.33397456392473,136.4617156982422,97918500
2022-11-04T00:00:00.000,139.84739003185524,140.41823769444377,132.25908536615194,136.19595336914062,140814800
2022-11-07T00:00:00.000,134.94597165427223,136.95376740177366,133.52869700052665,136.72740173339844,83374600
2022-11-08T00:00:00.000,138.19391993058036,139.19781051108808,135.32000793975288,137.29827880859375,89908500
2022-11-09T00:00:00.000,136.31404528196006,136.363259132224,132.46575346788492,132.7413330078125,74917800
2022-11-10T00:00:00.000,139.0108096143879,144.55194091796875,137.298266687944,144.55194091796875,118854000
2022-11-11T00:00:00.000,143.51857315763027,147.64243100836367,142.0914460655875,147.3373260498047,93979700
2022-11-14T00:00:00.000,146.61880940644215,147.90813128864986,145.10310679865555,145.939697265625,73374100
2022-11-15T00:00:00.000,149.81752177217496,151.16589433590542,146.2152837355369,147.6719207763672,89868300
2022-11-16T00:00:00.000,146.77628031248196,147.50459125268796,144.96530968920132,146.44163513183594,64218300
2022-11-17T00:00:00.000,144.11888720950952,149.0891860323431,143.8433076526517,148.3411865234375,80389400
2022-11-18T00:00:00.000,149.9060967599958,150.2899408094876,147.60303246304494,148.90219116210938,74829600
2022-11-21T00:00:00.000,147.79001023834212,147.9966873729924,145.3885186493538,145.67393493652344,58724100
2022-11-22T00:00:00.000,145.7920446259246,148.04589457097163,144.6109724091407,147.80967712402344,51804100
2022-11-23T00:00:00.000,147.09121210280074,149.43365312101446,146.98294764352303,148.68565368652344,58301400
2022-11-25T00:00:00.000,145.96922504559745,146.5302359602774,144.79800437919693,145.7723846435547,35195900
2022-11-28T00:00:00.000,142.84927987681326,144.32560563619245,141.1170630589414,141.9438018798828,69246000
2022-11-29T00:00:00.000,142.01267756953146,142.52447466230237,138.13487484288268,138.94192504882812,83763800
2022-11-30T00:00:00.000,139.16829999405587,146.3727767919922,138.3317244213744,145.69366455078125,111380900
2022-12-01T00:00:00.000,145.87081033178356,146.7762881829984,144.29605710134743,145.96922302246094,71250400
2022-12-02T00:00:00.000,143.65631938407483,145.66411544857186,143.35119950014382,145.47711181640625,65447400
2022-12-05T00:00:00.000,145.43777233013495,148.5380503426706,143.46933803189978,144.31576538085938,68826400
2022-12-06T00:00:00.000,144.74879562385667,144.9751613197971,139.68006926529813,140.65444946289062,64727200
2022-12-07T00:00:00.000,139.94584768607433,141.10721678685633,137.79040959032307,138.715576171875,69721100
2022-12-08T00:00:00.000,140.11314322681335,141.25483863673134,138.87303512029186,140.3985595703125,62128300
2022-12-09T00:00:00.000,140.09342685388958,143.27245818375033,138.67615214625445,139.91627502441406,76097000
2022-12-12T00:00:00.000,140.44777667846864,142.21937045590607,138.8336612407948,142.20953369140625,70462700
2022-12-13T00:00:00.000,147.1404191965991,147.603002317918,141.96344396778542,143.1740264892578,93886200
2022-12-14T00:00:00.000,143.05594605605327,144.3452679150581,138.9320744491566,140.94972229003906,82291200
2022-12-15T00:00:00.000,138.88286801559113,139.5619801804679,133.88304361781863,134.3456268310547,98931900
2022-12-16T00:00:00.000,134.53264031194206,135.47748033551235,131.6193510336839,132.3870391845703,160156900
2022-12-19T00:00:00.000,132.97758322204413,133.06615916355452,129.24740673369394,130.28082275390625,79592600
2022-12-20T00:00:00.000,129.31627297471567,131.14691722297425,127.83994745250583,130.2119140625,77432800
2022-12-21T00:00:00.000,130.8811625578248,134.65071518492888,130.6547968699711,133.3121795654297,85928000
2022-12-22T00:00:00.000,132.2295400503929,132.43621717922085,128.24345879689446,130.1429901123047,77852100
2022-12-23T00:00:00.000,128.85370313619094,130.3300288114699,127.5939064280565,129.77886962890625,63814900
2022-12-27T00:00:00.000,129.30641328011848,129.33593858388994,126.68839288069665,127.97771453857422,69007800
2022-12-28T00:00:00.000,127.62342547026658,128.9619612841453,123.883405115354,124.05072021484375,85438400
2022-12-29T00:00:00.000,125.9699499861123,128.42064856881274,125.7140589354878,127.56438446044922,75703700
2022-12-30T00:00:00.000,126.38332662595286,127.89901441454006,125.41879052423468,127.87932586669922,77034200
2023-01-03T00:00:00.000,128.22379338136977,128.8340031338152,122.21022673136561,123.09602355957031,112117500
2023-01-04T00:00:00.000,124.88728777203856,126.62935597280962,123.10585750129947,124.36565399169922,89113600
2023-01-05T00:00:00.000,125.12350481122068,125.75340309203497,122.79091532129203,123.04680633544922,80962700
2023-01-06T00:00:00.000,124.02119442530204,128.2336347517989,122.91886860960567,127.57421112060547,87754700
2023-01-09T00:00:00.000,128.41079711233908,131.30439758356596,127.83994943275363,128.09584045410156,70790800
2023-01-10T00:00:00.000,128.20410381019116,129.18832083166095,126.09787998496417,128.66668701171875,63896200
2023-01-11T00:00:00.000,129.17849644752224,131.402821722743,128.40097153395064,131.38314819335938,69458900
2023-01-12T00:00:00.000,131.7670114136582,132.14100375978632,129.3655188993163,131.30442810058594,71379600
2023-01-13T00:00:00.000,129.94616380817476,132.7905502170586,129.58200833933589,132.63307189941406,57809700
2023-01-17T00:00:00.000,132.70199775252627,135.12316348796887,132.01304876349633,133.7944793701172,63646600
2023-01-18T00:00:00.000,134.66054787823845,136.42228931739672,132.89879142112386,133.07595825195312,69672800
2023-01-19T00:00:00.000,131.9638347529944,134.0995841255356,131.6587298451973,133.1350555419922,58280400
2023-01-20T00:00:00.000,133.14488168206822,135.84164181281548,132.10161400912494,135.69400024414062,80223600
2023-01-23T00:00:00.000,135.94008891399082,141.0580308975386,135.72355990616546,138.88290405273438,81760300
2023-01-24T00:00:00.000,138.0955084866108,140.90053342355856,138.0856717213938,140.2804718017578,66435100
2023-01-25T00:00:00.000,138.6663409653264,140.18202862963406,136.61916767862735,139.62103271484375,65799300
2023-01-26T00:00:00.000,140.91035682918778,141.9733130723702,139.66039693887691,141.68789672851562,54105100
2023-01-27T00:00:00.000,140.900529862646,144.90628582720518,140.82179068901345,143.62680053710938,70555800
2023-01-30T00:00:00.000,142.67214500661484,143.25282960356753,140.59544592340953,140.74307250976562,64015300
2023-01-31T00:00:00.000,140.4477331827307,142.0618481205238,140.0343639323399,142.01263427734375,65874500
2023-02-01T00:00:00.000,141.69772563249788,144.29605796571016,139.08955653554688,143.13467407226562,77663600
2023-02-02T00:00:00.000,146.54991104174482,148.79392468833726,145.83143680858885,148.4396209716797,118339000
2023-02-03T00:00:00.000,145.69363837431163,154.8960731461596,145.4967979818679,152.0615234375,154357300
2023-02-06T00:00:00.000,150.1620046015634,150.6836384438328,148.40024764766747,149.3352508544922,69858300
2023-02-07T00:00:00.000,148.2624474794368,152.77999988075524,148.2624474794368,152.2091522216797,83322600
2023-02-08T00:00:00.000,151.45130381865607,152.14025265616812,148.78406936876726,149.52223205566406,64120100
2023-02-09T00:00:00.000,151.3529215136586,151.89424398332804,148.04595108381588,148.4888458251953,56007100
2023-02-10T00:00:00.000,147.32567733632254,149.17882019931434,147.08909918660703,148.85353088378906,57450700
2023-02-13T00:00:00.000,148.79440338379132,152.05713357186568,148.76483299254943,151.6529998779297,62199000
2023-02-14T00:00:00.000,149.94770404483108,151.57415087909246,148.70570240485208,151.0122833251953,61707600
2023-02-15T00:00:00.000,150.92350280557898,153.2793716459619,150.69679154771117,153.11180114746094,65573800
2023-02-16T00:00:00.000,151.3178281549916,154.09756497312395,151.16012443154224,151.51498413085938,68167900
2023-02-17T00:00:00.000,150.17442580979125,150.8151376986906,148.69584602843153,150.37156677246094,59144100
2023-02-21T00:00:00.000,148.05508866222715,149.1393862953431,146.29065710385296,146.35964965820312,58867200
2023-02-22T00:00:00.000,146.74408634882758,147.80866542554767,145.0585140913541,146.7835235595703,51011300
2023-02-23T00:00:00.000,147.946689634791,148.19311959888688,145.13739706863274,147.26654052734375,48394200
2023-02-24T00:00:00.000,145.00924162382364,145.0881010134071,143.6390916917033,144.61495971679688,55469600
2023-02-27T00:00:00.000,145.60067024018994,147.039812645864,145.34437348016522,145.8076629638672,44998500
2023-02-28T00:00:00.000,144.9501024216552,146.95111245136155,144.73324285815977,145.30496215820312,50547000
2023-03-01T00:00:00.000,144.73322244168676,145.12750429739225,142.9392054041828,143.23492431640625,55479000
2023-03-02T00:00:00.000,142.31822024697658,144.61494903595985,141.84506394442167,143.8263702392578,52238100
2023-03-03T00:00:00.000,145.9259379185379,148.95210462024477,145.2260853537234,148.8732452392578,70732300
2023-03-06T00:00:00.000,151.59386356059247,154.06803024605406,151.26858921507775,151.63330078125,87558000
2023-03-07T00:00:00.000,151.50510660246357,151.83039589059405,148.9718149331636,149.4351043701172,56182000
2023-03-08T00:00:00.000,150.62785567244086,151.2784344169459,149.6618543808646,150.68699645996094,47204800
2023-03-09T00:00:00.000,151.36710263865677,152.33310365607178,148.08465449485655,148.43951416015625,53833600
2023-03-10T00:00:00.000,148.06496662146847,148.78453780981002,145.5020893181875,146.37937927246094,68572400
2023-03-13T00:00:00.000,145.69922529511118,150.95311305935627,145.59079552733544,148.3212432861328,84457100
2023-03-14T00:00:00.000,149.11967456920323,151.2093955139033,147.95653254628945,150.4109649658203,73695900
2023-03-15T00:00:00.000,149.03098388604963,151.06156433450928,147.77911548729296,150.80528259277344,77167900
2023-03-16T00:00:00.000,149.98711209240733,154.22570978036399,149.47453364061312,153.62442016601562,76161100
2023-03-17T00:00:00.000,153.85112382009055,154.50170239485772,152.07682545294745,152.7865447998047,98944600
2023-03-20T00:00:00.000,152.85558396503848,155.56631354554972,151.94870846939224,155.1522979736328,73641400
2023-03-21T00:00:00.000,155.07344501678244,157.1237289497417,154.3045697408097,157.0054473876953,73938300
2023-03-22T00:00:00.000,157.0251659140942,159.82460651427928,155.5564380089166,155.57615661621094,75701800
2023-03-23T00:00:00.000,156.5618527096425,159.2430113419942,155.4282660956086,156.66041564941406,67622100
2023-03-24T00:00:00.000,156.59142861861952,158.0502895303303,155.59585715875076,157.96157836914062,59196500
2023-03-27T00:00:00.000,157.65599726359355,158.47414634705046,155.615550445655,156.0196990966797,52390300
2023-03-28T00:00:00.000,155.71413440722972,156.22671283698608,153.75254688783264,155.39869689941406,45992200
2023-03-29T00:00:00.000,157.09415020907082,158.75016719414856,157.074446643704,158.4741668701172,51305700
2023-03-30T00:00:00.000,159.22332411879057,160.14990317241256,158.96704237580855,160.04147338867188,49501700
2023-03-31T00:00:00.000,160.120319104618,162.64375926608275,159.59788883873148,162.54518127441406,68749800
2023-04-03T00:00:00.000,161.92421157763323,163.91535493872908,161.87492257463953,163.7970733642578,56976200
2023-04-04T00:00:00.000,164.22091988909426,164.45748300799937,162.75219201536794,163.2647705078125,46278300
2023-04-05T00:00:00.000,162.38750991031526,162.69308068814559,159.48949085197538,161.42149353027344,51511700
2023-04-06T00:00:00.000,160.11047335808198,162.60435849941234,159.6866210280676,162.3086395263672,45390100
2023-04-10T00:00:00.000,159.11489681167845,159.7161865234375,157.79403581892626,159.7161865234375,47716900
2023-04-11T00:00:00.000,160.03159161422226,160.04144339602837,158.21785602238293,158.50372314453125,47644200
2023-04-12T00:00:00.000,158.9177372546322,159.7457382241708,157.49829842634344,157.81373596191406,50133100
2023-04-13T00:00:00.000,159.3218986080038,163.43234843413578,159.11489082873655,163.19577026367188,68445600
2023-04-14T00:00:00.000,162.23962776220338,163.94493394539444,161.48063430124813,162.8507843017578,49386500
2023-04-17T00:00:00.000,162.73248322378927,163.02820218114718,161.6876226098968,162.8704833984375,41516200
2023-04-18T00:00:00.000,163.72806193096773,165.01935243982652,163.2844759960185,164.0927734375,49923000
2023-04-19T00:00:00.000,163.43235220441335,165.75865162452376,163.1760554202755,165.23622131347656,47720200
2023-04-20T00:00:00.000,163.71817152684758,165.47275128415967,163.19574132050678,164.27017211914062,52456400
2023-04-21T00:00:00.000,162.6930225330838,164.0730239528686,162.14102196516987,162.6634521484375,58337300
2023-04-24T00:00:00.000,162.64373538253156,163.23517316391397,161.5495860155954,162.96902465820312,41949600
2023-04-25T00:00:00.000,162.83105575677226,163.93505711689548,161.3918982344198,161.43133544921875,48714100
2023-04-26T00:00:00.000,160.73149257373842,162.9197920651015,160.4752108015662,161.42149353027344,45498800
2023-04-27T00:00:00.000,162.83103216774902,166.15290259103057,162.83103216774902,166.0050506591797,64902300
2023-04-28T00:00:00.000,166.08391841749662,167.42449781718415,165.48262879614657,167.2569122314453,55275900
2023-05-01T00:00:00.000,166.86264216717663,168.01593249804148,166.2317821133474,167.168212890625,52472900
2023-05-02T00:00:00.000,167.6610471353951,167.917343863649,165.14745908753102,166.1331787109375,48425700
2023-05-03T00:00:00.000,167.07947455454496,168.47919460136384,164.7728942678528,165.05874633789062,65136000
2023-05-04T00:00:00.000,162.53531316165655,164.65460440159984,161.96359395737636,163.42245483398438,81235400
2023-05-05T00:00:00.000,168.5383592942621,171.8109560965244,168.32149974515366,171.0913848876953,113453200
2023-05-08T00:00:00.000,170.0169462399646,171.36739258858663,169.65223472844943,171.0223846435547,55962800
2023-05-09T00:00:00.000,170.57881302608763,171.06180609803263,169.14952233576255,169.3170928955078,45326900
2023-05-10T00:00:00.000,170.5492760535155,171.54484782386203,169.44525944226615,171.08155822753906,53724500
2023-05-11T00:00:00.000,171.36739208260082,172.09681510347738,169.71137500858376,171.26881408691406,49514700
2023-05-12T00:00:00.000,171.3773829679925,171.8117019924622,168.79122976444327,170.34095764160156,45533100
2023-05-15T00:00:00.000,170.92334452950067,170.97270170588305,169.25517137496644,169.84742736816406,37266700
2023-05-16T00:00:00.000,169.76845889829133,170.9035986466086,169.58091066505557,169.84742736816406,42110300
2023-05-17T00:00:00.000,169.4920742376562,170.69630196545663,168.21872838992437,170.45941162109375,57951600
2023-05-18T00:00:00.000,170.76538642479474,172.97645812210007,170.35081330561755,172.78890991210938,65496700
2023-05-19T00:00:00.000,174.11159953538055,174.11159953538055,172.68033195301507,172.89749145507812,55809500
2023-05-22T00:00:00.000,171.73273062815065,172.45331220735133,171.2095777379714,171.94989013671875,43570900
2023-05-23T00:00:00.000,170.89372201948225,171.140492823502,169.06761204505847,169.343994140625,50747300
2023-05-24T00:00:00.000,168.88003378894078,170.19285604024458,168.31740428792023,169.62034606933594,45143500
2023-05-25T00:00:00.000,170.18302884098296,171.65377326209193,169.47232768730396,170.7555389404297,56058300
2023-05-26T00:00:00.000,171.08127033696854,173.49962120538788,170.87397623432938,173.16400146484375,54835000
2023-05-30T00:00:00.000,174.6742677286896,176.6780456265802,174.28930584342234,175.00987243652344,55964400
2023-05-31T00:00:00.000,175.03946345752533,177.03337571367211,174.4768188110026,174.9604949951172,99625300
2023-06-01T00:00:00.000,175.40468096744894,177.79342049505456,174.64462268903534,177.76380920410156,68901800
2023-06-02T00:00:00.000,178.69163934807793,179.4319516190538,176.94449817130123,178.6126708984375,61996900
2023-06-05T00:00:00.000,180.27099781019854,182.56102285189482,175.7402747725204,177.26039123535156,121946500
2023-06-06T00:00:00.000,177.64534986625156,177.79340630920336,175.13815031318512,176.89517211914062,64848400
2023-06-07T00:00:00.000,176.13514967923302,178.86937468745242,175.02962118278163,175.52316284179688,61944600
2023-06-08T00:00:00.000,175.60209965770608,178.50412674833163,175.1677956906412,178.2376251220703,50214900
2023-06-09T00:00:00.000,179.1556074319137,179.87617397731293,178.2968498358667,178.62258911132812,48900000
2023-06-12T00:00:00.000,178.92857679274874,181.51472997018058,178.63244881890137,181.416015625,54274900
2023-06-13T00:00:00.000,180.4388079672042,181.7713612206094,180.08345742062403,180.9422149658203,54929100
2023-06-14T00:00:00.000,181.0014644735094,182.0082936822176,179.66891102186548,181.573974609375,57462900
2023-06-15T00:00:00.000,181.58382192499832,184.11075236554325,181.40613912687283,183.60733032226562,65433200
2023-06-16T00:00:00.000,184.31803597311566,184.57468723659963,181.88981981135748,182.5314178466797,101256200
2023-06-20T00:00:00.000,182.02801364300083,183.69618663444365,182.02801364300083,182.62025451660156,49799100
2023-06-21T00:00:00.000,182.51167734169172,183.015099412311,180.23151756348105,181.58383178710938,49515700
2023-06-22T00:00:00.000,181.36669329070625,184.63393664574576,181.29759022920584,184.58457946777344,51245300
2023-06-23T00:00:00.000,183.15328303090953,185.13731475683954,182.6202496908907,184.2686767578125,53117000
2023-06-26T00:00:00.000,184.4167547195407,185.6209974197008,182.83741558637178,182.8769073486328,48088700
2023-06-27T00:00:00.000,183.48887561115208,185.9565833444032,183.27171612569057,185.63084411621094,50730800
2023-06-28T00:00:00.000,185.50255431027165,187.4471095844542,185.17683008088284,186.80551147460938,51216800
2023-06-29T00:00:00.000,186.63766058323907,187.6148782023387,186.49946956190402,187.1410675048828,46347300
2023-06-30T00:00:00.000,189.1547673916645,191.96794560784363,188.78953634841974,191.46453857421875,85213200
2023-07-03T00:00:00.000,191.27694073912443,191.3756550628741,189.28302888057215,189.9739990234375,31458200
2023-07-05T00:00:00.000,189.09553270560195,190.48730854754436,188.15779163185775,188.85862731933594,46920300
2023-07-06T00:00:00.000,187.38788795320247,189.53973735512338,186.7561552507634,189.3324432373047,45094300
2023-07-07T00:00:00.000,188.9375920522482,190.1813114167851,187.7827065576724,188.21701049804688,46815000
2023-07-10T00:00:00.000,186.8153651594175,187.5359467558433,184.62403920180722,186.17376708984375,59922200
2023-07-11T00:00:00.000,186.71668657087457,186.85487763479418,184.1897556525184,185.650634765625,46638100
2023-07-12T00:00:00.000,187.22992243297554,189.22383458950753,186.0355602702456,187.3187713623047,60750200
2023-07-13T00:00:00.000,188.03931969214307,188.7204094016861,187.3286186962453,188.07879638671875,41342300
2023-07-14T00:00:00.000,187.77283329330808,188.71055932283986,187.18059240914323,188.22689819335938,41616200
2023-07-17T00:00:00.000,189.421252931179,191.81000743962883,189.33241906132668,191.48426818847656,50520200
2023-07-18T00:00:00.000,190.85254922844402,191.8198865800326,189.93455398917624,191.22763061523438,48288200
2023-07-19T00:00:00.000,190.6057743707706,195.66950100927124,190.16157487576123,192.57994079589844,80507300
2023-07-20T00:00:00.000,192.57008136763105,193.93226116956544,190.01353918252775,190.63540649414062,59581200
2023-07-21T00:00:00.000,191.59285775033445,192.45161532627134,188.75991868585442,189.46075439453125,71951700
2023-07-24T00:00:00.000,190.91179356457312,192.39241858357238,189.7667732684065,190.26031494140625,45377800
2023-07-25T00:00:00.000,190.83280156435973,191.92846454581797,190.42809382758358,191.11904907226562,37283200
2023-07-26T00:00:00.000,191.16839008411552,193.112945076557,190.82292002182845,191.9876708984375,47471900
2023-07-27T00:00:00.000,193.4880330742484,194.65278390019768,190.06285351948284,190.7241973876953,47460200
2023-07-28T00:00:00.000,192.15548645475204,194.09017617119656,191.63233355900982,193.30050659179688,48291400
2023-07-31T00:00:00.000,193.52751377225187,193.9519673452193,192.7378442652397,193.9124755859375,38824100
2023-08-01T00:00:00.000,193.7052107356477,194.1888718595327,192.75760424557473,193.08334350585938,35175100
2023-08-02T00:00:00.000,192.52069974591456,192.65889079076135,189.37191700535638,190.0924835205078,50389300
2023-08-03T00:00:00.000,189.09552588996192,189.8851803589987,188.22688789998924,188.70068359375,61235200
2023-08-04T00:00:00.000,183.12366926443607,184.9596445164711,179.57016391801557,179.63926696777344,115956800
2023-08-07T00:00:00.000,179.77744139189664,180.76452444560638,175.05918560009945,176.53981018066406,97576100
2023-08-08T00:00:00.000,177.36897457174686,177.94148460917899,175.2862285117603,177.47755432128906,67823000
2023-08-09T00:00:00.000,178.53371160261662,178.59293417746048,174.7235703168388,175.88833618164062,60378500
2023-08-10T00:00:00.000,177.16166309157035,178.41526279292168,175.30595718386297,175.67117309570312,54686900
2023-08-11T00:00:00.000,175.26597277471524,176.55090180538758,174.50488805624465,175.7305145263672,52036700
2023-08-14T00:00:00.000,175.90841909398483,177.60849603671858,175.2560608313475,177.38116455078125,43675600
2023-08-15T00:00:00.000,176.80786722765603,177.40090780634856,174.99906405268155,175.39442443847656,43622600
2023-08-16T00:00:00.000,175.07815356283987,176.47180884084688,174.45544657600635,174.52464294433594,46964900
2023-08-17T00:00:00.000,175.08803154260252,175.4537406821077,171.47042491030345,171.98440551757812,66062900
2023-08-18T00:00:00.000,170.30413115315332,173.07169980381985,169.968073231539,172.46876525878906,61172200
2023-08-21T00:00:00.000,173.0420157807921,174.08973444525807,171.7274205434044,173.80308532714844,46311900
2023-08-22T00:00:00.000,175.00895776189057,175.62177093693052,174.2083431088137,175.17698669433594,42038900
2023-08-23T00:00:00.000,176.45205395893973,179.44695366375947,176.264252478764,179.0219268798828,52722800
2023-08-24T00:00:00.000,178.57713623123834,179.0021629998802,173.97111355320405,174.3368377685547,54945800
2023-08-25T00:00:00.000,175.3252527852027,177.07473842454561,173.78332608108835,176.54100036621094,51449600
2023-08-28T00:00:00.000,178.00387451255935,178.49808262553688,176.48172016068384,178.10272216796875,43820700
2023-08-29T00:00:00.000,177.61838490226515,182.7581460326424,177.4207046822572,181.9871826171875,53003900
2023-08-30T00:00:00.000,182.79767343476072,185.67396786591692,182.5999932338842,185.4762725830078,60813900
2023-08-31T00:00:00.000,185.6641048225717,186.92927641629686,185.3082743692093,185.69375610351562,60794500
2023-09-01T00:00:00.000,187.29498636168424,187.7199980774023,186.09899615427736,187.2653350830078,45766500
2023-09-05T00:00:00.000,186.09896874874457,187.77927298177536,185.43673181910435,187.5025177001953,45280000
2023-09-06T00:00:00.000,186.21759365485326,186.66239298088038,179.3678770840619,180.79119873046875,81755800
2023-09-07T00:00:00.000,173.15073850258275,176.1456533918577,171.52973657694065,175.503173828125,112488800
2023-09-08T00:00:00.000,176.2840413464044,178.15214742516778,175.73051558651892,176.11599731445312,65551300
2023-09-11T00:00:00.000,177.98408488615974,178.21141635408188,175.2856982178241,177.2823028564453,58953100
2023-09-12T00:00:00.000,177.4108165912451,178.043402311121,172.79491507430095,174.2577667236328,90370200
2023-09-13T00:00:00.000,174.46533118918654,175.24618840249718,171.96463950783718,172.19198608398438,84267900
2023-09-14T00:00:00.000,171.9844348895405,174.06011513653888,171.56930185654795,173.70428466796875,60895800
2023-09-15T00:00:00.000,174.43566940930017,174.45544195430384,171.806494041059,172.98269653320312,109259500
2023-09-18T00:00:00.000,174.4356561798522,177.30207170667876,174.12924962468128,175.9084014892578,67257600
2023-09-19T00:00:00.000,175.46363376102514,177.54919237650395,175.07815207769175,176.9956817626953,51826900
2023-09-20T00:00:00.000,177.18347129792434,177.61837681135137,173.36818440563272,173.4571533203125,58436200
2023-09-21T00:00:00.000,172.52805046683002,174.25777881422758,171.84604087673065,171.91522216796875,63149100
2023-09-22T00:00:00.000,172.64662317617766,175.02870938713053,172.03381007438438,172.76522827148438,56725400
2023-09-25T00:00:00.000,172.1820865728236,174.92000347180993,172.13266274999066,174.04031372070312,46172700
2023-09-26T00:00:00.000,172.7949188930673,173.1705067749598,169.67152023376326,169.96804809570312,64588900
2023-09-27T00:00:00.000,170.62036773962245,171.03550065621633,167.09173040755883,168.4557342529297,66921800
2023-09-28T00:00:00.000,167.37840061261642,170.03724268196555,165.6783234920371,168.7127685546875,56294400
2023-09-29T00:00:00.000,170.02734498983367,171.06518493104676,168.36679806748614,169.2267303466797,51861100
2023-10-02T00:00:00.000,169.23661305458424,172.28093658205415,168.9499639274405,171.7373046875,52164500
2023-10-03T00:00:00.000,170.26456118455488,171.61870157072957,168.84125459232132,170.40293884277344,49594600
2023-10-04T00:00:00.000,169.10810929534875,172.19197782627828,168.98950418793981,171.64834594726562,53020300
2023-10-05T00:00:00.000,171.77682905786853,173.41760341955526,170.67968657288918,172.8838653564453,48527900
2023-10-06T00:00:00.000,171.78671747657816,175.9281832590251,171.17388925206592,175.43397521972656,57266700
2023-10-09T00:00:00.000,174.76185568517045,176.9759132731787,173.76356081110382,176.91661071777344,42390800
2023-10-10T00:00:00.000,176.03691333055846,177.6381425852869,175.88864186643335,176.32354736328125,43698000
2023-10-11T00:00:00.000,176.13573714899445,177.76663268122664,175.5426965680271,177.7172088623047,47551100
2023-10-12T00:00:00.000,177.98411345020415,180.2278073787141,176.96603088257305,178.61669921875,56743100
2023-10-13T00:00:00.000,179.31843486264313,179.82252160984507,176.07643148158712,176.77821350097656,51427100
2023-10-16T00:00:00.000,174.70255348644375,177.0055649122618,174.46532818230494,176.6497344970703,52517000
2023-10-17T00:00:00.000,174.60369235668924,176.35319301979084,172.7751316803463,175.097900390625,57549400
2023-10-18T00:00:00.000,173.54610256783715,175.52293478970745,173.08154578913502,173.80308532714844,54764400
2023-10-19T00:00:00.000,174.00080421032325,175.77995662188818,173.16065937849837,173.4275360107422,59302900
2023-10-20T00:00:00.000,173.27920878393786,173.3879351486228,170.6401398397108,170.8773651123047,64244000
2023-10-23T00:00:00.000,168.93018581492106,171.9942664316387,167.96152725501383,170.9959716796875,55980100
2023-10-24T00:00:00.000,171.045411263789,171.65822442721412,169.4639394511676,171.43089294433594,43816600
2023-10-25T00:00:00.000,169.88899020331988,171.05531414118843,168.67322735441405,169.11802673339844,57157000
2023-10-26T00:00:00.000,168.39647143119544,169.39478149468584,163.7509180796386,164.956787109375,70625300
2023-10-27T00:00:00.000,164.97653958977486,167.00279566914165,164.89746448966903,166.2713623046875,58499100
2023-10-30T00:00:00.000,167.06207484672964,169.1871631923404,166.91380339901636,168.31735229492188,51131000
2023-10-31T00:00:00.000,167.3882903979478,168.92032345051314,165.95507483465602,168.79183959960938,44846000
2023-11-01T00:00:00.000,169.01917553597846,172.21175573979943,168.1493644262673,171.95477294921875,56934900
2023-11-02T00:00:00.000,173.48677525125817,175.72058991359089,173.42747270619202,175.51303100585938,77334800
2023-11-03T00:00:00.000,172.22159728105217,174.77171219338044,171.3419077055693,174.60366821289062,79829200
2023-11-06T00:00:00.000,174.33686186638658,177.3515193436343,174.1688329148246,177.15383911132812,63841300
2023-11-07T00:00:00.000,177.1043884447924,180.32663456302825,176.89682951103612,179.7138214111328,70530000
2023-11-08T00:00:00.000,180.23767005812115,181.32491864766183,179.48646421884135,180.7714080810547,49340300
2023-11-09T00:00:00.000,180.8406289798602,181.98718027395728,179.70394133589065,180.2969970703125,53763500
2023-11-10T00:00:00.000,182.07846664625706,184.65174012268164,181.64298820237886,184.4834747314453,66133400
2023-11-13T00:00:00.000,183.9094496896321,184.1172820619318,182.31600272709323,182.89993286132812,43627500
2023-11-14T00:00:00.000,185.7701387274506,186.17592689168708,184.38453902262373,185.5128173828125,60108400
2023-11-15T00:00:00.000,185.91859136162876,187.55162053928348,185.84930383072194,186.07693481445312,53790500
2023-11-16T00:00:00.000,187.6209157424311,188.9966236513369,186.7103615664657,187.7594757080078,54412900
2023-11-17T00:00:00.000,188.2938943366879,188.42256253993392,186.63117494967102,187.73965454101562,50922700
2023-11-20T00:00:00.000,187.93762437034974,189.93685974559065,187.92773262314063,189.48158264160156,46505100
2023-11-21T00:00:00.000,189.44198846283598,189.55085808280586,187.78916067013205,188.67990112304688,38134500
2023-11-22T00:00:00.000,189.52117473642568,190.94635649331246,188.8679569924961,189.343017578125,39617700
2023-11-24T00:00:00.000,188.90755574993122,188.93724609528368,187.30421669327737,188.01681518554688,24048300
2023-11-27T00:00:00.000,187.96730652329646,188.70959528304604,186.95778958150402,187.83863830566406,40552600
2023-11-28T00:00:00.000,187.82874701011957,189.11538388382388,187.45264920500045,188.44236755371094,38415400
2023-11-29T00:00:00.000,188.93722623545,190.11499348364924,187.02707707633283,187.42295837402344,43014200
2023-11-30T00:00:00.000,187.888109148078,188.36318478193425,186.2550800746654,187.99697875976562,48794400
2023-12-01T00:00:00.000,188.37308016671426,189.59042941044567,187.2843840288066,189.2737274169922,45704800
2023-12-04T00:00:00.000,188.02667840765253,188.09596593756666,185.52269231677565,187.48233032226562,43389500
2023-12-05T00:00:00.000,188.25431775925796,192.40122460244103,188.22461231756913,191.43130493164062,66628400
2023-12-06T00:00:00.000,192.45072587794942,192.75753614335477,190.1347886146608,190.34263610839844,41089700
2023-12-07T00:00:00.000,191.63917909312914,192.9950884718347,191.59958189996593,192.27259826660156,47477700
2023-12-08T00:00:00.000,192.2032849129047,193.97488907234165,191.67873543823174,193.69776916503906,53406400
2023-12-11T00:00:00.000,191.12449893522992,191.5005967167582,189.4518726145205,191.1937713623047,60943700
2023-12-12T00:00:00.000,191.09480795445688,192.71794533501543,189.748790485074,192.7080535888672,52696900
2023-12-13T00:00:00.000,193.08415015292962,195.96423418895137,192.8466274130704,195.92465209960938,70404200
2023-12-14T00:00:00.000,195.98403383047588,197.567574144968,194.14315707722483,196.07310485839844,66831600
2023-12-15T00:00:00.000,195.4990533238864,196.36010340669733,194.97450383643803,195.5386505126953,128538400
2023-12-18T00:00:00.000,194.0738561652729,194.60831249977454,192.39133809002112,193.87591552734375,55751900
2023-12-19T00:00:00.000,194.1431515248431,194.92502236186388,193.87592334681435,194.91513061523438,40714100
2023-12-20T00:00:00.000,194.87553713507947,195.6475162401682,192.8268280029297,192.8268280029297,52242800
2023-12-21T00:00:00.000,194.08378869377222,195.0537085192927,191.5105147545003,192.67837524414062,46482500
2023-12-22T00:00:00.000,193.17320815773428,193.40085423729087,190.98593919883143,191.60946655273438,37149600
2023-12-26T00:00:00.000,191.6193643540786,191.89648427525853,190.84738527337694,191.06512451171875,28919300
2023-12-27T00:00:00.000,190.51090559150927,191.51051576683653,189.1252907315366,191.1641082763672,48087700
2023-12-28T00:00:00.000,192.14391575114956,192.65857351066379,191.18388776405135,191.5896759033203,34049900
2023-12-29T00:00:00.000,191.90638540499626,192.40124458871406,189.75869835988954,190.55047607421875,42672100
2024-01-02T00:00:00.000,185.22577720716953,186.5025222946912,181.99930092657837,183.73130798339844,82488700
2024-01-03T00:00:00.000,182.32591573673892,183.96885182302105,181.5440297827802,182.35560607910156,58414500
2024-01-04T00:00:00.000,180.2771650380176,181.20750256721809,179.02023379077144,180.03964233398438,71983600
2024-01-05T00:00:00.000,180.11885376441708,180.88092604513352,178.31755906038765,179.31716918945312,62379700
2024-01-08T00:00:00.000,180.21779135468154,183.69171205497358,179.63386121540748,183.65211486816406,59144500
2024-01-09T00:00:00.000,182.0289774717032,183.24632668227045,180.8512103460259,183.23643493652344,42841800
2024-01-10T00:00:00.000,182.45457200324566,184.48348240733844,182.02898528742006,184.27565002441406,46792900
2024-01-11T00:00:00.000,184.6220684732307,185.12683453552387,181.73209248260326,183.6818389892578,49128400
2024-01-12T00:00:00.000,184.14699807850627,184.82001442518902,183.28594792653803,184.00843811035156,40477800
2024-01-16T00:00:00.000,180.28708678689063,182.36548612847807,179.0697224204938,181.74197387695312,65603000
2024-01-17T00:00:00.000,179.40623600410183,181.04915686376333,178.44620806884475,180.80172729492188,47317400
2024-01-18T00:00:00.000,184.17665903424702,187.19530261085842,183.91933773499053,186.6905517578125,78005800
2024-01-19T00:00:00.000,187.38337121910467,189.97642838325277,186.8786203129096,189.59043884277344,68903000
2024-01-22T00:00:00.000,190.32285100501898,193.32169654358245,190.28325381202234,191.89649963378906,60133900
2024-01-23T00:00:00.000,193.01485907067706,193.7373491711095,191.83709192633378,193.17320251464844,42355600
2024-01-24T00:00:00.000,193.41075266703035,194.36088890095834,192.34185506707502,192.50021362304688,53631300
2024-01-25T00:00:00.000,193.21280647175473,194.2520137003454,191.124500268323,192.17359924316406,54822100
2024-01-26T00:00:00.000,192.27260502262163,192.7575573916286,189.9665592517261,190.44161987304688,44594000
2024-01-29T00:00:00.000,190.03581744325376,190.22386634852867,187.63080907007364,189.75869750976562,47145600
2024-01-30T00:00:00.000,188.97682064057707,189.82797900977772,185.54249682198056,186.10662841796875,55859400
2024-01-31T00:00:00.000,185.11691469411622,185.17631048108575,182.45458500160478,182.50405883789062,55467800
2024-02-01T00:00:00.000,182.0982647000541,185.02782223798647,181.93001441121828,184.93875122070312,64885400
2024-02-02T00:00:00.000,178.01075956316492,185.4039575322669,177.40703070953327,183.93917846679688,102551700
2024-02-05T00:00:00.000,186.21550453356022,187.3042007769885,183.92925752426459,185.75033569335938,69668800
2024-02-06T00:00:00.000,184.93876832266957,187.36357521832525,184.8496972971495,187.3536834716797,43490800
2024-02-07T00:00:00.000,188.67990426473503,189.0856924097343,186.67077723703076,187.46255493164062,53439000
2024-02-08T00:00:00.000,187.44274927884152,187.59120098390878,185.42373058041275,186.38375854492188,40962000
2024-02-09T00:00:00.000,186.9486117161699,188.27653811843788,186.30447993507684,187.14682006835938,45155200
2024-02-12T00:00:00.000,186.72067805809255,186.96842336096995,185.1053738445565,185.46212768554688,41781900
2024-02-13T00:00:00.000,184.09459726813964,184.53063145226378,181.85496988989732,183.3711700439453,56529500
2024-02-14T00:00:00.000,183.6486735380374,183.8567711565096,180.79464237244255,182.4892120361328,54630500
2024-02-15T00:00:00.000,181.89458051072347,182.82610514660394,179.71442515593142,182.2017822265625,65434500
2024-02-16T00:00:00.000,181.76579187183052,183.18290302222294,180.03157456209792,180.66580200195312,49752500
2024-02-20T00:00:00.000,180.15048310961222,180.78471053407532,178.3766332434525,179.9225616455078,53665600
2024-02-21T00:00:00.000,180.29911202321813,181.24054108716462,179.03065736673128,180.67568969726562,41371400
2024-02-22T00:00:00.000,181.82524161821627,183.29190480468338,180.81445159653885,182.70721435546875,52292200
2024-02-23T00:00:00.000,183.34143499372246,183.3711632214272,180.58650833781007,180.8739013671875,45119700
2024-02-26T00:00:00.000,180.59643039937333,181.11172976770854,179.02075870271764,179.5261688232422,40867400
2024-02-27T00:00:00.000,179.4666949255866,182.2612539462515,177.94057546451762,180.98289489746094,54318900
2024-02-28T00:00:00.000,180.86399474191828,181.4684939502017,178.50546948959806,179.78382873535156,48953900
2024-02-29T00:00:00.000,179.63518756564144,180.92346630197014,177.9108746304469,179.119873046875,136682600
2024-03-01T00:00:00.000,177.93067957222544,178.90183692569335,175.78025215753124,178.03968811035156,73563100
2024-03-04T00:00:00.000,174.56133114426578,175.30456703921072,172.22261492332544,173.52081298828125,81510100
2024-03-05T00:00:00.000,169.21993595014084,170.48839061409436,168.09021804252058,168.58570861816406,95132400
2024-03-06T00:00:00.000,169.5172632726602,169.69564777442116,167.1587228770791,167.59475708007812,68587700
2024-03-07T00:00:00.000,167.62444067145174,169.19019256472401,166.97040466229933,167.47579956054688,71765100
2024-03-08T00:00:00.000,167.47583792632756,172.13344696276567,167.41638146834518,169.1902313232422,76267000
2024-03-11T00:00:00.000,171.38030546468005,172.80732093128213,170.49833272784605,171.1920166015625,60139500
2024-03-12T00:00:00.000,171.58836801446097,172.46043620394545,169.4676691073548,171.6676483154297,59825400
2024-03-13T00:00:00.000,171.21181736641944,171.6280276345068,169.21993557914925,169.58660888671875,52488700
2024-03-14T00:00:00.000,171.35057361629615,172.73794133442243,170.49832912625453,171.43975830078125,72913500
2024-03-15T00:00:00.000,169.6262667891251,171.0631866455078,168.75419840900892,171.0631866455078,121752700
2024-03-18T00:00:00.000,173.98658058844927,176.107279800922,171.95506605696912,172.15325927734375,75604200
2024-03-19T00:00:00.000,172.76766112194616,175.01719271038215,171.46947815172825,174.49197387695312,55215200
2024-03-20T00:00:00.000,174.1352325028599,177.05862426757812,173.51090945491785,177.05862426757812,53423100
2024-03-21T00:00:00.000,175.45322885093574,175.8892630091755,169.29922879245808,169.82444763183594,106181300
2024-03-22T00:00:00.000,170.21091238831212,171.48928650593083,168.52624750200687,170.72622680664062,71160100
2024-03-25T00:00:00.000,169.0316847755244,170.38932429506946,167.92177545566648,169.3091583251953,54288300
2024-03-26T00:00:00.000,168.4668059986792,169.87399750483326,168.0505957042821,168.17942810058594,57388400
2024-03-27T00:00:00.000,168.87312383270142,172.0343565405087,168.57582642397568,171.74696350097656,60273300
2024-03-28T00:00:00.000,170.20102558587905,170.67669234048742,168.97220342186947,169.93345642089844,65672700
2024-04-01T00:00:00.000,169.64609346633853,169.70554992575666,167.9515087670476,168.49655151367188,46240500
2024-04-02T00:00:00.000,167.5551169522469,167.81276664190898,166.71277681419204,167.31727600097656,49329500
2024-04-03T00:00:00.000,167.26770493028647,169.14065873561202,167.05960735256843,168.1199493408203,47691700
2024-04-04T00:00:00.000,168.7541832986243,170.3694875068381,167.29745483398438,167.29745483398438,53704400
2024-04-05T00:00:00.000,168.06050251317026,168.85329051832247,167.42627513328318,168.05059814453125,42104800
2024-04-08T00:00:00.000,167.50555706407098,167.67402205960258,166.72268854116854,166.9307861328125,37425500
2024-04-09T00:00:00.000,167.17854792228746,168.54610700117138,166.8317135282985,168.13980102539062,42373800
2024-04-10T00:00:00.000,167.27766624134972,167.56504419900938,165.60290522695604,166.26686096191406,49709300
2024-04-11T00:00:00.000,166.8217782077108,173.87757491447604,166.64340884278624,173.4613494873047,91070300
2024-04-12T00:00:00.000,172.68840786964623,176.75143752987137,172.6388708981507,174.957763671875,101670900
2024-04-15T00:00:00.000,173.7784557074799,175.03700600653332,170.94424900321735,171.13253784179688,73531800
2024-04-16T00:00:00.000,170.20100688366134,172.19287348566485,166.75239682964104,167.85238647460938,73711200
2024-04-17T00:00:00.000,168.08034382587564,169.11095775477588,166.48486328125,166.48486328125,50901200
2024-04-18T00:00:00.000,166.51456987389489,167.11906901091456,165.0479219314042,165.5334930419922,43122900
2024-04-19T00:00:00.000,164.71101115974596,164.89928490796945,162.60021611822233,163.5119171142578,68149400
2024-04-22T00:00:00.000,164.0272236912775,165.75152141981465,163.28398774037723,164.34432983398438,48116400
2024-04-23T00:00:00.000,163.85875133255257,165.54341638804536,163.43262154349364,165.39476013183594,49537800
2024-04-24T00:00:00.000,165.03799187966663,167.7731094949557,164.7109814111337,167.49563598632812,48251800
2024-04-25T00:00:00.000,168.0010494911784,169.07131105182287,166.63349053238153,168.35780334472656,50558300
2024-04-26T00:00:00.000,168.34787265422193,169.79469657988224,167.6541737932701,167.77310180664062,44838400
2024-04-29T00:00:00.000,171.80640930182136,174.44242297655094,171.53885525962073,171.93524169921875,68169400
2024-04-30T00:00:00.000,171.76676673002254,173.4117990890393,168.46679764398493,168.7938232421875,65934800
2024-05-01T00:00:00.000,168.05057530255277,171.1523509575647,167.5848129798778,167.77310180664062,50383100
2024-05-02T00:00:00.000,170.95418315705703,171.85597979307556,169.34879824722077,171.46949768066406,94214900
2024-05-03T00:00:00.000,184.9666483851495,185.313497878847,181.01264278710423,181.7261505126953,163224100
2024-05-06T00:00:00.000,180.7054248623681,182.53873097916653,178.79282331517493,180.07119750976562,78569700
2024-05-07T00:00:00.000,181.79550770435065,183.23242749590466,179.68472791941784,180.75497436523438,77305800
2024-05-08T00:00:00.000,181.20094275555934,181.4189598584749,179.813559816899,181.09193420410156,45057100
2024-05-09T00:00:00.000,180.91352883975787,182.99459544718977,180.4675903156434,182.90541076660156,48983000
2024-05-10T00:00:00.000,183.48094965782863,183.66949389545601,180.7322193628195,181.64515686035156,50759500
2024-05-13T00:00:00.000,184.01680743143146,185.6640710757596,183.2030934113359,184.85035705566406,72044800
2024-05-14T00:00:00.000,186.07090395104018,186.85484938535834,184.86026592315986,185.99151611328125,52393600
2024-05-15T00:00:00.000,186.46785537715886,189.1868170758504,185.93199122253947,188.2639617919922,70400000
2024-05-16T00:00:00.000,189.00821119957226,189.6333810173086,188.2044300863017,188.38304138183594,52845200
2024-05-17T00:00:00.000,188.0555735439889,189.34559954047234,187.72810435814964,188.41281127929688,41282900
2024-05-20T00:00:00.000,187.8769693298537,190.44708847543168,187.55941793463836,189.57383728027344,44361300
2024-05-21T00:00:00.000,189.62345487533878,191.2508679069906,189.45476137627725,190.87379455566406,42309400
2024-05-22T00:00:00.000,190.7943713148317,191.3401532056599,188.80972090576984,189.43487548828125,34648500
2024-05-23T00:00:00.000,189.51431079519944,189.53416154393335,185.19770415918353,185.44578552246094,51005900
2024-05-24T00:00:00.000,187.37088671578107,189.11737394472448,186.59685898409072,188.52197265625,36327000
2024-05-28T00:00:00.000,190.04022981736387,191.51880009814326,187.64873713728954,188.5319061279297,52280100
2024-05-29T00:00:00.000,188.15480064928906,190.7745388343773,188.05556206266323,188.82957458496094,53068000
2024-05-30T00:00:00.000,189.29596821795033,190.70506832278696,189.16697622567534,189.8218994140625,49889100
2024-05-31T00:00:00.000,189.9707702687458,191.09210277636024,188.45251367186646,190.77455139160156,75158300
2024-06-03T00:00:00.000,191.41954585254337,193.49351725389894,191.04247253185534,192.54087829589844,50080500
2024-06-04T00:00:00.000,193.14619663099631,193.82098571162214,191.54855228534223,192.85842895507812,47471400
2024-06-05T00:00:00.000,193.9003813531384,195.38886948576234,193.37445009094603,194.3667755126953,54156800
2024-06-06T00:00:00.000,194.1881624282746,194.99194358986873,192.679823561343,192.98744201660156,41181800
2024-06-07T00:00:00.000,193.1561225415401,195.42855606321456,192.65004206608782,195.37893676757812,53103900
2024-06-10T00:00:00.000,195.3888672580803,195.78580650726497,190.67532155851157,191.63787841796875,97010200
2024-06-11T00:00:00.000,192.1638033246204,205.57012886730556,192.14396771907968,205.56019592285156,172373300
2024-06-12T00:00:00.000,205.7785169434978,218.5100538646653,205.3121227860245,211.43478393554688,198134300
2024-06-13T00:00:00.000,213.09194207290335,215.08651049080893,209.97604121171418,212.5957794189453,97862700
2024-06-14T00:00:00.000,212.2087548022513,213.5186162217459,209.67832245756608,210.85919189453125,70122700
2024-06-17T00:00:00.000,211.7324642876032,217.26964179829142,211.08745883873982,215.00714111328125,93728300
2024-06-18T00:00:00.000,215.92007781385274,216.95210469802018,211.36530791117931,212.64540100097656,79943300
2024-06-20T00:00:00.000,212.28815296354617,212.59578653831548,207.24715355520107,208.07077026367188,86172500
2024-06-21T00:00:00.000,208.77533580800622,210.26382387597764,205.5205097773767,205.89759826660156,241805100
2024-06-24T00:00:00.000,206.12582769938734,211.06760381745957,205.00449518251241,206.5426025390625,80727000
2024-06-25T00:00:00.000,207.54484206411715,209.75773850908567,207.0089930344414,207.46546936035156,55549700
2024-06-26T00:00:00.000,209.87681864015101,213.2110325348534,209.0234182045521,211.61338806152344,66213200
2024-06-27T00:00:00.000,213.04234702641065,214.08429174664712,210.72030917561003,212.45687866210938,49772700
2024-06-28T00:00:00.000,214.11402417940656,214.41172478378184,208.6860038316288,209.0035400390625,82542700
2024-07-01T00:00:00.000,210.46229254870087,215.84069445328046,210.29359904602236,215.08653259277344,60402900
2024-07-02T00:00:00.000,214.49110775455017,218.68865467979296,213.4491783018458,218.57949829101562,58046200
2024-07-03T00:00:00.000,218.3115631866412,219.84967041015625,217.34900644671097,219.84967041015625,37369800
2024-07-05T00:00:00.000,219.9489270685169,224.71209219476,219.9489270685169,224.60293579101562,60412400
2024-07-08T00:00:00.000,225.34717053841655,226.10134753003678,221.53664465186893,226.0715789794922,59085900
2024-07-09T00:00:00.000,226.180713251394,227.63943274976205,224.63268810415036,226.92495727539062,48076100
2024-07-10T00:00:00.000,227.54019053238477,231.29117889263895,227.49057123987387,231.1919403076172,62627700
2024-07-11T00:00:00.000,229.61416127735984,230.60648662367137,224.03729767642758,225.823486328125,64710600
2024-07-12T00:00:00.000,227.1631286162611,230.8545803134063,226.92496506939614,228.77069091796875,53046500
2024-07-15T00:00:00.000,234.66509753137677,235.409341553401,231.30111515749465,232.60105895996094,62631300
2024-07-16T00:00:00.000,233.1964793539142,234.4567369075411,230.54697223527828,233.0178680419922,43234300
2024-07-17T00:00:00.000,227.68904591405493,229.6836295353235,224.9006141352506,227.12342834472656,57345900
2024-07-18T00:00:00.000,228.51267855827928,228.67145424701283,220.56415801938329,222.45948791503906,66034600
2024-07-19T00:00:00.000,223.09458131167176,225.05938116686082,221.5663918696606,222.58848571777344,49151500
2024-07-22T00:00:00.000,225.26777593230437,226.03187070395737,221.3778623137636,222.24119567871094,48201800
2024-07-23T00:00:00.000,222.64803919770813,225.19832267550643,220.97100689389265,223.2831268310547,39960300
2024-07-24T00:00:00.000,222.2808652028311,223.07472846403482,215.4635952984219,216.86276245117188,61777600
2024-07-25T00:00:00.000,217.24978234747041,219.15506035064124,212.97286249707204,215.8208465576172,51391200
2024-07-26T00:00:00.000,217.02154248476683,217.80548795978973,214.35218497553956,216.2872314453125,41601300
2024-07-29T00:00:00.000,215.29490356378676,217.61694112977094,214.09418328948692,216.56507873535156,36311800
2024-07-30T00:00:00.000,217.50781013919521,218.63906050664175,214.4613638470993,217.1208038330078,41643800
2024-07-31T00:00:00.000,219.7405227481965,222.10226187087767,218.93674165630796,220.3756103515625,50036300
2024-08-01T00:00:00.000,222.64804374939,222.7572001483694,215.35446119036925,216.68417358398438,62501000
2024-08-02T00:00:00.000,217.46809553371503,223.86860618805187,216.0391597412521,218.1726531982422,105568600
2024-08-05T00:00:00.000,197.562059997048,211.8614726265992,194.4957781490091,207.6639404296875,119548600
2024-08-06T00:00:00.000,203.7243764243061,208.3783842596741,199.52684486531666,205.63955688476562,69660500
2024-08-07T00:00:00.000,205.31211338628992,212.00039184379946,204.80603289763474,208.209716796875,63516400
2024-08-08T00:00:00.000,211.4744658055274,212.55609685346144,207.22731432081122,211.6729278564453,47161100
2024-08-09T00:00:00.000,210.47221789303094,215.11629337558463,210.3432107490655,214.5804443359375,42201600
2024-08-12T00:00:00.000,214.65991863613397,218.07745621052726,214.19298467780987,216.11038208007812,38028100
2024-08-13T00:00:00.000,217.58072790378117,220.44193777769505,217.58072790378117,219.82598876953125,44155300
2024-08-14T00:00:00.000,219.13055181670978,221.5744891931242,218.2662191901357,220.27304077148438,41960600
2024-08-15T00:00:00.000,223.13425172393934,223.87935717471936,221.30624816369337,223.2534637451172,46414000
2024-08-16T00:00:00.000,222.45869413327577,225.34970708383625,222.19045191126241,224.57479858398438,44340200
2024-08-19T00:00:00.000,224.2469437652095,224.51518597934856,221.58442566604344,224.41583251953125,40687800
2024-08-20T00:00:00.000,224.29662301984854,225.68748051768907,223.97870407222223,225.0317840576172,30299000
2024-08-21T00:00:00.000,225.04174306182065,226.49220666639903,223.58133501497932,224.92251586914062,34765500
2024-08-22T00:00:00.000,226.30343225653021,226.84984597984075,222.43881906323927,223.06471252441406,43695300
2024-08-23T00:00:00.000,224.187342377279,226.73063334528243,222.866020162344,225.35963439941406,38677300
2024-08-26T00:00:00.000,225.28014571740593,225.79675641202357,222.4288803537143,225.69740295410156,30602200
2024-08-27T00:00:00.000,224.52511915345738,227.35652605602343,223.4223624308928,226.5418701171875,35934600
2024-08-28T00:00:00.000,226.43257756563742,228.35991942602843,224.20719049274723,225.0119171142578,38052200
2024-08-29T00:00:00.000,228.59836441740794,231.39995310375193,227.3863249726349,228.29037475585938,51906300
2024-08-30T00:00:00.000,228.68777538921813,228.89639643358683,225.99545426270925,227.5055389404297,52990800
2024-09-03T00:00:00.000,227.05848641015993,227.50554667965343,219.72664341730942,221.3162078857422,50190600
2024-09-04T00:00:00.000,220.2134333758585,220.33264539565292,216.06070449558098,219.40872192382812,43840200
2024-09-05T00:00:00.000,220.1836359939166,224.00850159902006,220.07435325324454,220.92874145507812,36615400
2024-09-06T00:00:00.000,222.4884846157397,223.7700744804958,218.33577084564575,219.37892150878906,48423000
2024-09-09T00:00:00.000,219.37891374117063,219.82597396405737,215.29573540828238,219.46832275390625,67180000
2024-09-10T00:00:00.000,217.49131703149231,220.03460793809228,215.31560663834654,218.67355346679688,51591000
2024-09-11T00:00:00.000,220.01475867053273,221.63411098197892,216.4680492147489,221.20692443847656,44587100
2024-09-12T00:00:00.000,221.04796566036197,222.09111639532034,218.38546260882887,221.3162078857422,37455600
2024-09-13T00:00:00.000,222.12091208096655,222.57790161811045,220.46181236980377,221.04795837402344,36766600
2024-09-16T00:00:00.000,215.126845002842,215.80241517960704,212.52394807405793,214.90829467773438,59357400
2024-09-17T00:00:00.000,214.3419921866889,215.48448109873988,213.10014982176025,215.3751983642578,45519300
2024-09-18T00:00:00.000,216.1302484418979,221.2565773677011,216.12030400107497,219.249755859375,59894900
2024-09-19T00:00:00.000,223.52171975466862,228.32020097310811,223.16406850984052,227.3763885498047,66781300
2024-09-20T00:00:00.000,228.46920754640476,231.56884144729943,226.1345376792504,226.71075439453125,318679900
2024-09-23T00:00:00.000,225.8563676699032,227.95259834339626,224.33635371548323,224.99205017089844,54146000
2024-09-24T00:00:00.000,227.15781488965328,227.85325878901892,224.25687274556688,225.88616943359375,43556100
2024-09-25T00:00:00.000,223.462095237407,225.80669443859438,222.55804543582803,224.8927001953125,42308700
2024-09-26T00:00:00.000,225.81663654010723,227.00880227293717,223.9389713421174,226.0352020263672,36636700
2024-09-27T00:00:00.000,226.9690772008412,228.02215721764472,225.81664372013879,226.30343627929688,34026000
2024-09-30T00:00:00.000,228.53875664504176,231.4794464111328,228.15130238402674,231.4794464111328,54541900
2024-10-01T00:00:00.000,228.02214574584622,228.15128705136544,222.2798675150603,224.73374938964844,63285000
2024-10-02T00:00:00.000,224.41584231153624,225.8861795938886,221.56457676904253,225.30003356933594,32880600
2024-10-03T00:00:00.000,223.6707104185886,225.3298099915582,221.86259582618194,224.19725036621094,34044200
2024-10-04T00:00:00.000,226.41268212384122,226.51203557154693,222.6672966608185,225.3198699951172,37245100
2024-10-07T00:00:00.000,223.0348842523572,224.2171205854488,219.8855738973866,220.24322509765625,39505400
2024-10-08T00:00:00.000,222.83622285599392,224.50525191173782,221.79307211654884,224.296630859375,31855700
2024-10-09T00:00:00.000,223.76012210676075,228.25062837641602,223.3627386107029,228.0419921875,33591100
2024-10-10T00:00:00.000,226.29350107451606,228.00227752622936,225.68748134269669,227.54527282714844,28183500
2024-10-11T00:00:00.000,227.80359724609562,227.91287999534921,225.8563814846346,226.0650177001953,31759200
2024-10-14T00:00:00.000,227.20748901369805,230.21771386522883,227.1081507143634,229.79052734375,39882100
2024-10-15T00:00:00.000,232.08545910083197,235.9401430278398,230.85354589755886,232.3238983154297,64751400
2024-10-16T00:00:00.000,230.0885617348273,230.60515724916505,228.34003796565733,230.2673797607422,34082200
2024-10-17T00:00:00.000,231.9066247344228,232.3238971476739,229.0156269629083,230.63497924804688,32993800
2024-10-18T00:00:00.000,234.6386615701971,234.6386615701971,232.4828249974097,233.46636962890625,46431500
2024-10-21T00:00:00.000,232.91995571367772,235.3043021987925,232.91995571367772,234.93670654296875,36254500
2024-10-22T00:00:00.000,232.36362533760988,234.67842149785605,231.0820505913223,234.32077026367188,38846600
2024-10-23T00:00:00.000,232.55239985265487,233.60547988580885,226.27363678517082,229.25405883789062,52287000
2024-10-24T00:00:00.000,228.47914643577636,229.3136761173618,226.91940013747097,229.0653076171875,31109500
2024-10-25T00:00:00.000,228.2407111108546,231.69799621804017,228.07182235817814,229.89981079101562,38802300
2024-10-28T00:00:00.000,231.7973512193415,233.19813797949908,231.032372026897,231.87681579589844,36087100
2024-10-29T00:00:00.000,231.57877779482254,232.80074647701065,230.80386934668286,232.14505004882812,35417200
2024-10-30T00:00:00.000,231.09197226998216,231.94636045913163,228.05194445904854,228.59835815429688,47070900
2024-10-31T00:00:00.000,227.84332326136388,228.33013097812315,223.89923027313517,224.4357147216797,64370100
2024-11-01T00:00:00.000,219.52794977327943,223.87937072005496,218.83252100898451,221.45529174804688,65276700
2024-11-04T00:00:00.000,219.54780947276666,221.33605042122997,218.2761640538016,220.56114196777344,44944500
2024-11-05T00:00:00.000,220.35251908634842,222.4884819564664,219.6968226591573,221.9917449951172,28111300
2024-11-06T00:00:00.000,221.15722727351368,224.59465366535846,219.7464961432124,221.26651000976562,54561100
2024-11-07T00:00:00.000,223.16406118155706,226.39285156162418,223.10445516924474,225.99545288085938,42137700
2024-11-08T00:00:00.000,225.9357792784742,227.4176895436531,225.17991383614745,225.7269287109375,38328800
2024-11-11T00:00:00.000,223.77757009002366,224.47376393957063,220.29658566640109,223.01174926757812,42005600
2024-11-12T00:00:00.000,223.33001798502116,224.36436096493557,222.14648085284745,223.01174926757812,40398300
2024-11-13T00:00:00.000,222.79294167641658,225.4185978724207,221.54973296285615,223.89691162109375,48566200
2024-11-14T00:00:00.000,223.79749088560675,227.62656507733544,223.77759529455372,226.9801025390625,44923900
2024-11-15T00:00:00.000,225.16996034674554,225.68713943052106,223.0515429787679,223.77757263183594,47923700
2024-11-18T00:00:00.000,224.0262188410909,228.49183017609323,223.94665165924164,226.7811737060547,44633700
2024-11-19T00:00:00.000,225.7467938634959,228.90952454109907,225.42854034251505,227.03973388671875,36211800
2024-11-20T00:00:00.000,226.82094870348703,228.68078414631773,224.6627401240164,227.75584411621094,35169600
2024-11-21T00:00:00.000,227.63650237265796,228.90954693288327,224.48372676835862,227.27845764160156,42108300
2024-11-22T00:00:00.000,226.82094518602503,229.46649702017746,226.82094518602503,228.62110900878906,38168300
2024-11-25T00:00:00.000,230.20248468460477,231.98275293866183,228.49182822914253,231.6048126220703,90152800
2024-11-26T00:00:00.000,232.06231657216094,234.29015208323423,232.06231657216094,233.7829132080078,45986200
2024-11-27T00:00:00.000,233.19611792325418,234.40949083683986,232.53970008294309,233.6536102294922,33498400
2024-11-29T00:00:00.000,233.5342752849028,236.51797629056327,232.698842645531,236.04058837890625,28481400
2024-12-02T00:00:00.000,235.9809120539101,239.4817769036961,235.8715090788613,238.28829956054688,48137100
2024-12-03T00:00:00.000,238.50711361537608,241.441083276618,237.60205398884364,241.33168029785156,38861000
2024-12-04T00:00:00.000,241.55048900644988,242.78375758332757,239.9392952788925,241.68972778320312,44383900
2024-12-05T00:00:00.000,242.6644095132275,243.21140922639395,240.81451427308068,241.7195587158203,40033900
2024-12-06T00:00:00.000,241.5902721155965,243.3009285590703,240.76477968960373,241.52064514160156,36870600
2024-12-09T00:00:00.000,240.51612576959502,245.89673657618508,240.43655859300793,245.40939331054688,44649200
2024-12-10T00:00:00.000,245.54863486606115,246.86147053083658,244.00705305092782,246.42385864257812,36914800
2024-12-11T00:00:00.000,246.61283253090062,249.43739908317045,244.92205654138039,245.15081787109375,45205800
2024-12-12T00:00:00.000,245.54862958315107,247.38858448031883,244.3451969163318,246.61282348632812,32777500
2024-12-13T00:00:00.000,246.4736080363398,247.9356076049288,244.9021903118032,246.78192138671875,33155300
2024-12-16T00:00:00.000,246.6426542229925,250.0142354510927,246.304489938892,249.6760711669922,51694800
2024-12-17T00:00:00.000,248.72130738305802,252.45093348613432,248.42293425963442,252.1028289794922,51356400
2024-12-18T00:00:00.000,250.7900177691265,252.89849494785605,246.39403346062903,246.7023468017578,56774100
2024-12-19T00:00:00.000,246.15532490458142,250.6308762664829,245.7475488049507,248.43287658691406,60882300
2024-12-20T00:00:00.000,246.6923766885693,253.61456925624782,244.35515348919105,253.1073455810547,147495300
2024-12-23T00:00:00.000,253.38581895601413,254.26102752773247,252.07298333460633,253.8831024169922,40858800
2024-12-24T00:00:00.000,254.10192745486222,256.80713572411884,253.90300191480816,256.7972106933594,23234700
2024-12-26T00:00:00.000,256.78725468311694,258.6868812844183,256.23029959445824,257.61273193359375,27237100
2024-12-27T00:00:00.000,256.4291751646687,257.29447387899233,251.68510189149424,254.20135498046875,42355300
2024-12-30T00:00:00.000,250.85960874260036,252.1227129740064,249.3876539575231,250.82977294921875,35557500
2024-12-31T00:00:00.000,251.0684930674946,251.90392569582917,248.07483671879714,249.05946350097656,39480700
2025-01-02T00:00:00.000,247.57756417344766,247.74665392379396,240.5062071395791,242.52517700195312,55740700
2025-01-03T00:00:00.000,242.03782653808594,242.85336358935695,240.5758118291158,242.03782653808594,40244100
2025-01-06T00:00:00.000,242.9826459215422,245.98624232017474,241.8786760145675,243.6688995361328,45045600
2025-01-07T00:00:00.000,241.65986382248775,244.21590806857427,240.0387300769128,240.89405822753906,40856000
2025-01-08T00:00:00.000,240.6056476428208,242.38593107741448,238.74581220273618,241.38140869140625,37628900
2025-01-10T00:00:00.000,238.70602211575698,238.85521627248303,231.73411285331812,235.56320190429688,61710900
2025-01-13T00:00:00.000,232.2612269401141,233.39503269669683,228.47192915300568,233.12649536132812,49630700
2025-01-14T00:00:00.000,233.47460320476435,234.8371551382162,231.20699165927476,232.01258850097656,39435300
2025-01-15T00:00:00.000,233.36518970349533,237.66172623332486,233.15632396556444,236.57763671875,39832000
2025-01-16T00:00:00.000,236.06047699847062,236.7168796666606,226.79110553013876,227.0198516845703,71759100
2025-01-17T00:00:00.000,230.85888730040747,231.0279618693864,227.2386640256131,228.7305145263672,68488300
2025-01-21T00:00:00.000,222.783001089375,223.20071739531107,218.1881065481907,221.43038940429688,98070400
2025-01-22T00:00:00.000,218.59586314481808,222.90233985709415,218.59586314481808,222.61392211914062,64126500
2025-01-23T00:00:00.000,223.51898889751178,225.7965406078772,221.09224303438072,222.44485473632812,60234800
2025-01-24T00:00:00.000,223.5587751677507,224.40416321125562,220.207089142254,221.56964111328125,54697900
2025-01-27T00:00:00.000,222.80289291870474,230.88871192185238,222.76310174211312,228.6111602783203,94863400
2025-01-28T00:00:00.000,229.59580038333414,238.88505261672515,229.5560092044273,236.9655303955078,75707600
2025-01-29T00:00:00.000,232.84798871941953,238.55680796680022,232.73858575763728,238.0595245361328,45486100
2025-01-30T00:00:00.000,237.37329797187644,239.48177510143526,235.9212386876704,236.29916381835938,55658300
2025-01-31T00:00:00.000,245.84702671405668,245.84702671405668,232.17173004375724,234.7178192138672,100959800
2025-02-03T00:00:00.000,228.7404632470789,230.5704628324937,224.47376244068877,226.77120971679688,73063300
2025-02-04T00:00:00.000,226.0153670030395,231.8634262398647,225.4186206897715,231.53521728515625,45067300
2025-02-05T00:00:00.000,227.2883741709104,231.4058805611787,227.02979223826367,231.20697021484375,39620300
2025-02-06T00:00:00.000,230.03337408912944,232.52974674745317,229.1780459389265,231.95289611816406,29925300
2025-02-07T00:00:00.000,231.33629458433444,232.72868233994458,226.02529517161955,226.39329528808594,39707200
2025-02-10T00:00:00.000,228.57377553913867,229.58933825388894,226.21404995469493,226.66209411621094,33115600
2025-02-11T00:00:00.000,227.20971719471092,234.2092091135714,227.1400288616486,231.61053466796875,53718400
2025-02-12T00:00:00.000,230.19669384296432,235.9317077791751,229.67894615315132,235.8420867919922,45243300
2025-02-13T00:00:00.000,235.8819260401158,241.28835511000761,234.54774465400956,240.48187255859375,53614100
2025-02-14T00:00:00.000,240.203075232316,244.48441805735465,239.9442089936196,243.53854370117188,40896200
2025-02-18T00:00:00.000,243.0905000064508,244.11602908498713,240.7905267294893,243.40911865234375,48822500
2025-02-19T00:00:00.000,243.5982928571997,244.94242536854557,242.10480216065562,243.807373046875,32204200
2025-02-20T00:00:00.000,243.87709210808563,245.7091038330044,243.2299036494767,244.7632293701172,32316900
2025-02-21T00:00:00.000,244.88267886995578,247.6107939080121,244.155851012499,244.4844207763672,53197400
2025-02-24T00:00:00.000,243.86711335623195,247.7800669312537,243.3593319822528,246.0277099609375,51326400
2025-02-25T00:00:00.000,246.92381259977986,248.91513366913293,243.84722519384715,245.9679718017578,48013300
2025-02-26T00:00:00.000,243.26972892021308,243.91690216055417,238.0922974197643,239.31695556640625,44433600
2025-02-27T00:00:00.000,238.3710773588995,241.4078448384303,236.0312691715791,236.27023315429688,41153600
2025-02-28T00:00:00.000,235.92174819400608,241.03944246427386,229.2010399398617,240.79052734375,56833400
2025-03-03T00:00:00.000,240.74073286620586,242.97101773746803,235.0853888180174,236.99705505371094,47184000
2025-03-04T00:00:00.000,236.6784633674393,239.02822274747484,233.6615980851158,234.9061737060547,53798100
2025-03-05T00:00:00.000,234.3983766092207,235.5234777567522,228.23523611666363,234.7169952392578,47227600
2025-03-06T00:00:00.000,233.42263965762712,236.82779659290307,232.14819548977783,234.30877685546875,45170400
2025-03-07T00:00:00.000,234.08974000390756,240.32256924437755,233.74125275300776,238.03256225585938,46273600
2025-03-10T00:00:00.000,234.5178647329352,235.13518456664028,223.24699590534985,226.4928436279297,72071200
2025-03-11T00:00:00.000,222.8387656202518,224.8599551431671,216.50636447278404,219.88165283203125,76137400
2025-03-12T00:00:00.000,219.18469713036333,220.78771110845915,213.9773970817033,216.0384063720703,62547500
2025-03-13T00:00:00.000,215.01287598245443,215.899013195213,207.51555384047248,208.77008056640625,61368300
2025-03-14T00:00:00.000,210.3332680009786,213.02154815111564,208.67051688888432,212.5635528564453,60107600
2025-03-17T00:00:00.000,212.3843419118567,214.28605714072168,209.0588394397278,213.07135009765625,48073400
2025-03-18T00:00:00.000,213.23066628615402,214.2163605039484,210.57225445008928,211.7670440673828,42432400
2025-03-19T00:00:00.000,213.29037609854922,217.81066771448715,212.82241448637808,214.3059539794922,54385400
2025-03-20T00:00:00.000,213.0614056873257,216.54621759798974,211.29908226715483,213.17092895507812,48862900
2025-03-21T00:00:00.000,210.6419412957371,217.8903488075446,210.36315756009637,217.3228302001953,94127800
2025-03-24T00:00:00.000,220.04097309502072,220.5188858867363,217.63147647971348,219.7721405029297,44299500
2025-03-25T00:00:00.000,219.81198848707382,223.1275400112128,219.12498026235477,222.779052734375,34493600
2025-03-26T00:00:00.000,222.5400680439697,224.04352508950674,219.51326687455483,220.56866455078125,34466100
2025-03-27T00:00:00.000,220.4292696466093,224.0136533961419,219.6028696378956,222.87860107421875,37094800
2025-03-28T00:00:00.000,220.7080664246457,222.8387793372666,216.73537546649092,216.9544219970703,39818600
2025-03-31T00:00:00.000,216.0682695484103,224.6409066608951,215.29165561007284,221.1660614013672,65299300
2025-04-01T00:00:00.000,218.85614379144315,222.70934527111467,217.95008904171658,222.2214813232422,36412700
2025-04-02T00:00:00.000,220.35960203797094,224.2128035366635,220.06090083198967,222.91844177246094,35905900
2025-04-03T00:00:00.000,204.64803566499702,206.58958563447752,200.37665915579902,202.30824279785156,103419000
2025-04-04T00:00:00.000,193.0486144227304,199.01262630823254,186.52703508606032,187.56253051757812,125910900
2025-04-07T00:00:00.000,176.43103817745248,193.30748067285785,173.86223225537526,180.6725616455078,160466300
2025-04-08T00:00:00.000,185.88979780340043,189.51400113284038,168.4757067407598,171.67176818847656,120859500
2025-04-09T00:00:00.000,171.20381523449285,199.7394480269994,171.14407803694525,197.98709106445312,184395900
2025-04-10T00:00:00.000,188.24954112448538,193.93475416517637,182.20587449762067,189.5936737060547,121880000
2025-04-11T00:00:00.000,185.2924188893916,198.67408279715283,185.2525839628914,197.2901153564453,87435900
2025-04-14T00:00:00.000,210.52246440005902,212.01595519155484,200.28707539108044,201.64117431640625,101352900
2025-04-15T00:00:00.000,200.98401841430368,202.62685207462172,198.93296032454862,201.26280212402344,51343900
2025-04-16T00:00:00.000,197.49920369317184,199.8290454554037,191.53519224238798,193.4269561767578,59732400
2025-04-17T00:00:00.000,196.34424488667963,197.9671763411939,193.5763099497932,196.1251983642578,52164700
2025-04-21T00:00:00.000,192.43130060162235,192.958999427942,188.98630873883343,192.32177734375,46742500
2025-04-22T00:00:00.000,195.26894368988752,200.715208155226,195.1196006832811,198.8732452392578,52976400
2025-04-23T00:00:00.000,205.10606155750318,207.09738254349836,201.9199510184256,203.71214294433594,52929200
2025-04-24T00:00:00.000,204.00088023313933,207.92378505310097,202.0593452871763,207.4657745361328,47311000
2025-04-25T00:00:00.000,205.47445049920006,208.8397878176709,205.30519003897632,208.371826171875,38222300
2025-04-28T00:00:00.000,209.08871177088434,210.5822025692478,206.55974070372147,209.2281036376953,38743100
2025-04-29T00:00:00.000,207.78438836336602,211.31898611202763,207.46576971677675,210.29345703125,36827600
2025-04-30T00:00:00.000,208.39173986928208,212.65316547487808,205.7731479657814,211.57785034179688,52286500
2025-05-01T00:00:00.000,208.1726964341785,213.62891164873253,207.99346964638974,212.39430236816406,57365700
2025-05-02T00:00:00.000,205.19567188008233,206.0917754590827,201.2827333487594,204.45889282226562,101010600
2025-05-05T00:00:00.000,202.21865389928206,203.21431440062256,197.34987465543003,198.02691650390625,69018500
2025-05-06T00:00:00.000,197.34988881133353,199.77928784710326,196.16505029893813,197.64857482910156,51216500
2025-05-07T00:00:00.000,198.30570335142838,198.574535944944,192.41139491378883,195.39837646484375,68536700
2025-05-08T00:00:00.000,196.86199326420865,199.18188402861682,193.83517686729027,196.63299560546875,50478900
2025-05-09T00:00:00.000,198.1364339272832,199.6697443694255,196.6827629534363,197.66847229003906,36453900
2025-05-12T00:00:00.000,210.32995926202443,210.6290521628615,206.1227607044075,210.15049743652344,63775800
2025-05-13T00:00:00.000,209.79158118866218,212.75257189298435,208.36592688565332,212.28399658203125,51909300
2025-05-14T00:00:00.000,211.78550901932945,213.29093762104833,209.94113079478424,211.68582153320312,49325800
2025-05-15T00:00:00.000,210.31001909194578,212.31393091132972,208.90429308394448,210.80850219726562,45029500
2025-05-16T00:00:00.000,211.71573318604425,211.92510277199543,209.1335944967917,210.6190643310547,54737900
2025-05-19T00:00:00.000,207.27923550566183,208.84446444770495,203.64029993754312,208.14659118652344,46140500
2025-05-20T00:00:00.000,207.03996203611737,207.83753801206538,204.40797196423648,206.232421875,42496600
2025-05-21T00:00:00.000,204.5475404614086,206.41186226922272,200.10108001028593,201.4768829345703,59211800
2025-05-22T00:00:00.000,200.1010626250374,202.13486667390606,199.09411717835945,200.74908447265625,46742400
2025-05-23T00:00:00.000,193.082445017036,197.1002176461426,192.8730906309023,194.67759704589844,78432900
2025-05-27T00:00:00.000,197.6983910952664,200.1309909415137,196.83102019804124,199.60260009765625,56288500
2025-05-28T00:00:00.000,199.98143310081724,202.11494001836002,199.2935240345892,199.81195068359375,45339700
2025-05-29T00:00:00.000,202.9623758748587,203.19167383577107,197.90775006205254,199.3433837890625,51396800
2025-05-30T00:00:00.000,198.7651407343476,201.3472946799051,196.18300200128658,200.24066162109375,70819900
2025-06-02T00:00:00.000,199.67238359256916,201.51677709467234,199.51286535414474,201.08807373046875,35423300
2025-06-03T00:00:00.000,200.73913195165156,203.1517881077627,200.35031577799097,202.65330505371094,46381600
2025-06-04T00:00:00.000,202.29440469878628,205.6143037964219,201.48686455307688,202.20468139648438,43604000
2025-06-05T00:00:00.000,202.88261988754903,204.12882762641604,199.54277706238673,200.02133178710938,55126100
2025-06-06T00:00:00.000,202.3841235560851,205.07592905349443,201.4370087789868,203.30133056640625,46607700
2025-06-09T00:00:00.000,203.76991971327615,205.37503589356555,199.4131823149893,200.83883666992188,72862600
2025-06-10T00:00:00.000,199.9914028593682,203.73002568042446,199.96149509379936,202.05511474609375,54672600
2025-06-11T00:00:00.000,202.88260699920767,203.8795731269679,197.80805305990708,198.1769256591797,60989900
2025-06-12T00:00:00.000,198.47602627663701,199.07419684911244,196.7612432530472,198.5956573486328,43904600
2025-06-13T00:00:00.000,199.12405177447246,199.76210952406473,195.1062792678608,195.85400390625,51447300
2025-06-16T00:00:00.000,196.701426450214,198.08720880439395,195.96366601516638,197.81802368164062,43020700
2025-06-17T00:00:00.000,196.6017124403596,197.78810453675544,194.61775963167673,195.04644775390625,38856200
2025-06-18T00:00:00.000,195.34553910938874,196.97059871241268,194.4781834746436,195.9835968017578,45394700
2025-06-20T00:00:00.000,197.63856158511533,201.08805571006383,196.26274352386682,200.3901824951172,96813500
2025-06-23T00:00:00.000,201.01829760639046,201.68626312768808,198.35639970659372,200.88868713378906,55814300
2025-06-24T00:00:00.000,201.97536755465325,202.8227948624406,199.59261907789957,199.69232177734375,54064000
2025-06-25T00:00:00.000,200.83883469818846,203.05210084338043,200.01135094007643,200.94850158691406,39525700
2025-06-26T00:00:00.000,200.81887060840756,202.0252062612044,198.85486142223453,200.3901824951172,50799100
2025-06-27T00:00:00.000,201.2774955925489,202.60346239871808,199.39323017588663,200.46995544433594,73188600
2025-06-30T00:00:00.000,201.39712965217615,206.7608124915243,198.6554726965608,204.54754638671875,91912800
2025-07-01T00:00:00.000,206.04299395149746,209.55231908550664,205.51460310500556,207.18951416015625,78788900
2025-07-02T00:00:00.000,208.2761972389462,212.69274987948137,207.5085290616707,211.7954864501953,67941800
2025-07-03T00:00:00.000,211.5063683517463,213.9987837940836,211.16740350258758,212.90213012695312,34955800
2025-07-07T00:00:00.000,212.03474730839852,215.57398008038285,208.16652910348648,209.3130340576172,50229000
2025-07-08T00:00:00.000,209.46260228799343,210.78855393169587,207.8175989494771,209.37286376953125,42848900
2025-07-09T00:00:00.000,208.8943192909964,210.6888614301138,206.59132988433592,210.4994354248047,48749400
2025-07-10T00:00:00.000,209.87133445003573,212.83232507172787,209.39279496736208,211.7655792236328,44443600
2025-07-11T00:00:00.000,209.93115706069412,211.48642172848318,209.22330444266433,210.5193634033203,39765800
2025-07-14T00:00:00.000,209.29309904361602,210.27013683517245,206.91035052542594,207.98707580566406,38840100
2025-07-15T00:00:00.000,208.5852680860029,211.2471659954246,208.2861751856472,208.47560119628906,42296300
2025-07-16T00:00:00.000,209.66198981724762,211.7556096589697,208.0070223143888,209.5224151611328,47490500
2025-07-17T00:00:00.000,209.93116216460888,211.15742622671814,208.95412441878605,209.38282775878906,48068100
2025-07-18T00:00:00.000,210.23024956462245,211.1474566075158,209.06380098140497,210.539306640625,48974600
2025-07-21T00:00:00.000,211.45652088357517,215.12534891613055,210.98794558852114,211.83535766601562,51377400
2025-07-22T00:00:00.000,212.49337032996837,214.29787667610697,211.5861274580158,213.74954223632812,46404100
2025-07-23T00:00:00.000,214.3477325289176,214.49727137359017,211.76559372759175,213.50030517578125,46989300
2025-07-24T00:00:00.000,213.25104009789538,215.0356179140754,212.88216751340357,213.11146545410156,46022600
2025-07-25T00:00:00.000,214.04862920984866,214.58699944946258,212.7525701732737,213.2311248779297,40268800
2025-07-28T00:00:00.000,213.38067592321022,214.1981955143971,212.41361748607306,213.40061950683594,37858000
2025-07-29T00:00:00.000,213.53020352524888,214.1582970701604,210.18041185237743,210.62904357910156,51411700
2025-07-30T00:00:00.000,211.25711581327238,211.74563469104578,207.0898047125579,208.415771484375,45512500
2025-07-31T00:00:00.000,207.85748415888986,209.20337937318874,206.5315173151756,206.94027709960938,80698400
2025-08-01T00:00:00.000,210.23025491744008,212.93203997684435,200.88868661623732,201.76602172851562,104434500
2025-08-04T00:00:00.000,203.8895472057539,207.24933356384108,201.06813110178,202.7330780029297,75109300
2025-08-05T00:00:00.000,202.78290655256814,204.71702329589334,201.54667827641916,202.3043670654297,44155100
2025-08-06T00:00:00.000,205.00616501036765,214.72658548105818,204.96627784328447,212.60304260253906,108483100
2025-08-07T00:00:00.000,218.2159523061407,220.1799768073744,215.92292715514498,219.36245727539062,90224800
2025-08-08T00:00:00.000,220.16003429974123,230.29917810781973,218.58482597462978,228.65419006347656,113854000
2025-08-11T00:00:00.000,227.48640043221798,229.12327986736793,224.3324083989562,226.747802734375,61806100
2025-08-12T00:00:00.000,227.57622481823222,230.36092560837628,226.63802588155738,229.21310424804688,55626200
2025-08-13T00:00:00.000,230.6304284784954,234.55294488479396,229.99163136972763,232.88612365722656,69878500
2025-08-14T00:00:00.000,233.6147219132583,234.67270293292236,230.41083714463488,232.337158203125,51916300
2025-08-15T00:00:00.000,233.5548328767578,233.834298979768,228.9036945156081,231.1494140625,56038700
2025-08-18T00:00:00.000,231.25921652669462,232.67651332576617,229.672244959047,230.4507598876953,37476200
2025-08-19T00:00:00.000,230.84001516813981,232.42698672077375,228.9136940815642,230.1213836669922,39402600
2025-08-20T00:00:00.000,229.54248102593337,230.0315543310328,225.3404986724704,225.5800323486328,42263900
2025-08-21T00:00:00.000,225.83955683035407,226.08908123987146,223.35428822884654,224.47215270996094,30621200
2025-08-22T00:00:00.000,225.73973438952316,228.65417758009713,224.98118568943215,227.3267059326172,42477800
2025-08-25T00:00:00.000,226.04912998143794,228.86377239669042,225.79960559269966,226.72784423828125,30983100
2025-08-26T00:00:00.000,226.43840339540802,229.0534295301293,224.26255788237486,228.87376403808594,54575100
2025-08-27T00:00:00.000,228.17510050695543,230.46073738560713,227.82576024347395,230.05152893066406,31259500
2025-08-28T00:00:00.000,230.3809040856524,232.9659733126178,228.90370861616245,232.11758422851562,38074700
2025-08-29T00:00:00.000,232.0676707602769,232.9360260407387,230.92984008944924,231.69837951660156,39418400
2025-09-02T00:00:00.000,228.81388239599917,230.4108447009183,226.53822101083426,229.28298950195312,44075600
2025-09-03T00:00:00.000,236.75874463665696,238.395624134605,233.9141603097862,238.01634216308594,66427800
2025-09-04T00:00:00.000,237.99636566705198,239.44360411673358,236.28962732845326,239.32383728027344,47549400
2025-09-05T00:00:00.000,239.54341659874092,240.86091270031892,238.03629475202086,239.2340087890625,54870400
2025-09-08T00:00:00.000,238.84475646782593,239.69313028194867,235.89038089866295,237.42745971679688,48999500
2025-09-09T00:00:00.000,236.54912730927947,238.3257397896772,232.9160527142261,233.9041748046875,66313900
2025-09-10T00:00:00.000,231.7482872752143,231.97784546194652,225.52015268533836,226.35855102539062,83440800
2025-09-11T00:00:00.000,226.44839058875493,230.01159113632517,226.21881717306923,229.59239196777344,50208600
2025-09-12T00:00:00.000,228.78393068206054,234.06386022938602,228.58431421011397,233.6247100830078,55824200
2025-09-15T00:00:00.000,236.54912714503797,237.7368657054393,234.58287368836292,236.24969482421875,42699500
2025-09-16T00:00:00.000,236.72878926810645,240.76111223381088,235.87043992435724,237.6969451904297,63421100
2025-09-17T00:00:00.000,238.5153883976145,239.6432435766681,237.27774187166392,238.5353546142578,46508000
2025-09-18T00:00:00.000,239.5134800259323,240.74113579799257,236.199788714976,237.42745971679688,44249600
2025-09-19T00:00:00.000,240.77107799962133,245.83144010441063,239.7530294205925,245.032958984375,163741300
2025-09-22T00:00:00.000,247.82763635806887,256.15178189089505,247.64797087114997,255.5928192138672,105517400
2025-09-23T00:00:00.000,255.39322235208516,256.8504363399061,253.0975947938589,253.9459686279297,60275200
2025-09-24T00:00:00.000,254.73446948849343,255.2534845023776,250.56241362070242,251.8300018310547,42303700
2025-09-25T00:00:00.000,252.72829161839874,256.6807646844572,251.2311452680336,256.3813171386719,55202100
2025-09-26T00:00:00.000,253.61660096533106,257.10994249251326,253.2972024297037,254.97401428222656,46076300
2025-09-29T00:00:00.000,254.0757261912774,254.5148915782133,252.52867184357527,253.9459686279297,40127700
2025-09-30T00:00:00.000,254.37515755125318,255.4331385813304,252.6284867333586,254.14559936523438,37704300
2025-10-01T00:00:00.000,254.55481135314994,258.29769267334166,254.44502000530687,254.9640350341797,48713900
2025-10-02T00:00:00.000,256.09186667190835,257.68882891050583,253.66649683440303,256.6408386230469,42630200
2025-10-03T00:00:00.000,254.18552630266564,258.7468246365968,253.46689477740222,257.5291442871094,49155600
2025-10-06T00:00:00.000,257.49917477533796,258.57713717661323,254.56478079871025,256.20166015625,44664100
2025-10-07T00:00:00.000,256.32145476920215,256.9103287268919,254.94407514023973,255.99209594726562,31955800
2025-10-08T00:00:00.000,256.03201279963565,258.0282082133661,255.62278908467795,257.569091796875,36496900
2025-10-09T00:00:00.000,257.3195337882977,257.50917476461467,252.65841993311406,253.55670166015625,38322000
2025-10-10T00:00:00.000,254.45500785015722,255.8922708493858,243.53581752909898,244.80340576171875,61999100
2025-10-13T00:00:00.000,248.90558714178317,249.2149949644775,245.09284695690994,247.18885803222656,38142900
2025-10-14T00:00:00.000,246.13087266264282,248.37659224814226,244.23447809703134,247.29864501953125,35478000
2025-10-15T00:00:00.000,249.01538540478128,251.3409547309234,246.99922390992754,248.86566162109375,33893600
2025-10-16T00:00:00.000,247.77774448085987,248.56623493239263,244.66368465033412,246.97926330566406,39777000
2025-10-17T00:00:00.000,247.5481624372989,252.89796599708643,246.79958926324147,251.81002807617188,49147000
2025-10-20T00:00:00.000,255.4032084113237,263.87706298772724,255.14370850365398,261.7411193847656,90483000
2025-10-21T00:00:00.000,261.3817895915523,264.7853058703715,261.3318664386604,262.27008056640625,46695900
2025-10-22T00:00:00.000,262.15033525743416,262.349966966352,254.94406918261987,257.9583435058594,45015300
2025-10-23T00:00:00.000,259.4454820834593,260.12418111371363,257.51916110368444,259.0861511230469,32754900
2025-10-24T00:00:00.000,260.69313376057823,263.62754335723145,258.68694768993146,262.3200378417969,38253700
2025-10-27T00:00:00.000,264.37609822840903,268.60802232244004,264.1465248140549,268.2986145019531,44888200
2025-10-28T00:00:00.000,268.4782600095115,269.3765722048576,267.63986169210665,268.4882507324219,41534800
2025-10-29T00:00:00.000,268.76770579477784,270.8936584399069,266.6018207191691,269.1869201660156,51086700
2025-10-30T00:00:00.000,271.4725408872279,273.6184749716116,267.969239224885,270.8836669921875,69886500
2025-10-31T00:00:00.000,276.4630533049319,276.79244258078194,268.647962249571,269.85565185546875,86167100
2025-11-03T00:00:00.000,269.90556627002525,270.33474092754267,265.74348587775046,268.53814697265625,50194600
2025-11-04T00:00:00.000,267.8195068636227,270.9734988318123,267.11086611942017,269.5262756347656,49274800
2025-11-05T00:00:00.000,268.0989800730272,271.18312844251227,266.4221834255846,269.6260986328125,43683100
2025-11-06T00:00:00.000,267.38037702601645,272.8798740142925,267.38037702601645,269.25677490234375,51204000
2025-11-07T00:00:00.000,269.28671541495146,271.7719991063764,266.26248096015127,267.9592590332031,48227400
2025-11-10T00:00:00.000,268.7085692371889,273.4741297822401,267.20997142836535,269.1781311035156,41312400
2025-11-11T00:00:00.000,269.55775905965567,275.65206242273547,269.5477586519058,274.99267578125,46208300
2025-11-12T00:00:00.000,274.74292397164845,275.4722525277038,271.4460210796085,273.21435546875,48398000
2025-11-13T00:00:00.000,273.85374352181776,276.4413491841305,271.83564282199285,272.6948547363281,49602800
2025-11-14T00:00:00.000,270.7965900477885,275.70200347225597,269.3479639093673,272.15533447265625,47431300
2025-11-17T00:00:00.000,268.5687054184609,270.2371271729127,265.48159771217263,267.2099609375,45018300
2025-11-18T00:00:00.000,269.7376065335732,270.4569347049811,265.0719890725528,267.19000244140625,45677300
2025-11-19T00:00:00.000,265.2817633125939,271.9555110777923,265.2517925781922,268.3089294433594,40424500
2025-11-20T00:00:00.000,270.5768036466949,275.17250947675234,265.67142054546326,266.0010986328125,45823600
2025-11-21T00:00:00.000,265.70137680880595,273.0744516711978,265.4216397990326,271.2361755371094,59030800
2025-11-24T00:00:00.000,270.64675212306133,276.7410558404627,270.64675212306133,275.6620788574219,65585800
2025-11-25T00:00:00.000,275.012667049666,280.1179060838009,274.9926967216935,276.7110900878906,46914200
2025-11-26T00:00:00.000,276.70108254872224,279.26868736786383,276.3714044558947,277.29052734375,33431400
2025-11-28T00:00:00.000,277.0008150112318,278.73917862681736,275.73198274965245,278.5893249511719,20135600
2025-12-01T00:00:00.000,277.75011957449965,283.1550658399818,275.88187257202503,282.8353576660156,46587700
2025-12-02T00:00:00.000,282.7354345985028,287.1313151163589,282.36578537497866,285.9224548339844,53669500
2025-12-03T00:00:00.000,285.9324708384744,288.35019153510143,283.0351573834178,283.8843688964844,43538700
2025-12-04T00:00:00.000,283.83440686502166,284.46382276925783,278.32954829392816,280.4375915527344,43989100
2025-12-05T00:00:00.000,280.27774306596746,280.8771882481053,277.79005013345267,278.5193786621094,47265800
2025-12-08T00:00:00.000,277.86998437615557,279.4085531850005,275.8918244790692,277.6302185058594,38211800
2025-12-09T00:00:00.000,277.8999627322321,279.7682096639769,276.6611317163261,276.9208679199219,32193300
2025-12-10T00:00:00.000,277.490342786908,279.48847306800184,276.1815698919154,278.5193786621094,33038300
2025-12-11T00:00:00.000,278.83908758708685,279.3286197507982,273.5540244422053,277.77008056640625,33248000
2025-12-12T00:00:00.000,277.64021728323,278.9589906850317,276.5612402656973,278.0198669433594,39532900
2025-12-15T00:00:00.000,279.8880911943856,279.8880911943856,272.5849275039148,273.8537292480469,50409100
2025-12-16T00:00:00.000,272.5649667835892,275.2424541197232,271.53593087885605,274.353271484375,37648600
2025-12-17T00:00:00.000,274.75292651919426,275.90184538512057,271.38608172110213,271.58587646484375,50138700
2025-12-18T00:00:00.000,273.35420232069225,273.374203136776,266.7004552212896,271.935546875,51630700
2025-12-19T00:00:00.000,271.8955859651445,274.34330788170604,269.64768928264715,273.4141845703125,144632000
2025-12-22T00:00:00.000,272.6048920133635,273.62395794129594,270.25711338978425,270.7166748046875,36571800
2025-12-23T00:00:00.000,270.5868091030317,272.2452609569047,269.30800689497966,272.1053771972656,29642000
2025-12-24T00:00:00.000,272.085389177814,275.17249671786806,271.9455359163183,273.55401611328125,17910600
2025-12-26T00:00:00.000,273.9037084592662,275.1125687682936,272.6049054553,273.1444091796875,21521800
2025-12-29T00:00:00.000,272.4350823114352,274.10350406329195,272.0954038139857,273.50408935546875,23715200
2025-12-30T00:00:00.000,272.5549704076282,273.82377221524894,272.02546707967076,272.82470703125,22139600
2025-12-31T00:00:00.000,272.80472532736104,273.42414083736213,271.49595243002375,271.6058349609375,27293600
2026-01-02T00:00:00.000,272.0054842546519,277.58025431004916,268.7485221479618,270.75665283203125,37838100
2026-01-05T00:00:00.000,270.38700744645297,271.25618925068443,265.89121426121545,267.0101623535156,45647200
2026-01-06T00:00:00.000,266.7503924619391,267.2998660934885,261.8749496989937,262.1147155761719,52352100
2026-01-07T00:00:00.000,262.95395138764474,263.4334831315393,259.56710600115036,260.08660888671875,48309800
2026-01-08T00:00:00.000,256.7797203952787,259.0476178563403,255.46096229095477,258.7978515625,50419300
2026-01-09T00:00:00.000,258.8377955175017,259.9667440583015,255.98048371428257,259.1275329589844,39997000
2026-01-12T00:00:00.000,258.9177364764393,261.05572011368304,256.5599267903311,260.0067138671875,45263800
2026-01-13T00:00:00.000,258.4781303943212,261.56523797230057,258.148452318208,260.8059387207031,45730800
2026-01-14T00:00:00.000,259.247418118488,261.57525710051715,256.4700180914029,259.71697998046875,40019400
2026-01-15T00:00:00.000,260.40631875644857,260.7959687899761,256.8096782083212,257.9685974121094,39388600
2026-01-16T00:00:00.000,257.6589020182799,258.6579671912775,254.69167723491495,255.29112243652344,72142800
2026-01-20T00:00:00.000,252.49373739571587,254.55180921698133,243.19244305608962,246.46937561035156,80267500
2026-01-21T00:00:00.000,248.46750904444812,251.3248360900433,244.9507953165175,247.41848754882812,54641700
2026-01-22T00:00:00.000,248.96703988447874,250.76536025794266,247.9180183962477,248.1178436279297,39708300
2026-01-23T00:00:00.000,247.08880782235642,249.17685039145397,244.45126111041233,247.80812072753906,41689000
2026-01-26T00:00:00.000,251.24490015634893,256.32015295784896,249.5664780183616,255.17123413085938,55969200
2026-01-27T00:00:00.000,258.92771692213245,261.70511669708895,257.96859246831417,258.0285339355469,49648300
2026-01-28T00:00:00.000,257.409147241713,258.61800761819165,254.27208306792676,256.2002868652344,41288000
2026-01-29T00:00:00.000,257.75880668092503,259.4072580677027,254.17216647920577,258.0385437011719,67253000
2026-01-30T00:00:00.000,254.93144331105526,261.6551472598355,251.94423313215475,259.2374267578125,92443400
2026-02-02T00:00:00.000,259.7869174093499,270.2371306501278,258.9676766447768,269.7575988769531,73913400
2026-02-03T00:00:00.000,268.9483513556569,271.6258386480508,267.3598109321867,269.22808837890625,64394700
2026-02-04T00:00:00.000,272.03545112075,278.68922850453845,272.03545112075,276.23150634765625,90545700
2026-02-05T00:00:00.000,277.86999494352693,279.2387093202658,272.97458180817284,275.6520690917969,52977400
2026-02-06T00:00:00.000,276.8609202349588,280.6473855638201,276.67109542368036,277.8599853515625,50453400
2026-02-09T00:00:00.000,277.9100036621094,278.20001220703125,271.70001220703125,274.6199951171875,44623400
2026-02-10T00:00:00.000,274.8900146484375,275.3699951171875,272.94000244140625,273.67999267578125,34376900
2026-02-11T00:00:00.000,274.70001220703125,280.17999267578125,274.45001220703125,275.5,51931300
2026-02-12T00:00:00.000,275.5899963378906,275.7200012207031,260.17999267578125,261.7300109863281,81077200
2026-02-13T00:00:00.000,262.010009765625,262.2300109863281,255.4499969482422,255.77999877929688,56290700
2026-02-17T00:00:00.000,258.04998779296875,266.2900085449219,255.5399932861328,263.8800048828125,58469100
2026-02-18T00:00:00.000,263.6000061035156,266.82000732421875,262.45001220703125,264.3500061035156,34203300
2026-02-19T00:00:00.000,262.6000061035156,264.4800109863281,260.04998779296875,260.5799865722656,30845300
2026-02-20T00:00:00.000,258.9700012207031,264.75,258.1600036621094,264.5799865722656,42070500
2026-02-23T00:00:00.000,263.489990234375,269.42999267578125,263.3800048828125,266.17999267578125,37308200
2026-02-24T00:00:00.000,267.8599853515625,274.8900146484375,267.7099914550781,272.1400146484375,47014600
2026-02-25T00:00:00.000,271.7799987792969,274.94000244140625,271.04998779296875,274.2300109863281,33714300
2026-02-26T00:00:00.000,274.95001220703125,276.1099853515625,270.79998779296875,272.95001220703125,32345100
2026-02-27T00:00:00.000,272.80999755859375,272.80999755859375,262.8900146484375,264.17999267578125,72366500
2026-03-02T00:00:00.000,262.4100036621094,266.5299987792969,260.20001220703125,264.7200012207031,41827900
2026-03-03T00:00:00.000,263.4800109863281,265.55999755859375,260.1300048828125,263.75,38568900
2026-03-04T00:00:00.000,264.6499938964844,266.1499938964844,261.4200134277344,262.5199890136719,39803100
2026-03-05T00:00:00.000,260.7900085449219,261.55999755859375,257.25,260.2900085449219,49658600
2026-03-06T00:00:00.000,258.6300048828125,258.7699890136719,254.3699951171875,257.4599914550781,41120000
2026-03-09T00:00:00.000,255.69000244140625,261.1499938964844,253.67999267578125,259.8800048828125,38218500
2026-03-10T00:00:00.000,257.6499938964844,262.4800109863281,256.95001220703125,260.8299865722656,30590800
2026-03-11T00:00:00.000,261.0899963378906,262.1300048828125,259.54998779296875,260.80999755859375,26218900
2026-03-12T00:00:00.000,258.6600036621094,258.95001220703125,254.17999267578125,255.75999450683594,40794000
2026-03-13T00:00:00.000,255.47999572753906,256.3299865722656,249.52000427246094,250.1199951171875,36930000
2026-03-16T00:00:00.000,252.11000061035156,253.88999938964844,249.8800048828125,252.82000732421875,32074200
2026-03-17T00:00:00.000,252.9600067138672,255.1300048828125,252.17999267578125,254.22999572753906,32361600
2026-03-18T00:00:00.000,252.6300048828125,254.94000244140625,249,249.94000244140625,35757900
2026-03-19T00:00:00.000,249.39999389648438,251.8300018310547,247.3000030517578,248.9600067138672,34864100
2026-03-20T00:00:00.000,247.97999572753906,249.1999969482422,246,247.99000549316406,88331100
2026-03-23T00:00:00.000,253.97000122070312,254.60000610351562,250.27999877929688,251.49000549316406,40546100
2026-03-24T00:00:00.000,250.35000610351562,254.8300018310547,249.5500030517578,251.63999938964844,45152300
2026-03-25T00:00:00.000,254.10000610351562,255,251.60000610351562,252.6199951171875,28476700
2026-03-26T00:00:00.000,252.1199951171875,257,250.77000427246094,252.88999938964844,41796700
2026-03-27T00:00:00.000,253.89999389648438,255.49000549316406,248.07000732421875,248.8000030517578,47900000
2026-03-30T00:00:00.000,250.07000732421875,250.8699951171875,245.50999450683594,246.6300048828125,39446200
2026-03-31T00:00:00.000,247.91000366210938,255.47999572753906,247.10000610351562,253.7899932861328,49598100
2026-04-01T00:00:00.000,254.0800018310547,256.17999267578125,253.3300018310547,255.6300048828125,40059400
2026-04-02T00:00:00.000,254.1999969482422,256.1300048828125,250.64999389648438,255.9199981689453,31289400
2026-04-06T00:00:00.000,256.510009765625,262.1600036621094,256.4599914550781,258.8599853515625,29329900
2026-04-07T00:00:00.000,256.1600036621094,256.20001220703125,245.6999969482422,253.5,62148000
2026-04-08T00:00:00.000,258.45001220703125,259.75,256.5299987792969,258.8999938964844,41032800
2026-04-09T00:00:00.000,259,261.1199951171875,256.07000732421875,260.489990234375,28121600
2026-04-10T00:00:00.000,259.9800109863281,262.19000244140625,259.0199890136719,260.4800109863281,31291500
2026-04-13T00:00:00.000,259.7300109863281,260.17999267578125,256.6600036621094,259.20001220703125,36234700
2026-04-14T00:00:00.000,259.25,261.92999267578125,257.19000244140625,258.8299865722656,48370700
2026-04-15T00:00:00.000,258.1600036621094,266.55999755859375,257.80999755859375,266.42999267578125,49913500
2026-04-16T00:00:00.000,266.79998779296875,267.1600036621094,261.2699890136719,263.3999938964844,43323100
2026-04-17T00:00:00.000,266.9599914550781,272.29998779296875,266.7200012207031,270.2300109863281,61436200
2026-04-20T00:00:00.000,270.3299865722656,274.2799987792969,270.2900085449219,273.04998779296875,36590200
2026-04-21T00:00:00.000,271.5,272.79998779296875,265.3999938964844,266.1700134277344,50209800
2026-04-22T00:00:00.000,267.82000732421875,273.739990234375,266.8699951171875,273.1700134277344,43249200
2026-04-23T00:00:00.000,275.04998779296875,275.7699890136719,271.6499938964844,273.42999267578125,33399600
2026-04-24T00:00:00.000,272.760009765625,273.05999755859375,269.6499938964844,271.05999755859375,38157100
2026-04-27T00:00:00.000,266.0899963378906,268.3599853515625,265.07000732421875,267.6099853515625,41466800
2026-04-28T00:00:00.000,272.3399963378906,273.2300109863281,268.6600036621094,270.7099914550781,40018900
2026-04-29T00:00:00.000,267.54998779296875,271.0400085449219,267.0400085449219,270.1700134277344,30047900
2026-04-30T00:00:00.000,270.5,276,268.1400146484375,271.3500061035156,91848200
2026-05-01T00:00:00.000,278.8599853515625,287.2200012207031,278.3699951171875,280.1400146484375,79844600
