Date,NVDA,NVDA,NVDA,NVDA,NVDA
2014-05-05T00:00:00.000,0.4359103339999033,0.44443438515542927,0.43543678187487844,0.4411194920539856,239260000
2014-05-06T00:00:00.000,0.44538165485723635,0.44917010125095413,0.43093812712306445,0.43212202191352844,416188000
2014-05-07T00:00:00.000,0.43212190945928536,0.4361471450540908,0.4278598836774975,0.43259546160697937,293900000
2014-05-08T00:00:00.000,0.43093808061693945,0.4449080263462897,0.42880705328831425,0.43804144859313965,432728000
2014-05-09T00:00:00.000,0.4247818515502741,0.4288070880848361,0.4193359300146773,0.42738640308380127,539532000
2014-05-12T00:00:00.000,0.42833344158056885,0.4408827289075707,0.4280966513904047,0.4399356245994568,299856000
2014-05-13T00:00:00.000,0.43401625512391506,0.44111965248785023,0.43141170337587603,0.43283236026763916,221104000
2014-05-14T00:00:00.000,0.43306908727080207,0.43472653418222834,0.42833350853742674,0.4285702705383301,214320000
2014-05-15T00:00:00.000,0.4276231908196579,0.4299909803233194,0.4219404790751039,0.4262025058269501,325896000
2014-05-16T00:00:00.000,0.4228875689554452,0.42833348990721365,0.4228875689554452,0.42525535821914673,283960000
2014-05-19T00:00:00.000,0.42975408233725665,0.4413562359438392,0.4278598456883964,0.43898844718933105,360076000
2014-05-20T00:00:00.000,0.4391074918355186,0.44029683929896685,0.43173355457590784,0.43387436866760254,256200000
2014-05-21T00:00:00.000,0.435539449445174,0.4393453726707204,0.4312577929055043,0.43387436866760254,216712000
2014-05-22T00:00:00.000,0.4329229672924105,0.43815609124909816,0.4329229672924105,0.4357773959636688,130364000
2014-05-23T00:00:00.000,0.4381561322992679,0.44196205645503983,0.4355395558976388,0.4398212134838104,182656000
2014-05-27T00:00:00.000,0.44243781187738246,0.44767093658447266,0.4410105831589539,0.44767093658447266,209680000
2014-05-28T00:00:00.000,0.44933590888859387,0.4543311511639435,0.4450542523980942,0.45147672295570374,224676000
2014-05-29T00:00:00.000,0.4512387799846339,0.45504470264237257,0.4498115802551889,0.4507630467414856,171884000
2014-05-30T00:00:00.000,0.45076305052733584,0.4531417451193316,0.44838435593534015,0.45195239782333374,239128000
2014-06-02T00:00:00.000,0.45337965221350585,0.4562340802181799,0.4467193012984144,0.4505252242088318,181500000
2014-06-03T00:00:00.000,0.451476744466294,0.4519524777976202,0.4426755502334922,0.44862231612205505,243212000
2014-06-04T00:00:00.000,0.44743296975231706,0.4524282122783554,0.44719508890790893,0.44909805059432983,161236000
2014-06-05T00:00:00.000,0.4498116113129778,0.4524281585090943,0.44719503576058334,0.45100095868110657,188696000
2014-06-06T00:00:00.000,0.4531418371836724,0.4567098797965814,0.45147675630223794,0.45266610383987427,161052000
2014-06-09T00:00:00.000,0.4521902229234527,0.4574233447099628,0.44909791466351895,0.4531416893005371,247456000
2014-06-10T00:00:00.000,0.4514766167573981,0.457661233384045,0.4495736556141011,0.4555203914642334,217608000
2014-06-11T00:00:00.000,0.4538553903776044,0.46265658365822476,0.4538553903776044,0.4614672362804413,266228000
2014-06-12T00:00:00.000,0.46146718558989175,0.4664624270141057,0.45742338226460294,0.4643216133117676,337148000
2014-06-13T00:00:00.000,0.469079153940748,0.469317034809586,0.4602779587817227,0.4647974967956543,227852000
2014-06-16T00:00:00.000,0.4626565586641206,0.46646245305365486,0.4593263691724668,0.463370144367218,198620000
2014-06-17T00:00:00.000,0.46384594564305526,0.46836545447844574,0.46146725081258044,0.46646249294281006,157608000
2014-06-18T00:00:00.000,0.46527311459525716,0.46812757088708007,0.46099145851379997,0.4659867286682129,215536000
2014-06-19T00:00:00.000,0.4574234724630277,0.4598021674263536,0.45195246837612213,0.45528265833854675,474592000
2014-06-20T00:00:00.000,0.4564719899053894,0.4581370706504086,0.446719329553266,0.4502873718738556,353148000
2014-06-23T00:00:00.000,0.4443405594549701,0.4452920259035513,0.43910740891894856,0.44505417346954346,414200000
2014-06-24T00:00:00.000,0.44434053597117096,0.4479085774991888,0.4362529581605666,0.4381559193134308,275780000
2014-06-25T00:00:00.000,0.4393454876927913,0.4429135310172612,0.43530171092964953,0.4426756501197815,215420000
2014-06-26T00:00:00.000,0.4426754521107438,0.4429133329018193,0.4353015162189785,0.43672871589660645,256908000
2014-06-27T00:00:00.000,0.4362530745697064,0.4398211170498155,0.43363649874178073,0.4372045695781708,302820000
2014-06-30T00:00:00.000,0.43553935315581727,0.4421997031499083,0.43553935315581727,0.44101035594940186,180512000
2014-07-01T00:00:00.000,0.4405346394134464,0.4486222176967468,0.4391074113763125,0.446005642414093,321180000
2014-07-02T00:00:00.000,0.44434064626693726,0.4462436078921611,0.4417240704877194,0.44434064626693726,179284000
2014-07-03T00:00:00.000,0.4402969124799622,0.4495738412505289,0.4402969124799622,0.44838449358940125,136892000
2014-07-07T00:00:00.000,0.4490980373180136,0.4493359181553895,0.444102766583365,0.44481638073921204,127496000
2014-07-08T00:00:00.000,0.44362702238396123,0.4455299839674521,0.43696667101988307,0.4412483274936676,221940000
2014-07-09T00:00:00.000,0.44505426192693776,0.4564720033606366,0.44172407198245695,0.4545690417289734,387668000
2014-07-10T00:00:00.000,0.4460056920553813,0.4540932712388448,0.44243764992169166,0.4521903097629547,266308000
2014-07-11T00:00:00.000,0.4526659561119949,0.45456891722243664,0.4510008757739607,0.4531416893005371,191188000
2014-07-14T00:00:00.000,0.45504469954528887,0.460039969455038,0.4533796190274645,0.458850622177124,272636000
2014-07-15T00:00:00.000,0.4595644209265347,0.461943116438425,0.45647211108981994,0.46075376868247986,395440000
2014-07-16T00:00:00.000,0.46265669830686507,0.4662247413243944,0.4576614267398099,0.4602779746055603,319728000
2014-07-17T00:00:00.000,0.4550448471384663,0.46384604253470635,0.4550448471384663,0.45908862352371216,324832000
2014-07-18T00:00:00.000,0.44957368972499295,0.4531417315057934,0.43791806956061274,0.43863168358802795,567816000
2014-07-21T00:00:00.000,0.43696667101988307,0.44434063652230527,0.43696667101988307,0.4412483274936676,243364000
2014-07-22T00:00:00.000,0.44457833203036695,0.44695702608081544,0.4383937445129627,0.43934521079063416,298816000
2014-07-23T00:00:00.000,0.43958324107965824,0.43982109355185606,0.42959269998408445,0.4300684332847595,297352000
2014-07-24T00:00:00.000,0.43244725030448616,0.4336365980702871,0.4276898592412826,0.43078216910362244,254576000
2014-07-25T00:00:00.000,0.4293547377754284,0.430306232552711,0.422456535332431,0.42317014932632446,266132000
2014-07-28T00:00:00.000,0.42507319574572466,0.42507319574572466,0.4143690680460567,0.4215051531791687,330352000
2014-07-29T00:00:00.000,0.4217430091439773,0.4286412413794369,0.4215051283110621,0.42293235659599304,217972000
2014-07-30T00:00:00.000,0.42554892439392716,0.4312577807145869,0.42435957696409976,0.4300684332847595,246184000
2014-07-31T00:00:00.000,0.42483532756549736,0.42816548916211766,0.4155584002212882,0.41627201437950134,401880000
2014-08-01T00:00:00.000,0.4162720287843591,0.42317026141075437,0.41484480041854443,0.4207915663719177,219884000
2014-08-04T00:00:00.000,0.42031571144906743,0.42388375321589655,0.4176991645004913,0.4198399782180786,241724000
2014-08-05T00:00:00.000,0.4186506323015703,0.42626247744684,0.4150825905233284,0.4200778603553772,298136000
2014-08-06T00:00:00.000,0.4172234622817736,0.4248353084858187,0.4141311816621945,0.4196021854877472,223456000
2014-08-07T00:00:00.000,0.4231702140535834,0.4269761086760337,0.4124660592204436,0.4153205156326294,407696000
2014-08-08T00:00:00.000,0.43339857433451173,0.4543310924153295,0.43339857433451173,0.45195239782333374,894348000
2014-08-11T00:00:00.000,0.45242821342533174,0.45433117511657695,0.44838443755411156,0.4495737850666046,344624000
2014-08-12T00:00:00.000,0.4493359325778749,0.4519524800915908,0.44457851417162114,0.4495737850666046,296152000
2014-08-13T00:00:00.000,0.45028734828706457,0.45599623271473494,0.4474329202513685,0.4521903097629547,256596000
2014-08-14T00:00:00.000,0.453855283306871,0.453855283306871,0.445291972864522,0.4471949338912964,255992000
2014-08-15T00:00:00.000,0.4486223291582562,0.45552053355364036,0.44434067233933955,0.45290398597717285,369796000
2014-08-18T00:00:00.000,0.45480696626321687,0.45956438527421106,0.4502874564837572,0.45908862352371216,284076000
2014-08-19T00:00:00.000,0.4592080340058339,0.46518107750212273,0.45753555904149856,0.4627918601036072,248260000
2014-08-20T00:00:00.000,0.46111933625090307,0.46326964877061944,0.4587301191056949,0.45992472767829895,221468000
2014-08-21T00:00:00.000,0.4587302113652202,0.46111942899094627,0.4549074802530909,0.45562422275543213,272796000
2014-08-22T00:00:00.000,0.45514631749150536,0.45968584739683416,0.45227926246176514,0.4558630883693695,251224000
2014-08-25T00:00:00.000,0.4577745025537831,0.46088049093862327,0.4556241897573313,0.45657989382743835,153380000
2014-08-26T00:00:00.000,0.4577745139775269,0.4656589374645016,0.4561020674152521,0.4647032618522644,269636000
2014-08-27T00:00:00.000,0.4618361841921786,0.46542001050829374,0.45873019568853485,0.4594469666481018,182972000
2014-08-28T00:00:00.000,0.45849127561322167,0.46422538613359393,0.45705773374226916,0.4632697105407715,179704000
2014-08-29T00:00:00.000,0.464942166514464,0.4656589374645016,0.45992479834592026,0.4647032618522644,207932000
2014-09-02T00:00:00.000,0.465897798538208,0.465897798538208,0.4615972019849656,0.465897798538208,192636000
2014-09-03T00:00:00.000,0.46828701346655977,0.4718708391636959,0.46518102549936546,0.470198392868042,259456000
2014-09-04T00:00:00.000,0.46948162544733146,0.48142773967306407,0.4692426923397651,0.4785606563091278,491832000
2014-09-05T00:00:00.000,0.47808284016921415,0.48023315291739377,0.4740211762871655,0.47712716460227966,253792000
2014-09-08T00:00:00.000,0.4766492994820547,0.47760497499417937,0.4709151609641576,0.4728265404701233,319288000
2014-09-09T00:00:00.000,0.4706763786270597,0.47378236757109643,0.4663757807416029,0.46685361862182617,198588000
2014-09-10T00:00:00.000,0.46948165013910376,0.4701984210177855,0.4642253493499157,0.4685259461402893,172376000
2014-09-11T00:00:00.000,0.46518107299351585,0.46685351945992354,0.45873016329467264,0.4637475311756134,250720000
2014-09-12T00:00:00.000,0.466614561552886,0.466614561552886,0.45634092168802026,0.45681875944137573,262536000
2014-09-15T00:00:00.000,0.45825231265780886,0.4589690835466481,0.4486954434245302,0.4506068229675293,294152000
2014-09-16T00:00:00.000,0.44941221682303495,0.45968585700252423,0.447978675037351,0.4572966396808624,219936000
2014-09-17T00:00:00.000,0.45610190298627157,0.461836011555934,0.45395159091136633,0.45753541588783264,173584000
2014-09-18T00:00:00.000,0.46040270203149536,0.46494220428093724,0.45896916001497595,0.46446436643600464,219604000
2014-09-19T00:00:00.000,0.46589782369603505,0.46637566145403897,0.45514631749150536,0.4558630883693695,601316000
2014-09-22T00:00:00.000,0.46518115700636054,0.46518115700636054,0.45084582168349313,0.4513236880302429,221464000
2014-09-23T00:00:00.000,0.44893427110485756,0.454429475668285,0.4472618249720871,0.44941213726997375,196144000
2014-09-24T00:00:00.000,0.44917328935096756,0.45347388628042473,0.4486954515769651,0.45204034447669983,159592000
2014-09-25T00:00:00.000,0.4515625550879698,0.4527571638918379,0.44128891367835954,0.44224458932876587,298440000
2014-09-26T00:00:00.000,0.4436780385214237,0.44654509335491627,0.44176665913852375,0.4432002007961273,241188000
2014-09-29T00:00:00.000,0.4396163999473836,0.4455894430550146,0.435315803213546,0.44248345494270325,208540000
2014-09-30T00:00:00.000,0.4405720750981507,0.4439169963247679,0.43555470749908304,0.44081100821495056,277204000
2014-10-01T00:00:00.000,0.4415277212220203,0.4446336804430897,0.43531574581645666,0.4365103542804718,350976000
2014-10-02T00:00:00.000,0.43579368047092276,0.4379439647919088,0.4245643356252528,0.4345990717411041,288996000
2014-10-03T00:00:00.000,0.43722715796935935,0.44320020073908123,0.4355546832084656,0.4355546832084656,239140000
2014-10-06T00:00:00.000,0.4372271017415439,0.44081092694249374,0.4300594228579333,0.4329265058040619,199032000
2014-10-07T00:00:00.000,0.43101513618707477,0.43531573221954434,0.42790914858130724,0.42838698625564575,301896000
2014-10-08T00:00:00.000,0.42790916966299436,0.4384217414249191,0.42456424881440846,0.43627142906188965,260172000
2014-10-09T00:00:00.000,0.4343601061887344,0.4348379724303765,0.42432539930343244,0.4279092252254486,306956000
2014-10-10T00:00:00.000,0.42456433295964063,0.42599787481911,0.4023446050281765,0.402583509683609,691376000
2014-10-13T00:00:00.000,0.40521162194757354,0.4133349775802043,0.400672120624718,0.4011499583721161,397628000
2014-10-14T00:00:00.000,0.4066452227937667,0.4216972991563856,0.4042560052276913,0.4104679822921753,376620000
2014-10-15T00:00:00.000,0.4044949560020708,0.4188302915142722,0.40186683346885044,0.4166799783706665,404428000
2014-10-16T00:00:00.000,0.40927332458118987,0.4216972487431783,0.40831762057998056,0.4169188141822815,351116000
2014-10-17T00:00:00.000,0.4219362374486865,0.4267146726390819,0.4145296515108855,0.4162020981311798,290716000
2014-10-20T00:00:00.000,0.4162020609304756,0.423608646206266,0.41333500576884374,0.41978588700294495,200336000
2014-10-21T00:00:00.000,0.4228919272125253,0.4381829374213204,0.4216973183750439,0.4377050995826721,351092000
2014-10-22T00:00:00.000,0.4369883655048831,0.438421907623669,0.42743149399757385,0.42743149399757385,239512000
2014-10-23T00:00:00.000,0.43483795046803975,0.4400942225251752,0.4317319624628231,0.4369882345199585,214476000
2014-10-24T00:00:00.000,0.43961646370733887,0.4441559657348405,0.43698831296611984,0.4415278434753418,210156000
2014-10-27T00:00:00.000,0.4412889903903001,0.4434392752183716,0.43651055434416297,0.4417668282985687,145092000
2014-10-28T00:00:00.000,0.4405720877875059,0.45275710746092823,0.44009425002185965,0.452279269695282,192580000
2014-10-29T00:00:00.000,0.45036781263678194,0.4529959626180727,0.4453504457567586,0.44941213726997375,168340000
2014-10-30T00:00:00.000,0.4482175391021573,0.4501288898796177,0.4408109551535035,0.4465450644493103,170260000
2014-10-31T00:00:00.000,0.4568188807285191,0.4670925518027997,0.45442966284567915,0.46685361862182617,256316000
2014-11-03T00:00:00.000,0.47760499737119977,0.47927747231835227,0.4723487248448115,0.4747379422187805,308732000
2014-11-04T00:00:00.000,0.4778437426197429,0.48262217548886727,0.46995932268934637,0.480949729681015,360196000
2014-11-05T00:00:00.000,0.4838168121878549,0.4840557167422872,0.47736590502917176,0.480949729681015,335652000
2014-11-06T00:00:00.000,0.48190550909783514,0.4838169168369683,0.47449892515597303,0.48310014605522156,394088000
2014-11-07T00:00:00.000,0.48859541427391123,0.494329524310092,0.4680481059460672,0.4728265404701233,450800000
2014-11-10T00:00:00.000,0.4723487482844671,0.48142780893414644,0.4711541395382018,0.4783218204975128,293388000
2014-11-11T00:00:00.000,0.4754547600941438,0.47808288237609275,0.4685260119361608,0.4725877046585083,212992000
2014-11-12T00:00:00.000,0.47091519017404515,0.4721097988791582,0.463030767023955,0.4694816768169403,204584000
2014-11-13T00:00:00.000,0.4711541182912363,0.4718708892030161,0.463269695225094,0.46709245443344116,225328000
2014-11-14T00:00:00.000,0.4675702681900049,0.4728265404701233,0.4630307383031218,0.4728265404701233,160248000
2014-11-17T00:00:00.000,0.47067633271217346,0.4756937011693783,0.46757034407112863,0.47067633271217346,158732000
2014-11-18T00:00:00.000,0.47091519771358914,0.4831002465752358,0.4697205889893499,0.48190560936927795,207772000
2014-11-19T00:00:00.000,0.48226552834151876,0.48370513700840695,0.4750675422115867,0.4801061153411865,240300000
2014-11-20T00:00:00.000,0.47674692213498093,0.48850364641296423,0.47530731390429054,0.4880237579345703,220968000
2014-11-21T00:00:00.000,0.49234263525704874,0.49306243944933953,0.48658425892321994,0.4906631112098694,198976000
2014-11-24T00:00:00.000,0.4918627254397659,0.49594157754988455,0.48994328581306124,0.4937822222709656,136004000
2014-11-25T00:00:00.000,0.4928224795621733,0.49714130482966695,0.4918627596820077,0.49354228377342224,190240000
2014-11-26T00:00:00.000,0.49066340660269936,0.5024201392153278,0.4904234335911338,0.5019402503967285,219264000
2014-11-28T00:00:00.000,0.5036194439569759,0.5060187720615955,0.49906070339685016,0.5031395554542542,124832000
2014-12-01T00:00:00.000,0.5009802066778505,0.5038593661179075,0.4930624181098276,0.4937822222709656,190060000
2014-12-02T00:00:00.000,0.4933024937161435,0.496661542754301,0.488743751618922,0.4945021867752075,245952000
2014-12-03T00:00:00.000,0.49690142161898304,0.5074584553994015,0.4954618131024481,0.5072185397148132,284424000
2014-12-04T00:00:00.000,0.5064988547579004,0.508418295095719,0.4993008676843057,0.5026599168777466,185332000
2014-12-05T00:00:00.000,0.5028998173535904,0.5081783639291388,0.5026599016197746,0.5055391192436218,165680000
2014-12-08T00:00:00.000,0.5048190330291438,0.5098576038536468,0.4949817497755414,0.49906060099601746,226944000
2014-12-09T00:00:00.000,0.49594163165015376,0.4985809329304021,0.4885037307796839,0.4973812401294708,239448000
2014-12-10T00:00:00.000,0.4959417122165662,0.497861209568981,0.48586456563330294,0.4863443970680237,204364000
2014-12-11T00:00:00.000,0.4892236215615883,0.49258267047119997,0.4851447682849867,0.48610448837280273,135652000
2014-12-12T00:00:00.000,0.4796261660327543,0.4839449626271801,0.4705087129116885,0.47098860144615173,323964000
2014-12-15T00:00:00.000,0.4765070711368225,0.4851446936088955,0.4681094215531491,0.4695490300655365,254696000
2014-12-16T00:00:00.000,0.4690691579090881,0.47650705875718297,0.4640305568488862,0.4642704725265503,185308000
2014-12-17T00:00:00.000,0.4736279996302227,0.4839451202431286,0.45827227658242414,0.4832253158092499,345596000
2014-12-18T00:00:00.000,0.48922352726842633,0.4949819038899616,0.48058593373387315,0.4851446747779846,226156000
2014-12-19T00:00:00.000,0.4885037170806155,0.49186276530182366,0.48394497609211895,0.48994332551956177,325528000
2014-12-22T00:00:00.000,0.4894634796475726,0.4985809624195099,0.4877839553905325,0.4985809624195099,148976000
2014-12-23T00:00:00.000,0.502419982030958,0.5048193109642495,0.49498202229459454,0.49546191096305847,109280000
2014-12-24T00:00:00.000,0.4966614162873347,0.49738122049858363,0.49306245243558894,0.49354228377342224,45644000
2014-12-26T00:00:00.000,0.49354242110425695,0.49666155448608507,0.4923427852213696,0.49402230978012085,52636000
2014-12-29T00:00:00.000,0.4925825410979404,0.4966613933032608,0.490183212906311,0.4933023452758789,82944000
2014-12-30T00:00:00.000,0.4899433257998198,0.4923426541312695,0.4880238288119602,0.4887436330318451,112120000
2014-12-31T00:00:00.000,0.48946346048547795,0.4921027618185042,0.4796262024186815,0.4810658395290375,166300000
2015-01-02T00:00:00.000,0.48298516869544983,0.4865841891407577,0.4753072965484525,0.48298516869544983,113680000
2015-01-05T00:00:00.000,0.4829852918885845,0.4844249004339029,0.4726681735864747,0.4748275578022003,197952000
2015-01-06T00:00:00.000,0.4755474122928586,0.4760272723245541,0.4599517753480957,0.46043163537979126,197764000
2015-01-07T00:00:00.000,0.46379062571938356,0.46786950698008156,0.4577923045739469,0.4592319130897522,321808000
2015-01-08T00:00:00.000,0.464510425504989,0.47938628468424854,0.4642704812205812,0.4765070676803589,283780000
2015-01-09T00:00:00.000,0.4781866599587349,0.4820255972128002,0.47170844976721804,0.47842657566070557,209540000
2015-01-12T00:00:00.000,0.47962612723210424,0.47986607147992494,0.46810934677939947,0.4724281430244446,190732000
2015-01-13T00:00:00.000,0.4760272138984762,0.48562452776346315,0.46834936852693687,0.47170841693878174,236720000
2015-01-14T00:00:00.000,0.4666697657698211,0.4750674139881685,0.4654701017386286,0.47362780570983887,155260000
2015-01-15T00:00:00.000,0.47698688042186654,0.47986606836579637,0.4700288119049358,0.47026875615119934,188932000
2015-01-16T00:00:00.000,0.46954902483175576,0.47938628281816653,0.4681094163354148,0.47890642285346985,181512000
2015-01-20T00:00:00.000,0.4822654638659701,0.4849047079327439,0.47434767446114745,0.48034602403640747,140308000
2015-01-21T00:00:00.000,0.4777067830582504,0.4882638458324485,0.47434770592917497,0.4870641529560089,144780000
2015-01-22T00:00:00.000,0.48802395122669506,0.4969015197639362,0.4829853776281372,0.49546191096305847,159712000
2015-01-23T00:00:00.000,0.49594164558950704,0.4978611426840479,0.49186279291979923,0.49690142273902893,120416000
2015-01-26T00:00:00.000,0.49474209547042847,0.49714142434992664,0.4916229622066296,0.49474209547042847,133240000
2015-01-27T00:00:00.000,0.48706409508994597,0.4875439836244092,0.4700288529794743,0.47098860144615173,357948000
2015-01-28T00:00:00.000,0.47674702930709867,0.47866649784543136,0.4630708338478856,0.46331077814102173,272728000
2015-01-29T00:00:00.000,0.4635508136972906,0.47722698324679363,0.46139140044068,0.47458773851394653,235340000
2015-01-30T00:00:00.000,0.4712285161668474,0.47674697688187484,0.4599516790722906,0.46067145466804504,298200000
2015-02-02T00:00:00.000,0.4635506780704269,0.47266813130324,0.45443322483761384,0.4707486629486084,259604000
2015-02-03T00:00:00.000,0.47410764386699544,0.4829851801726376,0.47170831591460466,0.48250529170036316,183468000
2015-02-04T00:00:00.000,0.4810657702420039,0.4892234743403217,0.47962613333899623,0.4837050139904022,181516000
2015-02-05T00:00:00.000,0.48418490709809076,0.49186278087929874,0.48370507573957866,0.4916228652000427,140448000
2015-02-06T00:00:00.000,0.4911431221976448,0.4969015578424353,0.4873041841692906,0.48946359753608704,210524000
2015-02-09T00:00:00.000,0.4865841543983592,0.49042303299327034,0.48346502263663,0.48898348212242126,273944000
2015-02-10T00:00:00.000,0.489463578640565,0.5028998326188449,0.4873041653571317,0.5026599168777466,226204000
2015-02-11T00:00:00.000,0.5038596727169079,0.5038596727169079,0.4959418793309016,0.4993009865283966,320832000
2015-02-12T00:00:00.000,0.5278527057525739,0.5398493464551221,0.5247335734494619,0.5350506901741028,676904000
2015-02-13T00:00:00.000,0.5338511094515189,0.5360105223921604,0.5256934035039939,0.5352907180786133,310084000
2015-02-17T00:00:00.000,0.534331072648662,0.5396096192833313,0.5309720235195611,0.536970317363739,203340000
2015-02-18T00:00:00.000,0.5362504376283096,0.5372102148485417,0.5297722560165321,0.5307319760322571,170948000
2015-02-19T00:00:00.000,0.5374499725449773,0.5384096922785517,0.5297721002674017,0.5321714282035828,169432000
2015-02-20T00:00:00.000,0.5316916169934061,0.5362503002009515,0.527852680709821,0.5360103845596313,157752000
2015-02-23T00:00:00.000,0.5357705227525338,0.5357705227525338,0.529052369280097,0.5316916704177856,125008000
2015-02-24T00:00:00.000,0.5337389653712983,0.5373517870903015,0.5289218314627834,0.5373517870903015,149356000
2015-02-25T00:00:00.000,0.5351838373923448,0.5375924607712925,0.5308484416446713,0.533257007598877,123820000
2015-02-26T00:00:00.000,0.53373900486664,0.5378335632493881,0.5303669649413445,0.5347024202346802,152864000
2015-02-27T00:00:00.000,0.5332573569308084,0.5344616694092162,0.5294036373945951,0.5313305258750916,157492000
2015-03-02T00:00:00.000,0.5298853901701452,0.5472270999041452,0.5291628141458302,0.5443367958068848,301512000
2015-03-03T00:00:00.000,0.5402423230000273,0.5428917305629507,0.5325348824581531,0.5342208743095398,160344000
2015-03-04T00:00:00.000,0.5322938581694069,0.5414463903900714,0.5301261305021031,0.5402421355247498,226840000
2015-03-05T00:00:00.000,0.5402421345050681,0.5515623943716699,0.5387969827295933,0.5505989789962769,323056000
2015-03-06T00:00:00.000,0.5474678221468391,0.5501172287185266,0.5426506879666241,0.5431324243545532,257392000
2015-03-09T00:00:00.000,0.5433732246167389,0.5486720948024231,0.5421689124462249,0.5445774793624878,222388000
2015-03-10T00:00:00.000,0.5469859536494792,0.557583692226175,0.5460225385310765,0.5539708137512207,527212000
2015-03-11T00:00:00.000,0.5539709498003723,0.5611966511000781,0.5496355519904566,0.5510807037353516,262120000
2015-03-12T00:00:00.000,0.5457818736839088,0.5498764323153907,0.535665868143041,0.5460227131843567,406972000
2015-03-13T00:00:00.000,0.5433731398075154,0.5481902728881871,0.5359065433351453,0.5467451214790344,359288000
2015-03-16T00:00:00.000,0.5510809132537655,0.5566206254321899,0.5474680325179274,0.5532485842704773,236956000
2015-03-17T00:00:00.000,0.5520442136651127,0.5602333317227635,0.5481904941601067,0.5599924921989441,299900000
2015-03-18T00:00:00.000,0.5599923707791551,0.5628826167126506,0.5457818083089774,0.5508397817611694,413844000
2015-03-19T00:00:00.000,0.5527666608550511,0.5611966164721637,0.5486721027803442,0.5592697858810425,310756000
2015-03-20T00:00:00.000,0.563846131547925,0.5686632658881868,0.5585472608037286,0.5652912259101868,462084000
2015-03-23T00:00:00.000,0.5484312548425839,0.5556569563414262,0.5467452635686646,0.5469861030578613,426012000
2015-03-24T00:00:00.000,0.5453000377407041,0.5491537561684326,0.537110921972258,0.5395194888114929,330480000
2015-03-25T00:00:00.000,0.5392787267265954,0.5392787267265954,0.505076992307787,0.5067630410194397,542552000
2015-03-26T00:00:00.000,0.49640597397349034,0.5072444927366242,0.4927930961026153,0.5050767660140991,311920000
2015-03-27T00:00:00.000,0.5079672615737847,0.5168789538128555,0.4997781451838025,0.5149521231651306,318288000
2015-03-30T00:00:00.000,0.5173605450842585,0.5197691114307734,0.5106165248591661,0.5171197056770325,253252000
2015-03-31T00:00:00.000,0.5156747723642958,0.5161564513823578,0.5036319355411116,0.5041136145591736,357276000
2015-04-01T00:00:00.000,0.506040096282959,0.5077260863409689,0.4973692492526722,0.506040096282959,330768000
2015-04-02T00:00:00.000,0.5089306375919638,0.5103757891785293,0.502909249214291,0.5072446465492249,192204000
2015-04-06T00:00:00.000,0.5050769275123664,0.5236229441383681,0.49977811484044943,0.5219369530677795,515864000
2015-04-07T00:00:00.000,0.5219368657491936,0.5322937073249694,0.5190465630118593,0.5265131592750549,413964000
2015-04-08T00:00:00.000,0.5269949747364238,0.5322938453203329,0.5219370010595805,0.5303669571876526,366432000
2015-04-09T00:00:00.000,0.5262723507906435,0.5443366310824357,0.5260315113303472,0.5426506400108337,379432000
2015-04-10T00:00:00.000,0.5431323820332298,0.5484311947637169,0.5412054940564269,0.5481903553009033,258728000
2015-04-13T00:00:00.000,0.54698608575891,0.5501172287185266,0.5407237998396767,0.5431324243545532,236724000
2015-04-14T00:00:00.000,0.5409646060195044,0.5431323332644769,0.5332571696538859,0.5385560393333435,220276000
2015-04-15T00:00:00.000,0.5400014080672138,0.5491539421866949,0.5373519434492519,0.5450593829154968,243560000
2015-04-16T00:00:00.000,0.5419280896089151,0.5465043841176492,0.5378335314681196,0.5416872501373291,155284000
2015-04-17T00:00:00.000,0.5303669649413445,0.540001290896056,0.530126125455527,0.5347024202346802,293636000
2015-04-20T00:00:00.000,0.5371111478504071,0.5404831313584464,0.5310896995076624,0.5320531725883484,231624000
2015-04-21T00:00:00.000,0.5385562284711992,0.5385562284711992,0.5286810613925064,0.5313305258750916,230456000
2015-04-22T00:00:00.000,0.5344615412000521,0.5380743629190553,0.526272367615764,0.5373517870903015,207420000
2015-04-23T00:00:00.000,0.5274766464530369,0.5402420562459239,0.5214552007357451,0.5351840257644653,259380000
2015-04-24T00:00:00.000,0.534943397355137,0.5351842369029197,0.524586550278278,0.5306079983711243,240960000
2015-04-27T00:00:00.000,0.5322938531021948,0.5440958492788042,0.5277175583230416,0.5347024202346802,248456000
2015-04-28T00:00:00.000,0.5337389653712983,0.539278675108567,0.5286809345700215,0.5373517870903015,234484000
2015-04-29T00:00:00.000,0.533497846966875,0.5387967150360243,0.5310892810126692,0.533257007598877,195156000
2015-04-30T00:00:00.000,0.5306078618519321,0.537351826852983,0.5294035495733044,0.5347024202346802,218844000
2015-05-01T00:00:00.000,0.5390378027178834,0.5496355437381515,0.536629235654144,0.5479495525360107,256968000
2015-05-04T00:00:00.000,0.5474677826319092,0.551080661718686,0.5428914882635802,0.5445774793624878,200720000
2015-05-05T00:00:00.000,0.5426508371320317,0.5433734132001646,0.5281994306189428,0.5306079983711243,292928000
2015-05-06T00:00:00.000,0.5334980512651971,0.5385560819032763,0.5253089353698971,0.5322937965393066,316484000
2015-05-07T00:00:00.000,0.5301260941297008,0.5433732412879645,0.5284401029790654,0.5416872501373291,534564000
2015-05-08T00:00:00.000,0.5060404460882328,0.526031558712622,0.4935158742284525,0.5017049908638,1146552000
2015-05-11T00:00:00.000,0.4947200756993071,0.5019458336272759,0.49086641470407444,0.49688780307769775,544144000
2015-05-12T00:00:00.000,0.4932750347464626,0.5057995491814737,0.49303413783970357,0.5017049908638,388800000
2015-05-13T00:00:00.000,0.5053178555433592,0.5091715742671333,0.49977814564507766,0.5045952796936035,308524000
2015-05-14T00:00:00.000,0.5060405152332237,0.5154339454115702,0.5048362028091796,0.512784481048584,293052000
2015-05-15T00:00:00.000,0.514952054600002,0.5173606213013447,0.5098940817546104,0.5130252242088318,215824000
2015-05-18T00:00:00.000,0.5118209603493219,0.5154338394539785,0.5094123934211392,0.5123026967048645,324972000
2015-05-19T00:00:00.000,0.5129801613572273,0.514674014174414,0.5081407302267305,0.5091086626052856,253808000
2015-05-20T00:00:00.000,0.5093506168546396,0.5153999346130456,0.508624696416008,0.5091086626052856,196824000
2015-05-21T00:00:00.000,0.5093506540918835,0.5115284155669882,0.504995131141674,0.505479097366333,239692000
2015-05-22T00:00:00.000,0.5066890394217436,0.5086247891506486,0.5035434028443377,0.5047532320022583,212592000
2015-05-26T00:00:00.000,0.502333517447319,0.5057211083279812,0.49773603971466,0.5016075968742371,259732000
2015-05-27T00:00:00.000,0.504995280725536,0.5308862987571665,0.5033014849733737,0.5284665822982788,432332000
2015-05-28T00:00:00.000,0.5284662108736342,0.5374191497100193,0.5274983365084535,0.5357253551483154,327656000
2015-05-29T00:00:00.000,0.5357257318618367,0.5391133233673431,0.5347578568160621,0.5354837775230408,335168000
2015-06-01T00:00:00.000,0.5388713227467244,0.5468563921470883,0.5354837315321668,0.5415329933166504,372660000
2015-06-02T00:00:00.000,0.5381451396498186,0.5410488208122265,0.5304020283437694,0.5308859944343567,224304000
2015-06-03T00:00:00.000,0.5323379802997885,0.536451491275476,0.5241109006578398,0.5250788331031799,250788000
2015-06-04T00:00:00.000,0.5219333682853797,0.5362097131009058,0.5219333682853797,0.534515917301178,323712000
2015-06-05T00:00:00.000,0.5328218701312054,0.5410489494844047,0.527256518373411,0.5386292338371277,313320000
2015-06-08T00:00:00.000,0.5369354232737074,0.5405649677953764,0.5202393684785476,0.526288628578186,342812000
2015-06-09T00:00:00.000,0.5267725130013323,0.5328217721619698,0.5258046384584977,0.5289502739906311,256888000
2015-06-10T00:00:00.000,0.5226589441804926,0.5260465335449359,0.5166096280092257,0.5195133090019226,529460000
2015-06-11T00:00:00.000,0.519513481150056,0.5287083778561974,0.519513481150056,0.5250788331031799,283052000
2015-06-12T00:00:00.000,0.5216911996576233,0.5248368359673737,0.5095926206549586,0.5108025074005127,323728000
2015-06-15T00:00:00.000,0.5081407941483848,0.5122543630482869,0.5042692949094272,0.5098346471786499,306548000
2015-06-16T00:00:00.000,0.5088665927511773,0.5168516589767724,0.5037852079496397,0.5161257386207581,256892000
2015-06-17T00:00:00.000,0.5158838021158478,0.5250787551474354,0.5146739732746504,0.5221750736236572,233544000
2015-06-18T00:00:00.000,0.5265305303813027,0.5342735839967939,0.5250786898000988,0.5308859944343567,299404000
2015-06-19T00:00:00.000,0.5308861236465348,0.5352415887596638,0.5243528971315553,0.529192328453064,355656000
2015-06-22T00:00:00.000,0.5301603095151631,0.5330639919666977,0.5190296037050582,0.5270146727561951,514236000
2015-06-23T00:00:00.000,0.527982446918862,0.5320959578131443,0.5093506419186754,0.5134641528129578,414064000
2015-06-24T00:00:00.000,0.5127379620777934,0.5153996883109649,0.5059627848090853,0.5083824992179871,253368000
2015-06-25T00:00:00.000,0.5083827412974151,0.5153999337318084,0.5083827412974151,0.5122542977333069,350460000
2015-06-26T00:00:00.000,0.50814074470981,0.5086247109128816,0.49967176883534165,0.5018494725227356,421296000
2015-06-29T00:00:00.000,0.49604223873265263,0.5011236826874577,0.48612142049566626,0.4868473410606384,391724000
2015-06-30T00:00:00.000,0.48975080289503364,0.49192856386632133,0.48321757767173107,0.486605167388916,315916000
2015-07-01T00:00:00.000,0.49870407590206606,0.505721213415703,0.489267164181612,0.49362263083457947,302892000
2015-07-02T00:00:00.000,0.49338040220656393,0.4972519580183389,0.49096068703552465,0.49410632252693176,145764000
2015-07-06T00:00:00.000,0.4899929438055382,0.4967681250237267,0.4844275916517795,0.48805713653564453,214776000
2015-07-07T00:00:00.000,0.4851534673373276,0.48708921673777766,0.46361795238182607,0.4788621664047241,594252000
2015-07-08T00:00:00.000,0.47620048665395315,0.47910413953953246,0.47160300981027503,0.4754745662212372,332492000
2015-07-09T00:00:00.000,0.4829758128523641,0.4851535746776283,0.4667636916970216,0.46966734528541565,357588000
2015-07-10T00:00:00.000,0.47571669310601633,0.48224995052609204,0.47450683489419415,0.47789445519447327,216708000
2015-07-13T00:00:00.000,0.4827338262284539,0.4837017011358587,0.47789439400084693,0.48104003071784973,212472000
2015-07-14T00:00:00.000,0.48176593225082953,0.48224986968537575,0.47499072163131145,0.48128196597099304,249216000
2015-07-15T00:00:00.000,0.4800721884376351,0.48321782555743176,0.4735389598628545,0.47789445519447327,265732000
2015-07-16T00:00:00.000,0.4807980708406673,0.4885411858558655,0.47910427524807747,0.4885411858558655,282848000
2015-07-17T00:00:00.000,0.4868472235157395,0.48733113198183237,0.47934606538564134,0.4856373369693756,220372000
2015-07-20T00:00:00.000,0.48563748444795374,0.4875732919718896,0.4754746824416865,0.4766845405101776,188412000
2015-07-21T00:00:00.000,0.475716530361065,0.48563737584215494,0.475716530361065,0.4788621664047241,149720000
2015-07-22T00:00:00.000,0.47547468130749543,0.47547468130749543,0.4638600381086275,0.46966734528541565,356472000
2015-07-23T00:00:00.000,0.4706351351301768,0.48249172976516086,0.4696672316047939,0.4754745662212372,169916000
2015-07-24T00:00:00.000,0.47886222354240077,0.47934616095025656,0.4679735020618473,0.46990928053855896,188844000
2015-07-27T00:00:00.000,0.46579567505183495,0.472570884346311,0.4619241474873376,0.46724751591682434,192420000
2015-07-28T00:00:00.000,0.4684574633706587,0.48055604341077207,0.4636180313546133,0.4774104356765747,198308000
2015-07-29T00:00:00.000,0.4764424766103797,0.48708924311585133,0.47450669825981334,0.48321768641471863,232680000
2015-07-30T00:00:00.000,0.4820078267336436,0.48926700273221513,0.4820078267336436,0.4844275712966919,190180000
2015-07-31T00:00:00.000,0.4863633299487436,0.48660528421790167,0.47983010315687963,0.48273375630378723,218340000
2015-08-03T00:00:00.000,0.48660522454934635,0.4914446554825336,0.48031398164337313,0.4909607470035553,397132000
2015-08-04T00:00:00.000,0.489267041636609,0.4943484277407862,0.48733123429412867,0.49289658665657043,260100000
2015-08-05T00:00:00.000,0.5049950767412239,0.5054790429137478,0.49701000988326943,0.49797794222831726,234628000
2015-08-06T00:00:00.000,0.49676808633116354,0.5003976886228998,0.4866052576048734,0.4948323369026184,655676000
2015-08-07T00:00:00.000,0.543468417539494,0.565487802590999,0.5294340385646968,0.5560509562492371,1405248000
2015-08-10T00:00:00.000,0.5521797109612135,0.5795225064146208,0.5487920625469735,0.5754089951515198,662304000
2015-08-11T00:00:00.000,0.5669400611573426,0.5780707678145203,0.5669400611573426,0.5725054144859314,435008000
2015-08-12T00:00:00.000,0.5633105239489246,0.5780707764773474,0.5633105239489246,0.5739572644233704,384048000
2015-08-13T00:00:00.000,0.5746831976381558,0.5758930846930878,0.5676660027150845,0.5691178441047668,276884000
2015-08-14T00:00:00.000,0.5686339010604731,0.5729894254081105,0.5652463094727056,0.569601833820343,214652000
2015-08-17T00:00:00.000,0.5686337000852444,0.5686337000852444,0.5589548374321364,0.5659720301628113,273880000
2015-08-18T00:00:00.000,0.5642224225033149,0.5681102678741621,0.5564467317616206,0.5608205795288086,287084000
2015-08-19T00:00:00.000,0.5600916344446327,0.5664093762638457,0.5525589155371267,0.5586336851119995,249248000
2015-08-20T00:00:00.000,0.5523160239020777,0.5549888927798069,0.5357926922761853,0.5384656190872192,426932000
2015-08-21T00:00:00.000,0.5345776448153886,0.5435682542795066,0.5212131877633489,0.5216991901397705,382664000
2015-08-24T00:00:00.000,0.49254041273324883,0.5304468626130419,0.4859796988489138,0.5032320022583008,682284000
2015-08-25T00:00:00.000,0.5253439916158157,0.5272879431379583,0.49278339743614197,0.49278339743614197,622684000
2015-08-26T00:00:00.000,0.5088209510576707,0.5304470521390788,0.5049331041988433,0.5299610495567322,614976000
2015-08-27T00:00:00.000,0.5355498748067334,0.5501292586087344,0.5323910025229677,0.5498862862586975,463764000
2015-08-28T00:00:00.000,0.5498861728039788,0.5557179135348869,0.545998326338937,0.5523160696029663,320944000
2015-08-31T00:00:00.000,0.5496430652354718,0.5535309107437046,0.5440542981798799,0.5462411642074585,219352000
2015-09-01T00:00:00.000,0.5304470373493497,0.5394376503722251,0.5199984745533999,0.5238862633705139,353408000
2015-09-02T00:00:00.000,0.5382224721232263,0.5399233935794825,0.5292318624544612,0.5396804213523865,344044000
2015-09-03T00:00:00.000,0.5476992453055336,0.5503721723230988,0.5401665826499165,0.5411385297775269,262556000
2015-09-04T00:00:00.000,0.5319048443754351,0.5404095114067357,0.528260028457238,0.5285030007362366,287972000
2015-09-08T00:00:00.000,0.5413814428399816,0.5532879531670395,0.539194576525465,0.55110102891922,238448000
2015-09-09T00:00:00.000,0.5528019816912767,0.5574187443006804,0.5389515200631657,0.5401664972305298,289392000
2015-09-10T00:00:00.000,0.5370078213849236,0.555475052337589,0.5345779240999234,0.548671305179596,357076000
2015-09-11T00:00:00.000,0.542596607805092,0.5540171196063666,0.540409682800596,0.550372302532196,301584000
2015-09-14T00:00:00.000,0.5530451979125346,0.5547461203505208,0.5484283753332431,0.5513442754745483,192460000
2015-09-15T00:00:00.000,0.5515869646774135,0.5603346026772881,0.5498860431126178,0.557418704032898,327976000
2015-09-16T00:00:00.000,0.5564469802160997,0.5644656467696655,0.5523161607693111,0.5613067746162415,173508000
2015-09-17T00:00:00.000,0.5710264720747128,0.5761292977191799,0.5651947292715092,0.566409707069397,268712000
2015-09-18T00:00:00.000,0.5586337037989563,0.5707831854218202,0.555231860531214,0.5659233927726746,326412000
2015-09-21T00:00:00.000,0.5666527009407547,0.5729704466893222,0.563736800461929,0.5717554688453674,281840000
2015-09-22T00:00:00.000,0.5593628332616891,0.5632506800434068,0.5532880618027586,0.5562039613723755,228356000
2015-09-23T00:00:00.000,0.556689828480757,0.562278596588624,0.5545029620414267,0.5588767528533936,161632000
2015-09-24T00:00:00.000,0.5554747845811762,0.5753999558869431,0.5467271469851493,0.5695682168006897,382440000
2015-09-25T00:00:00.000,0.5766150775168256,0.5848767735520582,0.5681104670981775,0.5736992359161377,369692000
2015-09-28T00:00:00.000,0.5736991205463406,0.5773439362975634,0.562521585158201,0.5661664009094238,395584000
2015-09-29T00:00:00.000,0.5722412324953481,0.57710102597415,0.5642225674619942,0.5761290788650513,380736000
2015-09-30T00:00:00.000,0.5814747770821157,0.5996990303453321,0.5780729334667511,0.5989700555801392,556380000
2015-10-01T00:00:00.000,0.5989699175655384,0.6006708389812945,0.570297109852414,0.5873064398765564,489296000
2015-10-02T00:00:00.000,0.5841476555937073,0.6026148796081543,0.5780728856968644,0.6026148796081543,386144000
2015-10-05T00:00:00.000,0.6065027753834368,0.625212973197361,0.6033439040460244,0.6176803112030029,482024000
2015-10-06T00:00:00.000,0.6111194876174189,0.628371732834475,0.6086895914769901,0.6256988644599915,453216000
2015-10-07T00:00:00.000,0.6271571381835166,0.6385776501584743,0.6169515459406513,0.6322599053382874,310152000
2015-10-08T00:00:00.000,0.6295866309783313,0.6376052930302635,0.6188950429535642,0.6359043717384338,460068000
2015-10-09T00:00:00.000,0.6325026430537394,0.638577413260569,0.6215681377880692,0.6334746479988098,423248000
2015-10-12T00:00:00.000,0.6342036281768149,0.6439232730655825,0.6295868649262872,0.6402783989906311,227588000
2015-10-13T00:00:00.000,0.6351756369251593,0.6453811685279547,0.6329887124674282,0.6414933800697327,298444000
2015-10-14T00:00:00.000,0.6422223280392753,0.6752689950000906,0.6414934111180602,0.6648204326629639,612148000
2015-10-15T00:00:00.000,0.6660353082908104,0.6801287439728876,0.6592316206741574,0.6665213108062744,526048000
2015-10-16T00:00:00.000,0.6687083073104406,0.6832876891462837,0.6670073272896101,0.6769699454307556,448396000
2015-10-19T00:00:00.000,0.6791566867276231,0.6823155577325561,0.6679791520845213,0.6757547855377197,294712000
2015-10-20T00:00:00.000,0.6728391565220493,0.6779419230132668,0.6677363320975156,0.6747830510139465,264824000
2015-10-21T00:00:00.000,0.6789138133839815,0.683044690216507,0.6648204346650924,0.6660353541374207,386280000
2015-10-22T00:00:00.000,0.6738110677535026,0.6922782961727376,0.6728391205595036,0.6900913715362549,306884000
2015-10-23T00:00:00.000,0.6961660584828794,0.6993249299303977,0.6857174970641582,0.6947081089019775,381776000
2015-10-26T00:00:00.000,0.6951938758414324,0.6968947971316949,0.685231262369956,0.6915490031242371,247436000
2015-10-27T00:00:00.000,0.6881472670396594,0.6954369556688976,0.687661264624392,0.6910631656646729,208268000
2015-10-28T00:00:00.000,0.6954371370030028,0.6966521143913269,0.6852315470876601,0.6966521143913269,217036000
2015-10-29T00:00:00.000,0.685474371707145,0.6925210298857578,0.6713809394833329,0.6725958585739136,327168000
2015-10-30T00:00:00.000,0.6798858490340444,0.6942222586382875,0.6747830248076868,0.6893624067306519,301160000
2015-11-02T00:00:00.000,0.6915493379590871,0.6981100540933246,0.6874185188350604,0.6973810791969299,190088000
2015-11-03T00:00:00.000,0.6932501893071507,0.6971380357132861,0.684745579606206,0.6925212144851685,376768000
2015-11-04T00:00:00.000,0.6905770994312842,0.6956798636202018,0.6779416171349658,0.6811004877090454,442264000
2015-11-05T00:00:00.000,0.6845022963355026,0.6864462477866008,0.671380870257061,0.6733247637748718,478800000
2015-11-06T00:00:00.000,0.739904346092843,0.7761098280597131,0.7245959895010339,0.7666332125663757,1172272000
2015-11-09T00:00:00.000,0.7591003996507362,0.7654181420666911,0.7525396270341895,0.7632312178611755,492568000
2015-11-10T00:00:00.000,0.7532688049487047,0.7573996822066681,0.7326147083254743,0.7486520409584045,552260000
2015-11-11T00:00:00.000,0.7491379691773425,0.7544837659153958,0.7386894059620449,0.7413623332977295,619896000
2015-11-12T00:00:00.000,0.7396612505064686,0.746464996131439,0.7355304318460582,0.7386893033981323,291080000
2015-11-13T00:00:00.000,0.7394181817138465,0.7425770528536675,0.7204649548749208,0.7241098284721375,292940000
2015-11-16T00:00:00.000,0.7335865376293855,0.7391753059189544,0.7277547391127515,0.7386893033981323,344280000
2015-11-17T00:00:00.000,0.740633255548113,0.7450070465022806,0.7355304318460582,0.7386893033981323,257048000
2015-11-18T00:00:00.000,0.7417380855107999,0.7578363692828225,0.7336889727014323,0.7568606734275818,350216000
2015-11-19T00:00:00.000,0.7595438200720599,0.7666172376806147,0.7534459821024309,0.7590559720993042,254072000
2015-11-20T00:00:00.000,0.7646658132796145,0.770031907322426,0.760031461976881,0.765641450881958,239744000
2015-11-23T00:00:00.000,0.7719832964986064,0.7719832964986064,0.7514946712114355,0.7541776895523071,242552000
2015-11-24T00:00:00.000,0.7541775275488423,0.7668609899871606,0.7507627670933804,0.7602753639221191,195428000
2015-11-25T00:00:00.000,0.758811905782514,0.7678366550902098,0.7566166776309298,0.7592996954917908,138300000
2015-11-27T00:00:00.000,0.760763204716959,0.7680805739644575,0.7568605961543035,0.765641450881958,86996000
2015-11-30T00:00:00.000,0.7663735071042974,0.7771056995798843,0.7656417640649027,0.7736908793449402,327244000
2015-12-01T00:00:00.000,0.7805204790096862,0.7995456821502023,0.7797887359540274,0.7988139390945435,409496000
2015-12-02T00:00:00.000,0.8000333378772797,0.8083263469124955,0.791008585909157,0.7927159667015076,294240000
2015-12-03T00:00:00.000,0.7990577058190326,0.8073507149144559,0.7871059820325123,0.7910085916519165,246656000
2015-12-04T00:00:00.000,0.7910084823763975,0.8246684202712778,0.7910084823763975,0.8232049345970154,458756000
2015-12-07T00:00:00.000,0.8229610813912294,0.8229610813912294,0.8051554738100635,0.8075945973396301,333588000
2015-12-08T00:00:00.000,0.7975942562941754,0.8219854948354989,0.7924721136464874,0.8185707330703735,314488000
2015-12-09T00:00:00.000,0.8183267160873464,0.8232049630680791,0.7895450240090486,0.797838032245636,372676000
2015-12-10T00:00:00.000,0.800277187013224,0.8088141486398018,0.797594168514948,0.8044237494468689,236596000
2015-12-11T00:00:00.000,0.7963746740503073,0.801984664382194,0.7907646837184207,0.7924720644950867,227320000
2015-12-14T00:00:00.000,0.793203808973934,0.7988137993168021,0.7849107418453709,0.7944233417510986,275892000
2015-12-15T00:00:00.000,0.8034482829543592,0.8097900177190199,0.7990578825075302,0.8041800260543823,307296000
2015-12-16T00:00:00.000,0.8058873223437815,0.811741266527307,0.7988139033775279,0.8090581893920898,236356000
2015-12-17T00:00:00.000,0.8102776321808157,0.8185706407185819,0.7963746335961387,0.7968624234199524,254160000
2015-12-18T00:00:00.000,0.7912524408437753,0.7993015545456317,0.7829594322277095,0.7839350700378418,395896000
2015-12-21T00:00:00.000,0.7924720233694861,0.803204155474423,0.7853985475523101,0.8024724125862122,284216000
2015-12-22T00:00:00.000,0.8049116192791326,0.8112533528629567,0.7983259907584841,0.8032042384147644,130012000
2015-12-23T00:00:00.000,0.8044237510916529,0.8095458931860966,0.802960265306585,0.8063750267028809,122524000
2015-12-24T00:00:00.000,0.8039360463848089,0.8110095235043664,0.8027164552954731,0.8090581893920898,52448000
2015-12-28T00:00:00.000,0.8005212023739103,0.8083263635635376,0.789301221375942,0.8083263635635376,142024000
2015-12-29T00:00:00.000,0.8088141531740359,0.8239367427514375,0.8066189244886163,0.8214976191520691,203660000
2015-12-30T00:00:00.000,0.8207657701021502,0.8278392450714498,0.8141801430509453,0.8144240379333496,180344000
2015-12-31T00:00:00.000,0.8132046500539175,0.8168633065540768,0.8039359450340271,0.8039359450340271,148528000
2016-01-04T00:00:00.000,0.7875937241288058,0.7946671413248826,0.7814958865147652,0.7895449995994568,358076000
2016-01-05T00:00:00.000,0.8044238585599577,0.8156438402067042,0.7927160288685824,0.8022286295890808,490272000
2016-01-06T00:00:00.000,0.7890570347327572,0.7927157483896916,0.7600314529497736,0.7690562605857849,449344000
2016-01-07T00:00:00.000,0.7497872742332904,0.7549094744554015,0.7288107998277128,0.7385673522949219,645304000
2016-01-08T00:00:00.000,0.7480798045862175,0.7488115473880758,0.7212494484134649,0.7227129340171814,398472000
2016-01-11T00:00:00.000,0.7234445957335991,0.7290545844835402,0.7110050276495524,0.7239323854446411,409372000
2016-01-12T00:00:00.000,0.7368600136144079,0.7468604623528515,0.7310061278609904,0.7361282706260681,469356000
2016-01-13T00:00:00.000,0.7417382697696006,0.7466165757977854,0.7129566305691112,0.7136883735656738,481672000
2016-01-14T00:00:00.000,0.699053415479951,0.7073464815355709,0.6785647906173422,0.6992973685264587,600236000
2016-01-15T00:00:00.000,0.6712474622368033,0.6792965757470983,0.6497831401582524,0.6612470149993896,841452000
2016-01-19T00:00:00.000,0.6749060499310269,0.6939312465334057,0.6639299660214566,0.6666130423545837,457140000
2016-01-20T00:00:00.000,0.6539296326291868,0.678808715591986,0.6451487763980053,0.6702717542648315,481180000
2016-01-21T00:00:00.000,0.6775891331213184,0.688565158988679,0.6636860778542881,0.6780769228935242,481456000
2016-01-22T00:00:00.000,0.6910043102020895,0.6985656335093631,0.6895408245198243,0.6939312815666199,257996000
2016-01-25T00:00:00.000,0.693687482564626,0.7017365967764883,0.6917361486674274,0.693199634552002,270728000
2016-01-26T00:00:00.000,0.6946630384069956,0.7029560465692377,0.6875895629023582,0.7000290751457214,227944000
2016-01-27T00:00:00.000,0.6990535933515212,0.7012488224089256,0.6785649632756572,0.6917362213134766,231700000
2016-01-28T00:00:00.000,0.6973460306836825,0.6997851540609177,0.6707595684258331,0.6841747760772705,276776000
2016-01-29T00:00:00.000,0.6900286673580682,0.715883387042436,0.6873456490626322,0.7144199013710022,310504000
2016-02-01T00:00:00.000,0.7136882254402445,0.718322519252228,0.7075903877855911,0.7146638631820679,289884000
2016-02-02T00:00:00.000,0.7073464847973719,0.711005140825682,0.6795404314770852,0.6844186782836914,341908000
2016-02-03T00:00:00.000,0.6897847619661847,0.6939312658699495,0.6719791555923951,0.6878334283828735,326772000
2016-02-04T00:00:00.000,0.6888092538786353,0.7036879511635686,0.6812479868343605,0.6880775690078735,348140000
2016-02-05T00:00:00.000,0.683442900667028,0.6910041642236535,0.6427094958311539,0.6446607708930969,600428000
2016-02-08T00:00:00.000,0.6349044747983866,0.6380753413654838,0.6061227807749795,0.615147590637207,608852000
2016-02-09T00:00:00.000,0.6078302485538228,0.6475879718381745,0.6049032767671769,0.6217332482337952,425372000
2016-02-10T00:00:00.000,0.62563575082068,0.6436852520070304,0.6168548951168834,0.6202696561813354,335800000
2016-02-11T00:00:00.000,0.6044154599716531,0.6234406612609691,0.6044154599716531,0.6170989274978638,340144000
2016-02-12T00:00:00.000,0.6268552775825778,0.6288066111392963,0.6036835768620734,0.6275870203971863,340816000
2016-02-16T00:00:00.000,0.636611736196078,0.6592956459055646,0.6346604608990369,0.6583199501037598,485352000
2016-02-17T00:00:00.000,0.6666130009962754,0.6810038449970336,0.6639299248296129,0.6746621131896973,771468000
2016-02-18T00:00:00.000,0.7300303828560623,0.7556412092317825,0.7292986399750451,0.7327134013175964,1068660000
2016-02-19T00:00:00.000,0.7288105690434987,0.7490553523028096,0.7232005807741194,0.7424696683883667,525628000
2016-02-22T00:00:00.000,0.7532022734078365,0.7773496200400141,0.7517387872810427,0.7688126564025879,449668000
2016-02-23T00:00:00.000,0.7627148187094193,0.7780813055984638,0.7590561036628359,0.7707639336585999,369380000
2016-02-24T00:00:00.000,0.767592879429091,0.7773493729689915,0.7463724536418478,0.7761297821998596,336852000
2016-02-25T00:00:00.000,0.7790567480099518,0.7817397662684508,0.7639341598688095,0.7778371572494507,349616000
2016-02-26T00:00:00.000,0.781496068888261,0.7834473448142706,0.7649099909039675,0.7727152109146118,361964000
2016-02-29T00:00:00.000,0.7738166729850388,0.7838534960960689,0.7672070520714179,0.7676966190338135,323344000
2016-03-01T00:00:00.000,0.7696551038817887,0.8017240762710571,0.7684310696788387,0.8017240762710571,348700000
2016-03-02T00:00:00.000,0.7973175747527292,0.8093128407333445,0.7958487571444646,0.8063752055168152,233812000
2016-03-03T00:00:00.000,0.8053961698524436,0.8088233726947507,0.7885048808029955,0.7992761731147766,302004000
2016-03-04T00:00:00.000,0.805396217971522,0.8061306269623473,0.7907081548853654,0.7968282103538513,175304000
2016-03-07T00:00:00.000,0.7924215397180379,0.7978071847229721,0.7814054662332228,0.7916871309280396,239968000
2016-03-08T00:00:00.000,0.7836088701412167,0.7882601074099582,0.7747960210297171,0.7772440314292908,274940000
2016-03-09T00:00:00.000,0.7840983494984264,0.7853223252876144,0.7667174380437028,0.7767543196678162,222788000
2016-03-10T00:00:00.000,0.7814056109348043,0.7858120644907859,0.7598631436561258,0.7755303978919983,286084000
2016-03-11T00:00:00.000,0.7870359149113639,0.788994357856673,0.7777335006079161,0.7887495160102844,277400000
2016-03-14T00:00:00.000,0.7850774581125846,0.7938903046428888,0.7814054144061434,0.7907078862190247,190312000
2016-03-15T00:00:00.000,0.7865463623158444,0.7916871657065068,0.772837494908917,0.7867911458015442,226216000
2016-03-16T00:00:00.000,0.780915887830473,0.8129848571844936,0.7772438439343358,0.8102920055389404,363644000
2016-03-17T00:00:00.000,0.8073544778090249,0.8112712470491839,0.7924215762115647,0.8034376502037048,353680000
2016-03-18T00:00:00.000,0.8129848402216104,0.8384441300313773,0.807843978874282,0.8276728987693787,545512000
2016-03-21T00:00:00.000,0.8203289408559382,0.8303657642271364,0.8115160932876161,0.8301209807395935,337780000
2016-03-22T00:00:00.000,0.827428048671267,0.8345272355420558,0.8183703607675746,0.828652024269104,242012000
2016-03-23T00:00:00.000,0.8323242949039222,0.8489707411136866,0.8286522503781403,0.8428507447242737,429008000
2016-03-24T00:00:00.000,0.8352618185688165,0.8455434842161647,0.8325690249994584,0.8440746665000916,244956000
2016-03-28T00:00:00.000,0.8426057152093545,0.8563145811108896,0.8416265230089208,0.8526425957679749,265388000
2016-03-29T00:00:00.000,0.8489708088050313,0.8683101086640802,0.8470124238119106,0.8663517236709595,261812000
2016-03-30T00:00:00.000,0.8695340328908683,0.8874045125583454,0.8690444075220363,0.8754092454910278,376700000
2016-03-31T00:00:00.000,0.8793257807513464,0.8812841648446941,0.8653721335820939,0.8722265362739563,379884000
2016-04-01T00:00:00.000,0.8668409828629656,0.8854459255156039,0.8602313629022398,0.8849563002586365,348292000
2016-04-04T00:00:00.000,0.8923005253859134,0.8969517620731664,0.8729612281374913,0.876388430595398,393940000
2016-04-05T00:00:00.000,0.8685547686861023,0.883242828154334,0.8651275081180535,0.8751643896102905,339568000
2016-04-06T00:00:00.000,0.864148380127757,0.8768780559601693,0.8477467183376345,0.876388430595398,453376000
2016-04-07T00:00:00.000,0.8707579321461609,0.8785915871671908,0.8636587442963348,0.8673307299613953,378104000
2016-04-08T00:00:00.000,0.8744301602560419,0.8800605900442231,0.8643932767039768,0.8729613423347473,255936000
2016-04-11T00:00:00.000,0.8781021973116063,0.8927903190060654,0.8754094032107904,0.8783470392227173,387524000
2016-04-12T00:00:00.000,0.8812842651228489,0.8825082990943287,0.8602313710806735,0.8773674964904785,292764000
2016-04-13T00:00:00.000,0.8812842610863937,0.8996443620184336,0.8812842610863937,0.8993995785713196,350716000
2016-04-14T00:00:00.000,0.8969518188584493,0.9057646674261179,0.8932797743031007,0.9018478393554688,416564000
2016-04-15T00:00:00.000,0.9016029018707845,0.9170253696391724,0.8986652667281743,0.9089469313621521,436972000
2016-04-18T00:00:00.000,0.9072334175133859,0.9072334175133859,0.8962173430349782,0.9050301909446716,307320000
2016-04-19T00:00:00.000,0.9084571761235171,0.9101707769232432,0.8832426726394546,0.8888731002807617,309152000
2016-04-20T00:00:00.000,0.8874044073129944,0.8976860719177513,0.8864252150566266,0.8923004269599915,200172000
2016-04-21T00:00:00.000,0.8925450982216233,0.8967067669270061,0.8874042957481278,0.8913211226463318,178280000
2016-04-22T00:00:00.000,0.8942589316443578,0.9003789274435069,0.8849564586530306,0.8878940939903259,223540000
2016-04-25T00:00:00.000,0.8881388160965598,0.8971964466069884,0.8856908062730613,0.8923004269599915,191972000
2016-04-26T00:00:00.000,0.8976859320283564,0.9079675950308874,0.8891178697987224,0.8930346965789795,214536000
2016-04-27T00:00:00.000,0.8908316683288572,0.9138430088842628,0.889118067175555,0.9133533835411072,352396000
2016-04-28T00:00:00.000,0.907722861932334,0.9131085066957705,0.8839771733377,0.8861803412437439,381224000
2016-04-29T00:00:00.000,0.8825083063733313,0.8844666907056694,0.8602313781759342,0.8697786331176758,321904000
2016-05-02T00:00:00.000,0.8781019968903979,0.8866700610594614,0.8739403857334798,0.8812844157218933,256076000
2016-05-03T00:00:00.000,0.8712475031218962,0.8749194885578915,0.8631690651245193,0.8707578778266907,224024000
2016-05-04T00:00:00.000,0.8602314958386943,0.860965904655062,0.8421162340087209,0.8509290814399719,525764000
2016-05-05T00:00:00.000,0.8580282460167159,0.8661066838620259,0.8497049663458338,0.856069803237915,246884000
2016-05-06T00:00:00.000,0.8546009839285079,0.8670858742257148,0.8528873829789216,0.8648826479911804,183240000
2016-05-09T00:00:00.000,0.8670859283283787,0.8707579139165649,0.8565594801490017,0.8636587262153625,333336000
2016-05-10T00:00:00.000,0.8690441963433372,0.8817738691879957,0.8607209756518992,0.8803050518035889,269676000
2016-05-11T00:00:00.000,0.8829980352225774,0.8925452329191382,0.8781019570870731,0.8827531933784485,328176000
2016-05-12T00:00:00.000,0.8891179801021354,0.8930348073683114,0.8550906271271425,0.8707578778266907,670540000
2016-05-13T00:00:00.000,0.959375952833529,1.0036849719571255,0.9547247749759261,1.0031954050064087,2110256000
2016-05-16T00:00:00.000,0.9956065183734103,1.047749249926781,0.9924240997818475,1.0328162908554077,973032000
2016-05-17T00:00:00.000,1.028164996476412,1.0423634875985446,1.014945755915578,1.0350195169448853,628392000
2016-05-18T00:00:00.000,1.0281654520937136,1.0734537970248554,1.0281654520937136,1.0614584684371948,541072000
2016-05-19T00:00:00.000,1.057296630703533,1.0736984110848629,1.0558279295380792,1.066109538078308,398880000
2016-05-20T00:00:00.000,1.0727188763775175,1.0896102193441513,1.0710052754076054,1.085203766822815,391084000
2016-05-23T00:00:00.000,1.0898549159308732,1.0940164679273665,1.0803076612608447,1.0869172811508179,413636000
2016-05-24T00:00:00.000,1.0902307184643822,1.1167379727461377,1.0872854549849162,1.1133017539978027,415788000
2016-05-25T00:00:00.000,1.1167379408294844,1.1214011379996867,1.0998027348232868,1.1086385250091553,458076000
2016-05-26T00:00:00.000,1.1106020352729864,1.128518918372857,1.1074113526510874,1.1204195022583008,309964000
2016-05-27T00:00:00.000,1.121646471961963,1.1282732548901397,1.117964834864766,1.1265552043914795,277416000
2016-05-31T00:00:00.000,1.131464268859284,1.1491357341980755,1.130727894410384,1.146681308746338,412524000
2016-06-01T00:00:00.000,1.1412817972265696,1.1599349401101917,1.1378456950383617,1.1488903760910034,387132000
2016-06-02T00:00:00.000,1.1550263445455953,1.1668074014996046,1.1437362429869813,1.1569899320602417,329208000
2016-06-03T00:00:00.000,1.1456991923033388,1.147171706568876,1.120664577254775,1.140790343284607,461076000
2016-06-06T00:00:00.000,1.1437357650686026,1.1525715540920103,1.129009567063008,1.1349000930786133,322512000
2016-06-07T00:00:00.000,1.1417727141422023,1.1481540806549408,1.13661856050502,1.137109398841858,193400000
2016-06-08T00:00:00.000,1.137354440181892,1.1415269157593049,1.1241008732224032,1.1334275007247925,234616000
2016-06-09T00:00:00.000,1.1295013007639667,1.1645987108698788,1.127046874221274,1.1628806591033936,472168000
2016-06-10T00:00:00.000,1.1491358008002055,1.1594441074146844,1.132446011048037,1.1339186429977417,400024000
2016-06-13T00:00:00.000,1.1351456655256815,1.1707340114392035,1.1351456655256815,1.1483992338180542,475588000
2016-06-14T00:00:00.000,1.145699804971003,1.156008112542585,1.1329370715775409,1.1506085395812988,298344000
2016-06-15T00:00:00.000,1.160179794266797,1.1724515638629103,1.1474170696228025,1.1623886823654175,301036000
2016-06-16T00:00:00.000,1.1537987032074761,1.1690157385349251,1.14250860698601,1.1670522689819336,246456000
2016-06-17T00:00:00.000,1.1685252505397046,1.168770669678189,1.1420179940147939,1.146681308746338,471000000
2016-06-20T00:00:00.000,1.1650890701964116,1.1822695790696138,1.1643526957970234,1.1672979593276978,293768000
2016-06-21T00:00:00.000,1.1722064455315855,1.1753971275110076,1.1584619242996848,1.1601800918579102,212508000
2016-06-22T00:00:00.000,1.1626348634067243,1.1702434427852937,1.1572352906080248,1.1591987609863281,202620000
2016-06-23T00:00:00.000,1.1702435567187146,1.1913511286657696,1.169507182109245,1.1901239156723022,297880000
2016-06-24T00:00:00.000,1.141282281602398,1.1623898590264867,1.1118298643176465,1.1223835945129395,1017684000
2016-06-27T00:00:00.000,1.1130566550228516,1.121647028814338,1.0939125539334411,1.1103569269180298,449088000
2016-06-28T00:00:00.000,1.131463936820996,1.1326910321533157,1.1110926328701252,1.1265552043914795,381920000
2016-06-29T00:00:00.000,1.1363727727709039,1.1537988154448462,1.133427509638206,1.144963026046753,318932000
2016-06-30T00:00:00.000,1.1469267359139286,1.1609166802064979,1.137600223418997,1.153799057006836,430940000
2016-07-01T00:00:00.000,1.1474178422212165,1.1623894650447728,1.1412818947749097,1.1452088356018066,218488000
2016-07-05T00:00:00.000,1.1388273708146155,1.1641074159381646,1.1297462770476698,1.1621439456939697,371084000
2016-07-06T00:00:00.000,1.154044683963442,1.1763794682121043,1.1481541554040462,1.1695071458816528,273104000
2016-07-07T00:00:00.000,1.1773609584386497,1.2041136348688473,1.1719613861368867,1.1999411582946777,395400000
2016-07-08T00:00:00.000,1.2127035943030584,1.2539370435614507,1.2080402805754173,1.2480465173721313,481932000
2016-07-11T00:00:00.000,1.2659637007559814,1.2860894749936664,1.264491068856462,1.2767629623413086,448776000
2016-07-12T00:00:00.000,1.290998405488705,1.3076880786660832,1.2747994535967757,1.2959071397781372,436760000
2016-07-13T00:00:00.000,1.2983612610605553,1.3057244199489735,1.2934525274794233,1.295415997505188,324604000
2016-07-14T00:00:00.000,1.3022884374076804,1.320450741617809,1.2914891757268292,1.3086696863174438,316892000
2016-07-15T00:00:00.000,1.2919797504755564,1.299342908536312,1.272344818358111,1.2934523820877075,428616000
2016-07-18T00:00:00.000,1.3094060949238453,1.311369565180606,1.2951707307537859,1.3000794649124146,252992000
2016-07-19T00:00:00.000,1.2993433590304384,1.3187328787739523,1.2968889331480726,1.313578724861145,382652000
2016-07-20T00:00:00.000,1.3179963165707886,1.337876788880746,1.3125967442451014,1.330759048461914,296460000
2016-07-21T00:00:00.000,1.3278140546103974,1.3319865320514133,1.3017977472452302,1.3062156438827515,361308000
2016-07-22T00:00:00.000,1.3108785187279164,1.3418035507202148,1.3013064710834628,1.3418035507202148,315768000
2016-07-25T00:00:00.000,1.3499030932071086,1.3697834477017234,1.3440125657864317,1.3665927648544312,312528000
2016-07-26T00:00:00.000,1.37861928670875,1.3970270099874498,1.3766558165114866,1.3899093866348267,514508000
2016-07-27T00:00:00.000,1.401935642105901,1.4043900674491825,1.367574506534054,1.3759193420410156,446676000
2016-07-28T00:00:00.000,1.3791101843232698,1.3891730719213766,1.3746922884143002,1.3788647651672363,221916000
2016-07-29T00:00:00.000,1.3840189829092742,1.4051265527447026,1.3592298914952199,1.4014450311660767,409588000
2016-08-01T00:00:00.000,1.407335646381758,1.4124898003173818,1.383282810982045,1.3923639059066772,301120000
2016-08-02T00:00:00.000,1.3989903117844997,1.3997266861657405,1.362174869658673,1.3754284381866455,282748000
2016-08-03T00:00:00.000,1.3737101694627927,1.3818095841712073,1.3661015929083977,1.3791097402572632,299828000
2016-08-04T00:00:00.000,1.3857367529222835,1.4110167945748868,1.3830370255947326,1.4046354293823242,272712000
2016-08-05T00:00:00.000,1.4208343765864682,1.4291792124296758,1.4139621726018792,1.4284429550170898,371588000
2016-08-08T00:00:00.000,1.4480776508552957,1.4515137522791324,1.4264791318577121,1.441696286201477,305064000
2016-08-09T00:00:00.000,1.44881428664004,1.4593681297990322,1.4416966628360033,1.4453781843185425,372344000
2016-08-10T00:00:00.000,1.4581403656965708,1.4603492543443115,1.4313876976883568,1.4360510110855103,375740000
2016-08-11T00:00:00.000,1.4436600724204214,1.4713944260200673,1.4407148085449195,1.4652584791183472,681064000
2016-08-12T00:00:00.000,1.5192547608203344,1.5555793719999926,1.4880843032093958,1.5472345352172852,1425744000
2016-08-15T00:00:00.000,1.548952267793272,1.5585243154663009,1.5248994390533612,1.5457615852355957,573304000
2016-08-16T00:00:00.000,1.543552869727281,1.5460071781834523,1.531771931664071,1.5364352464675903,287652000
2016-08-17T00:00:00.000,1.536435454213069,1.5398715567363828,1.4888206231706604,1.5008469820022583,595212000
2016-08-18T00:00:00.000,1.4986377846140941,1.5266175544387681,1.49274725747903,1.5241632461547852,331684000
2016-08-19T00:00:00.000,1.5234266862440702,1.5396255168595838,1.5167999025407624,1.528090000152588,291560000
2016-08-22T00:00:00.000,1.5327534609765245,1.536680517975942,1.5145911588253524,1.5344715118408203,244748000
2016-08-23T00:00:00.000,1.5500856293926244,1.556970497585266,1.5424630297512756,1.546889066696167,339764000
2016-08-24T00:00:00.000,1.5522988372430986,1.553036451504819,1.5159071702682834,1.5230379104614258,298448000
2016-08-25T00:00:00.000,1.52352955194626,1.524267166102143,1.4940228752269418,1.5129562616348267,406032000
2016-08-26T00:00:00.000,1.516890460472499,1.5338567574855193,1.504841825355363,1.5252506732940674,300024000
2016-08-29T00:00:00.000,1.531398172984275,1.5375453099679355,1.5218084845209232,1.524267315864563,274652000
2016-08-30T00:00:00.000,1.5222999396008896,1.5304142808246688,1.5112349075231724,1.515415072441101,285544000
2016-08-31T00:00:00.000,1.5183657577477245,1.5225458054012815,1.5038582921431158,1.5082842111587524,388544000
2016-09-01T00:00:00.000,1.5095134089962436,1.5584453185692007,1.508283935161723,1.5527899265289307,428492000
2016-09-02T00:00:00.000,1.5559872068701266,1.557708424133866,1.5200873985131242,1.5375454425811768,323148000
2016-09-06T00:00:00.000,1.5429549081337186,1.5520527362823486,1.5350864369990123,1.5520527362823486,306812000
2016-09-07T00:00:00.000,1.5471350794661827,1.55475767980405,1.5203332184461744,1.529185175895691,397988000
2016-09-08T00:00:00.000,1.5277099200906392,1.5427092502274649,1.5102518755857033,1.540250301361084,315808000
2016-09-09T00:00:00.000,1.5232837747726204,1.531889860035744,1.4507464354145263,1.4635326862335205,697760000
2016-09-12T00:00:00.000,1.4441072638830377,1.4967274891955367,1.4094368211265575,1.493776798248291,598260000
2016-09-13T00:00:00.000,1.4900886643409152,1.5073009520107883,1.4637785486626762,1.47213876247406,471768000
2016-09-14T00:00:00.000,1.47558115344178,1.4900886208005764,1.4632867631074986,1.485170841217041,319048000
2016-09-15T00:00:00.000,1.4876297652029047,1.5432006853091573,1.4841872140267625,1.541479468345642,515212000
2016-09-16T00:00:00.000,1.5468886627351492,1.555248874392867,1.5274634202293305,1.5451674461364746,902444000
2016-09-19T00:00:00.000,1.5613962693004808,1.6046727940513361,1.554265530919253,1.565576434135437,417128000
2016-09-20T00:00:00.000,1.5835268102169853,1.5835268102169853,1.5427092212448064,1.5513153076171875,331112000
2016-09-21T00:00:00.000,1.5559870502363018,1.5977882377177022,1.5557411788303943,1.5948375463485718,336212000
2016-09-22T00:00:00.000,1.6041808526898376,1.6090986309901198,1.589673389116642,1.5987712144851685,308732000
2016-09-23T00:00:00.000,1.6007390900158682,1.6054108816960255,1.5899199263244006,1.597050666809082,276132000
2016-09-26T00:00:00.000,1.5788545954537283,1.5884442829466086,1.5621341688118853,1.582051157951355,230040000
2016-09-27T00:00:00.000,1.5759039544755469,1.6386057322508805,1.5751663402983718,1.6361467838287354,402752000
2016-09-28T00:00:00.000,1.638605924521596,1.643277833272573,1.6211477638730247,1.6420483589172363,319788000
2016-09-29T00:00:00.000,1.6393436533749794,1.662457327324262,1.6240985689502128,1.6572935581207275,336684000
2016-09-30T00:00:00.000,1.6663911694053284,1.7013074861147193,1.6565556103532124,1.6848329305648804,429932000
2016-10-03T00:00:00.000,1.6848328825955357,1.7091759081438127,1.6801609745914288,1.683111548423767,242596000
2016-10-04T00:00:00.000,1.6855704664393856,1.7138476680885062,1.6668828347589109,1.679423213005066,281624000
2016-10-05T00:00:00.000,1.6936848820091743,1.710897168926123,1.6725384183821808,1.6777020692825317,305440000
2016-10-06T00:00:00.000,1.6575394411616746,1.6678667444122397,1.629262117060306,1.655818223953247,360212000
2016-10-07T00:00:00.000,1.6668826940345416,1.6713087302034824,1.6390972374862027,1.6437691450119019,286260000
2016-10-10T00:00:00.000,1.6523755994423366,1.6612276737661165,1.6344256966319828,1.6499167680740356,287876000
2016-10-11T00:00:00.000,1.6445070145069878,1.6469658455302651,1.6135248759703007,1.6260652542114258,388540000
2016-10-12T00:00:00.000,1.6194264381537025,1.6420482488797945,1.6059025728986482,1.6334421634674072,419920000
2016-10-13T00:00:00.000,1.6142626377410971,1.6179509429700012,1.5663142007689068,1.6068859100341797,390116000
2016-10-14T00:00:00.000,1.6265572631563714,1.6376222976947075,1.6130333971923643,1.622623085975647,330636000
2016-10-17T00:00:00.000,1.622377049253771,1.6376221308371626,1.6110661444502503,1.613279104232788,195328000
2016-10-18T00:00:00.000,1.6356552059660778,1.6472119833175494,1.6290162087056395,1.6378681659698486,269372000
2016-10-19T00:00:00.000,1.6268028016438798,1.6420478805618792,1.6184424722623934,1.6344252824783325,199060000
2016-10-20T00:00:00.000,1.6536053646588813,1.6708176562615262,1.6302459349294969,1.6654080152511597,312084000
2016-10-21T00:00:00.000,1.6595064904413261,1.6636865390273317,1.644999021600519,1.6607359647750854,279508000
2016-10-24T00:00:00.000,1.672046445022447,1.7406494773430898,1.6718004564190192,1.7386823892593384,339836000
2016-10-25T00:00:00.000,1.7357320666264064,1.7777791256110813,1.727371852560591,1.767205834388733,397460000
2016-10-26T00:00:00.000,1.7524523812155555,1.7937618233043355,1.7507311642326158,1.774336576461792,333792000
2016-10-27T00:00:00.000,1.7878604889378613,1.7913029229961683,1.7308142210804152,1.7379449605941772,388664000
2016-10-28T00:00:00.000,1.7463053166433955,1.7728613039022156,1.7317978487614911,1.7349944114685059,290856000
2016-10-31T00:00:00.000,1.7406499264006299,1.7613046497313216,1.7396663234804537,1.7497478723526,252388000
2016-11-01T00:00:00.000,1.7561411178852595,1.7657308073262556,1.6791777309227731,1.69786536693573,473224000
2016-11-02T00:00:00.000,1.7108967636960328,1.7340103102035485,1.6877830999394325,1.690733790397644,295848000
2016-11-03T00:00:00.000,1.6986028964744142,1.7000782422570309,1.638605931228137,1.6710633039474487,309664000
2016-11-04T00:00:00.000,1.659997928750921,1.6899964638461793,1.6371302496840205,1.661473274230957,328780000
2016-11-07T00:00:00.000,1.7101596787044522,1.763517646698304,1.7089302043407473,1.7524526119232178,487580000
2016-11-08T00:00:00.000,1.7590915724732066,1.7647470840782493,1.7335191862890122,1.7497478723526,429884000
2016-11-09T00:00:00.000,1.702291284571026,1.7433548625482216,1.6897510206864577,1.7202411890029907,456532000
2016-11-10T00:00:00.000,1.7578623494752579,1.7581082209117755,1.6415567180646342,1.6663914918899536,869280000
2016-11-11T00:00:00.000,1.9550655963079,2.182758967266286,1.9302307045938456,2.163087844848633,2175344000
2016-11-14T00:00:00.000,2.1660376231750456,2.168496571064806,2.056125278882352,2.056617021560669,1348796000
2016-11-15T00:00:00.000,2.07260011945999,2.1503011057965113,2.06374804602339,2.119319200515747,626092000
2016-11-16T00:00:00.000,2.147596310454018,2.275950314494399,2.1232532854293034,2.253082752227783,987984000
2016-11-17T00:00:00.000,2.2698032717026035,2.330783831085794,2.228985573023228,2.271770477294922,832988000
2016-11-18T00:00:00.000,2.2717708234796556,2.3194731627557283,2.2572633542079727,2.2956221103668213,576060000
2016-11-21T00:00:00.000,2.3135719686216496,2.3199650945225194,2.2720165330168665,2.286278247833252,436436000
2016-11-22T00:00:00.000,2.294146172082548,2.3049652160022016,2.271524364251846,2.3027522563934326,330368000
2016-11-23T00:00:00.000,2.307923664099433,2.3456010060383714,2.2845293865244765,2.314080238342285,443236000
2016-11-25T00:00:00.000,2.3251618994317003,2.3419073590922155,2.30028971458301,2.3187592029571533,195564000
2016-11-28T00:00:00.000,2.311617078181775,2.3330414349620527,2.3049680264951586,2.3175272941589355,278736000
2016-11-29T00:00:00.000,2.3148190183280453,2.325654495893426,2.2786193453485533,2.2963497638702393,444568000
2016-11-30T00:00:00.000,2.3049691542866495,2.3187597432639944,2.268030638629718,2.270493268966675,440500000
2016-12-01T00:00:00.000,2.2680301082435563,2.2697539021064403,2.0875235270751915,2.1581993103027344,1035524000
2016-12-02T00:00:00.000,2.123969911144943,2.186765571482453,2.0961428477584234,2.1781466007232666,478292000
2016-12-05T00:00:00.000,2.2160706082976684,2.2805900783991238,2.1916911273155955,2.262613296508789,602284000
2016-12-06T00:00:00.000,2.2707396283457655,2.3081708618605217,2.2549791213316253,2.299798011779785,498796000
2016-12-07T00:00:00.000,2.286253823316796,2.3468329808980894,2.268030687221984,2.3411691188812256,480804000
2016-12-08T00:00:00.000,2.344123518674057,2.3793382301578827,2.2914245124757384,2.302013397216797,381544000
2016-12-09T00:00:00.000,2.3197440872755095,2.321467881085111,2.2338002840050817,2.2611348628997803,382312000
2016-12-12T00:00:00.000,2.2126221312605705,2.2150847610421063,2.155736698463188,2.206219434738159,601332000
2016-12-13T00:00:00.000,2.2185328811474396,2.2727095750947526,2.2175479229381994,2.245128631591797,387796000
2016-12-14T00:00:00.000,2.2788662238684814,2.3914060516215154,2.254979222698998,2.375153064727783,983980000
2016-12-15T00:00:00.000,2.3862334088059267,2.4610958470627207,2.378845754711902,2.4308061599731445,746548000
2016-12-16T00:00:00.000,2.4583870133121786,2.4798113759109888,2.4066729617411275,2.472670078277588,1089528000
2016-12-19T00:00:00.000,2.4551865150434273,2.5229072108282056,2.437948336143246,2.502714157104492,744656000
2016-12-20T00:00:00.000,2.5753589112696167,2.6135287273494283,2.564030957005395,2.589888095855713,848056000
2016-12-21T00:00:00.000,2.601463140432917,2.6090971534601692,2.5539355028770796,2.606142044067383,576136000
2016-12-22T00:00:00.000,2.6305215918611906,2.681004340180837,2.6233800577305595,2.6376631259918213,718612000
2016-12-23T00:00:00.000,2.619685245180619,2.704890442897134,2.616976493580703,2.7034127712249756,647692000
2016-12-27T00:00:00.000,2.7595598843842577,2.890076211264854,2.738874122770622,2.8890912532806396,1194272000
2016-12-28T00:00:00.000,2.9452375493664547,2.953364039027718,2.6765709116030547,2.690361261367798,2295764000
2016-12-29T00:00:00.000,2.5832397049668114,2.7455234063549687,2.531525648873178,2.7440457344055176,2175368000
2016-12-30T00:00:00.000,2.7420765043200728,2.756113217105124,2.617716475579737,2.628551721572876,1212932000
2017-01-03T00:00:00.000,2.5709269679279445,2.6194397962424336,2.447305797708057,2.5120716094970703,1501996000
2017-01-04T00:00:00.000,2.5463006729171958,2.598014718425449,2.5002504874074103,2.5706801414489746,1199220000
2017-01-05T00:00:00.000,2.57412871731837,2.605895851736158,2.4884310092119506,2.505422830581665,984296000
2017-01-06T00:00:00.000,2.5327569134700934,2.5672330284627556,2.492124458408783,2.5389134883880615,822856000
2017-01-09T00:00:00.000,2.5487625441324666,2.6595782558666596,2.5487625441324666,2.641847610473633,916248000
2017-01-10T00:00:00.000,2.654900670913393,2.6888840724853043,2.6012164641911886,2.6219022274017334,880920000
2017-01-11T00:00:00.000,2.6103280487227205,2.6152530736855737,2.564770334857432,2.589642286300659,525664000
2017-01-12T00:00:00.000,2.5667416822611506,2.578315766395926,2.5024683269069463,2.5472872257232666,625616000
2017-01-13T00:00:00.000,2.551226891223352,2.585703015982227,2.5379290144226365,2.5470407009124756,457820000
2017-01-17T00:00:00.000,2.5364508920435815,2.5413759171939216,2.476610345173752,2.489908218383789,580612000
2017-01-18T00:00:00.000,2.4684834796373702,2.542114367579101,2.4406564224381517,2.535219192504883,654424000
2017-01-19T00:00:00.000,2.53817458944981,2.621655770531802,2.5359583164740607,2.589642286300659,644872000
2017-01-20T00:00:00.000,2.6122983920712524,2.630029048476144,2.5394063197827474,2.5613231658935547,492024000
2017-01-23T00:00:00.000,2.556151863317594,2.607865927179631,2.5536892329314593,2.587918996810913,369904000
2017-01-24T00:00:00.000,2.5980147641027447,2.6492363315789857,2.5832392216194906,2.6430797576904297,428052000
2017-01-25T00:00:00.000,2.685436268100216,2.691592842604154,2.6184544284123565,2.6544079780578613,522760000
2017-01-26T00:00:00.000,2.6571169166419533,2.7075996568750793,2.6275660614944636,2.700212001800537,458800000
2017-01-27T00:00:00.000,2.707106925672737,2.7553733883722282,2.680511182002423,2.752418279647827,471996000
2017-01-30T00:00:00.000,2.7314868462959554,2.7337031194918775,2.6573634636139505,2.7093236446380615,496004000
2017-01-31T00:00:00.000,2.6829738727960355,2.710062096061899,2.6645043841359475,2.6886377334594727,362756000
2017-02-01T00:00:00.000,2.723113581778818,2.8102887030645807,2.7053831640703536,2.8061025142669678,590004000
2017-02-02T00:00:00.000,2.7900955329522166,2.8501824286246586,2.7595597235772322,2.8415632247924805,483240000
2017-02-03T00:00:00.000,2.8430410205312056,2.854122619663753,2.804871198435376,2.8166913986206055,372744000
2017-02-06T00:00:00.000,2.8073332396646085,2.889336968974111,2.8073332396646085,2.8888444900512695,506768000
2017-02-07T00:00:00.000,2.9230744869395826,2.9777436444103147,2.9033739192734633,2.9336636066436768,746224000
2017-02-08T00:00:00.000,2.9156870014808316,2.9380963221716416,2.8659428656237522,2.920858383178711,449580000
2017-02-09T00:00:00.000,2.927014814160365,2.9319400739401464,2.8467350994540177,2.86594295501709,842568000
2017-02-10T00:00:00.000,2.953364040082625,2.972325771015919,2.7728574737497578,2.797975778579712,1651092000
2017-02-13T00:00:00.000,2.7923122515689043,2.806841440131201,2.66450466360983,2.6689374446868896,1180724000
2017-02-14T00:00:00.000,2.6593334964464277,2.71252522972729,2.6174697214459646,2.67878794670105,850632000
2017-02-15T00:00:00.000,2.681743136590664,2.7039061050365856,2.653669714436734,2.6842055320739746,373020000
2017-02-16T00:00:00.000,2.6938084633627137,2.6950397779654223,2.6019544606740515,2.6411094665527344,647176000
2017-02-17T00:00:00.000,2.627566329972343,2.645050628819739,2.580531172958028,2.640617847442627,563740000
2017-02-21T00:00:00.000,2.6652429629674677,2.7391202059340043,2.6649966060713837,2.735180139541626,551952000
2017-02-22T00:00:00.000,2.747261994378316,2.7566316091123872,2.712002605216801,2.7309885025024414,433772000
2017-02-23T00:00:00.000,2.601294413906689,2.623238920420828,2.457791783955978,2.4777636528015137,1592888000
2017-02-24T00:00:00.000,2.3934366985141073,2.5149947898198013,2.359656845208708,2.5016801357269287,1029904000
2017-02-27T00:00:00.000,2.5199268093859897,2.589458933016314,2.504146414237198,2.574418306350708,715400000
2017-02-28T00:00:00.000,2.5840334991697627,2.593896448619669,2.4849132556839106,2.5021729469299316,625360000
2017-03-01T00:00:00.000,2.5591300866397257,2.5734311747977947,2.493049926292389,2.534473419189453,504804000
2017-03-02T00:00:00.000,2.521651738777026,2.5357061584307328,2.438311656807325,2.441023826599121,754332000
2017-03-03T00:00:00.000,2.4304221822791034,2.4353534226811244,2.372478520321904,2.4269702434539795,864692000
2017-03-06T00:00:00.000,2.3907244212734886,2.4188332648489874,2.346588753996947,2.408230781555176,883568000
2017-03-07T00:00:00.000,2.408231298256555,2.454092944619974,2.3954097424865046,2.4346139430999756,603400000
2017-03-08T00:00:00.000,2.482941062021616,2.49773525369189,2.427956472867305,2.430175542831421,638712000
2017-03-09T00:00:00.000,2.414148294201255,2.4521196150647397,2.401573174699537,2.4296820163726807,478060000
2017-03-10T00:00:00.000,2.456065098088673,2.4679002152124254,2.4257371842575153,2.4439830780029297,499740000
2017-03-13T00:00:00.000,2.4543399847958405,2.5211599445678714,2.4536002162345776,2.5112972259521484,774136000
2017-03-14T00:00:00.000,2.5241181223851803,2.5334875027415804,2.4772700448746865,2.509570598602295,522016000
2017-03-15T00:00:00.000,2.521159843850617,2.5394057432306347,2.4735719874064266,2.5285568237304688,615036000
2017-03-16T00:00:00.000,2.5391587529260926,2.5601170539383644,2.52510432963847,2.5596237182617188,523100000
2017-03-17T00:00:00.000,2.5771294033954684,2.6165804924014124,2.559623045844471,2.6153476238250732,1119688000
2017-03-20T00:00:00.000,2.6328549928603797,2.7026337820983057,2.616827930356366,2.698688507080078,748568000
2017-03-21T00:00:00.000,2.681428680560783,2.7112634987437345,2.603513147490268,2.611403226852417,913484000
2017-03-22T00:00:00.000,2.6003074446980277,2.6693466920583524,2.596362405314903,2.6646618843078613,616764000
2017-03-23T00:00:00.000,2.656771415154315,2.676743513886307,2.6308818752662555,2.640497922897339,533940000
2017-03-24T00:00:00.000,2.6868533773982914,2.6947434571137365,2.6239784669591857,2.6498680114746094,439500000
2017-03-27T00:00:00.000,2.6032663044178848,2.673045085573386,2.5539527238592745,2.669100046157837,506644000
2017-03-28T00:00:00.000,2.670333616207111,2.6848811439275324,2.6449371684589345,2.6552929878234863,432444000
2017-03-29T00:00:00.000,2.6626892993636937,2.675017753430691,2.644443403678584,2.646662473678589,349992000
2017-03-30T00:00:00.000,2.6538123640603892,2.7122491189190945,2.648141356036956,2.6974549293518066,525532000
2017-03-31T00:00:00.000,2.687839708748993,2.7095377817359005,2.6727990819003176,2.6858670711517334,440808000
2017-04-03T00:00:00.000,2.6863597678145896,2.7036194608879462,2.6486346405824666,2.6723053455352783,445232000
2017-04-04T00:00:00.000,2.5495142125753225,2.574664217298131,2.474064433552563,2.4849133491516113,1271280000
2017-04-05T00:00:00.000,2.466174936271134,2.524118609902095,2.4533533794387785,2.466421604156494,747048000
2017-04-06T00:00:00.000,2.4715992210515987,2.4965025632599533,2.426477109590859,2.4844207763671875,635120000
2017-04-07T00:00:00.000,2.4908313250224237,2.508337686830194,2.4587774396804285,2.473818063735962,429068000
2017-04-10T00:00:00.000,2.4745578481846477,2.4812150579841505,2.4065050377418977,2.4106967449188232,756332000
2017-04-11T00:00:00.000,2.3806149794791525,2.4385586344415864,2.3756837396724144,2.4193263053894043,618148000
2017-04-12T00:00:00.000,2.4193263168554773,2.43362717102303,2.39417631179948,2.3993542194366455,414092000
2017-04-13T00:00:00.000,2.37519166426869,2.3968895050155523,2.3544797897338867,2.3544797897338867,506892000
2017-04-17T00:00:00.000,2.3673014291785512,2.446942952626711,2.362123519153666,2.4466965198516846,497292000
2017-04-18T00:00:00.000,2.4323947979450384,2.454339536855147,2.406505254483518,2.4481751918792725,370116000
2017-04-19T00:00:00.000,2.46568188571867,2.4898454628534177,2.4511343588305983,2.457791805267334,380828000
2017-04-20T00:00:00.000,2.472338921701385,2.501433970647213,2.4511339518969946,2.49674916267395,404016000
2017-04-21T00:00:00.000,2.48639324173117,2.5098172828340286,2.4745581223942428,2.5071051120758057,341896000
2017-04-24T00:00:00.000,2.538665202508204,2.551486755811058,2.5177071384144374,2.538418769836426,371820000
2017-04-25T00:00:00.000,2.55296690287803,2.597102581684842,2.5315154980199877,2.582555055618286,388440000
2017-04-26T00:00:00.000,2.596116049831211,2.5985815525529263,2.562829294058148,2.5648019313812256,327004000
2017-04-27T00:00:00.000,2.572197936130827,2.6131280875656344,2.5541984797746298,2.6047449111938477,319700000
2017-04-28T00:00:00.000,2.597842750807242,2.6047466306634437,2.5660352877108945,2.571706533432007,348248000
2017-05-01T00:00:00.000,2.582555260876469,2.6345812589697504,2.5754047136402267,2.6294031143188477,307732000
2017-05-02T00:00:00.000,2.6025269969861666,2.6037598660003085,2.5288029348730947,2.5514872074127197,629972000
2017-05-03T00:00:00.000,2.5445824701809956,2.580088286308606,2.529788517296115,2.570472240447998,336904000
2017-05-04T00:00:00.000,2.576636880718073,2.5877324652472997,2.552719742294881,2.560610055923462,209788000
2017-05-05T00:00:00.000,2.549021462584145,2.568007126279278,2.533487502596974,2.560856580734253,228428000
2017-05-08T00:00:00.000,2.572692184347799,2.5741714860808584,2.5226388309539325,2.5339810848236084,365240000
2017-05-09T00:00:00.000,2.5396517817223825,2.587239391227207,2.531268367495991,2.5381722450256348,847672000
2017-05-10T00:00:00.000,2.8180277026296503,3.003693605988614,2.811370491575143,2.9906253814697266,2129096000
2017-05-11T00:00:00.000,2.9600497424506553,3.215987428376641,2.956597804480462,3.1190860271453857,1939792000
2017-05-12T00:00:00.000,3.1222924392301095,3.195523161194782,3.101334137547888,3.153359889984131,962620000
2017-05-15T00:00:00.000,3.1945369850549064,3.31412245138423,3.1900986098084436,3.3116567134857178,1087540000
2017-05-16T00:00:00.000,3.362696873510335,3.3888333237292874,3.2882335037002997,3.3732993602752686,1120700000
2017-05-17T00:00:00.000,3.306479106762389,3.32521834026824,3.144977022001207,3.1491687297821045,1271368000
2017-05-18T00:00:00.000,3.1930567801200342,3.2899581899729884,3.132647625121178,3.2810816764831543,1156032000
2017-05-19T00:00:00.000,3.3822814402707335,3.411653821110822,3.33760566767575,3.356858253479004,1018372000
2017-05-22T00:00:00.000,3.400546902765279,3.44275434225173,3.389686324519008,3.428438425064087,836608000
2017-05-23T00:00:00.000,3.448184373858061,3.4504057807082886,3.3497000418868716,3.3822813034057617,681248000
2017-05-24T00:00:00.000,3.4792850262876858,3.4820002887222214,3.4081985847960987,3.4202933311462402,815996000
2017-05-25T00:00:00.000,3.455589755057592,3.4563303026035297,3.367719057325299,3.412641763687134,608228000
2017-05-26T00:00:00.000,3.404495795165176,3.5859141378365513,3.3842559707997424,3.5010054111480713,779140000
2017-05-30T00:00:00.000,3.546915935616526,3.6108443011170004,3.5308722300280797,3.5757949352264404,989652000
2017-05-31T00:00:00.000,3.620717438404552,3.6283691352026066,3.5061893848627883,3.562959909439087,887316000
2017-06-01T00:00:00.000,3.578756758823279,3.5797442340188512,3.5177903462600546,3.563206672668457,503340000
2017-06-02T00:00:00.000,3.560244968267455,3.5864087080128746,3.5395115186028017,3.5454354286193848,487456000
2017-06-05T00:00:00.000,3.5291436985722116,3.666132957075266,3.5175428098037482,3.6532979011535645,817376000
2017-06-06T00:00:00.000,3.6486090106505538,3.69476588428931,3.623432748114296,3.636761426925659,758728000
2017-06-07T00:00:00.000,3.6611969705518947,3.6994552153968474,3.645646886231819,3.6806962490081787,612612000
2017-06-08T00:00:00.000,3.7878193292535673,3.949244779283194,3.746599132065319,3.9477639198303223,1161744000
2017-06-09T00:00:00.000,4.066241764242859,4.159048889611222,3.5234670604482456,3.6925442218780518,3692928000
2017-06-12T00:00:00.000,3.6007246340193353,3.744378383511142,3.5076705733268643,3.701677083969116,1697532000
2017-06-13T00:00:00.000,3.8110216866247466,3.8201544785130337,3.595047329991126,3.736973524093628,1672504000
2017-06-14T00:00:00.000,3.7399354205405553,3.802629618386425,3.665393403885584,3.7448718547821045,1184640000
2017-06-15T00:00:00.000,3.62738135005249,3.7912748989804688,3.6160271526869576,3.7609152793884277,963824000
2017-06-16T00:00:00.000,3.7705421993230743,3.818426861938629,3.7083416176110013,3.742403745651245,924960000
2017-06-19T00:00:00.000,3.786585404414543,3.8882786259416813,3.7828831378486933,3.8830952644348145,778176000
2017-06-20T00:00:00.000,3.925302697424399,3.992193012446416,3.873222154821162,3.877418041229248,1095444000
2017-06-21T00:00:00.000,3.9050632534128074,3.9398659277608994,3.8431093662056073,3.9361634254455566,682652000
2017-06-22T00:00:00.000,3.9443086107255265,3.957637524459041,3.8850699880152124,3.9090123176574707,469132000
2017-06-23T00:00:00.000,3.9166638952168724,3.9324609078713944,3.781895785484872,3.796952486038208,1088588000
2017-06-26T00:00:00.000,3.829780624247379,3.8653238455509142,3.661197309544893,3.7554855346679688,1063960000
2017-06-27T00:00:00.000,3.7379602653012975,3.7465992007514233,3.612324956769462,3.618001937866211,999492000
2017-06-28T00:00:00.000,3.6856332124170392,3.7503021248603043,3.5975155901162217,3.745612382888794,994948000
2017-06-29T00:00:00.000,3.7172273231723243,3.7201890425330935,3.5562954682354375,3.6204707622528076,1064424000
2017-06-30T00:00:00.000,3.637748717576798,3.651324324223483,3.541979629676538,3.568143367767334,731060000
2017-07-03T00:00:00.000,3.5802379980762433,3.595047537279027,3.4205403016683595,3.4390523433685303,709072000
2017-07-05T00:00:00.000,3.5024872008253443,3.559751350495949,3.48348153862119,3.5308725833892822,820188000
2017-07-06T00:00:00.000,3.5017466769585623,3.5883832084352996,3.449665892855239,3.5414857864379883,746284000
2017-07-07T00:00:00.000,3.5982553743971706,3.6407097353800637,3.575300289290965,3.6224443912506104,654972000
2017-07-10T00:00:00.000,3.696000047370384,3.801148618044155,3.6698363096762208,3.793743848800659,958492000
2017-07-11T00:00:00.000,3.7974462329046967,3.855203996150054,3.755485482842175,3.8475522994995117,757956000
2017-07-12T00:00:00.000,3.9072841315832414,4.023293030368826,3.8643361462714148,4.0111985206604,1145208000
2017-07-13T00:00:00.000,4.023293184067275,4.104746343940472,3.9183915513229137,3.9647951126098633,1369132000
2017-07-14T00:00:00.000,3.9810866358168324,4.0729065392486925,3.9741754856008216,4.071425914764404,941948000
2017-07-17T00:00:00.000,4.105487964314764,4.13436696924901,3.9924407506466304,4.054147720336914,930792000
2017-07-18T00:00:00.000,3.9931801703744516,4.1109173290578065,3.9813323526820366,4.0963544845581055,776640000
2017-07-19T00:00:00.000,4.105487225635089,4.131897890535368,4.063033090468467,4.075127601623535,687044000
2017-07-20T00:00:00.000,4.095614641306085,4.134613204563476,4.045755498165492,4.134366512298584,699596000
2017-07-21T00:00:00.000,4.113878878470933,4.178794710093554,4.099562726783968,4.14917516708374,648332000
2017-07-24T00:00:00.000,4.1563343227689025,4.1659604996578565,4.090431238120775,4.101044654846191,652524000
2017-07-25T00:00:00.000,4.078088515879046,4.095613548532505,4.037608868259373,4.081297397613525,496556000
2017-07-26T00:00:00.000,4.138808533186248,4.194344883274969,4.093638905675865,4.12844181060791,640404000
2017-07-27T00:00:00.000,4.1533720110262715,4.164973138035688,3.889019367982898,3.9921934604644775,782856000
2017-07-28T00:00:00.000,3.9564025701723238,4.082038110220566,3.931473239637913,4.0576019287109375,513348000
2017-07-31T00:00:00.000,4.071177684765999,4.1072145216730105,3.9645482689279024,4.0111985206604,559672000
2017-08-01T00:00:00.000,4.001820546227754,4.061799732942935,3.9739292498764076,4.06007194519043,431384000
2017-08-02T00:00:00.000,4.091170900608877,4.095119859100405,3.9805920594728965,4.0576019287109375,478444000
2017-08-03T00:00:00.000,4.057108263021993,4.112891299534103,4.040077086044703,4.109189033508301,442420000
2017-08-04T00:00:00.000,4.131896784591453,4.197799847685275,4.109188863419418,4.127207279205322,589096000
2017-08-07T00:00:00.000,4.156334576632899,4.254571772769097,4.1467079283692,4.254078388214111,717412000
2017-08-08T00:00:00.000,4.29209080810188,4.3086281398601285,4.164234028523868,4.203479766845703,755336000
2017-08-09T00:00:00.000,4.1573224418551815,4.250623452541486,4.138563468634708,4.248155117034912,530784000
2017-08-10T00:00:00.000,4.249388154481293,4.261729829415027,4.056122185807944,4.066242218017578,1328088000
2017-08-11T00:00:00.000,3.87865281473805,3.924562763321472,3.774244785592866,3.84952712059021,1497196000
2017-08-14T00:00:00.000,3.941100633805639,4.160283669252891,3.9294997407708516,4.156581401824951,1279020000
2017-08-15T00:00:00.000,4.161763971504567,4.187927472373614,4.087221957071548,4.121531009674072,764532000
2017-08-16T00:00:00.000,4.136586540667119,4.160035007923356,4.044026132485258,4.07636022567749,596632000
2017-08-17T00:00:00.000,4.067970310992207,4.0850010233425165,3.9833082506558286,3.9855294227600098,525444000
2017-08-18T00:00:00.000,4.039831835187839,4.056863018241531,3.940359999699119,3.986269950866699,601204000
2017-08-21T00:00:00.000,4.0107052521167,4.022059214711739,3.8843293916788144,3.928264617919922,623672000
2017-08-22T00:00:00.000,3.9648277876467257,4.021648062326939,3.9455582478750277,4.015718936920166,450456000
2017-08-23T00:00:00.000,3.9823677653758303,4.107125350653623,3.9737207521851414,4.09600830078125,579520000
2017-08-24T00:00:00.000,4.128123955977943,4.132571152882596,4.054504894440306,4.080938339233398,469700000
2017-08-25T00:00:00.000,4.105148571635797,4.115277511210586,4.040422499075723,4.04684591293335,357200000
2017-08-28T00:00:00.000,4.065870125910038,4.078716488184667,4.01028485922161,4.075504779815674,389496000
2017-08-29T00:00:00.000,4.016707658373834,4.090574112295337,4.00855493395242,4.068833827972412,324096000
2017-08-30T00:00:00.000,4.088597083762428,4.104161331711971,4.0582107298063805,4.093044281005859,384400000
2017-08-31T00:00:00.000,4.113301215339644,4.1898850717498455,4.105890163197444,4.185932636260986,612684000
2017-09-01T00:00:00.000,4.198532594072303,4.246706323647156,4.189885580188464,4.211131572723389,445432000
2017-09-05T00:00:00.000,4.159747332693738,4.164688350277597,4.040671918851776,4.098727226257324,695364000
2017-09-06T00:00:00.000,4.131582179969483,4.145416644243239,4.061421278694488,4.096254348754883,397672000
2017-09-07T00:00:00.000,4.11305559863064,4.14764177603428,4.075010803486636,4.115279197692871,352868000
2017-09-08T00:00:00.000,4.103667446012936,4.118490024681361,4.019672048223057,4.043882369995117,498856000
2017-09-11T00:00:00.000,4.089585812737442,4.185686365439459,4.084150506309246,4.175063133239746,567444000
2017-09-12T00:00:00.000,4.199768702637485,4.199768702637485,4.124914126040575,4.190134048461914,411488000
2017-09-13T00:00:00.000,4.164933700701559,4.237812033577525,4.132571131404988,4.2089080810546875,580960000
2017-09-14T00:00:00.000,4.169874673196361,4.263010886896249,4.145417446607477,4.1849446296691895,513712000
2017-09-15T00:00:00.000,4.270422754028136,4.449530601501465,4.26523482793146,4.449530601501465,1364792000
2017-09-18T00:00:00.000,4.5737940842629525,4.723503673862385,4.566876849929093,4.633331775665283,1684460000
2017-09-19T00:00:00.000,4.582933063626082,4.690150623635749,4.560945879843067,4.628389358520508,874280000
2017-09-20T00:00:00.000,4.632098373221662,4.679530921087833,4.550820370241582,4.591088771820068,724920000
2017-09-21T00:00:00.000,4.487327903465913,4.51351491123708,4.387768740209876,4.465588092803955,1075600000
2017-09-22T00:00:00.000,4.454224307343019,4.503880436195197,4.4122266122104,4.422108173370361,491232000
2017-09-25T00:00:00.000,4.391227329193932,4.392462818783473,4.203720344325838,4.2244720458984375,874580000
2017-09-26T00:00:00.000,4.359111610909414,4.414202571612205,4.20841392463787,4.248188018798828,1125620000
2017-09-27T00:00:00.000,4.338606435399583,4.354664500025269,4.267704324354901,4.3413238525390625,713720000
2017-09-28T00:00:00.000,4.348488960669431,4.3524418681507795,4.292656793002539,4.340089797973633,435244000
2017-09-29T00:00:00.000,4.4240841374203335,4.4401417305734565,4.378874742060384,4.416425704956055,619092000
2017-10-02T00:00:00.000,4.46657637659328,4.495727712377084,4.37269942516808,4.422108173370361,503480000
2017-10-03T00:00:00.000,4.428283866895473,4.461141197884425,4.387027374487955,4.431248664855957,390332000
2017-10-04T00:00:00.000,4.437423523489427,4.4905382512658765,4.40086067593692,4.46830415725708,427848000
2017-10-05T00:00:00.000,4.492763302297276,4.496221919319482,4.435942559673739,4.465835094451904,437364000
2017-10-06T00:00:00.000,4.4381663593988145,4.492269215784202,4.42210829198177,4.478928565979004,318800000
2017-10-09T00:00:00.000,4.51573761788218,4.61307364471653,4.4969621358410246,4.57996940612793,563492000
2017-10-10T00:00:00.000,4.729185009887465,4.766735976570185,4.626167232144283,4.667423725128174,974876000
2017-10-11T00:00:00.000,4.683976820509651,4.718563469330356,4.638026680415527,4.717081069946289,529508000
2017-10-12T00:00:00.000,4.720540057234663,4.770196199676065,4.692129913223167,4.719305038452148,528292000
2017-10-13T00:00:00.000,4.781559209630894,4.817380872798987,4.734620966032641,4.807251930236816,628728000
2017-10-16T00:00:00.000,4.837144327544128,4.892729584089704,4.7739006369322174,4.889764785766602,576640000
2017-10-17T00:00:00.000,4.869011400376769,4.913726499626851,4.850730211437241,4.885316371917725,478596000
2017-10-18T00:00:00.000,4.894210125850674,4.8949508539490765,4.775875513723266,4.8811163902282715,567316000
2017-10-19T00:00:00.000,4.803546475660418,4.8914943097638695,4.7543846325160946,4.886553764343262,570772000
2017-10-20T00:00:00.000,4.903597680129109,4.930772316612992,4.855423497087323,4.864317417144775,451620000
2017-10-23T00:00:00.000,4.886057453722291,4.912491363397052,4.837142540275931,4.857400417327881,428696000
2017-10-24T00:00:00.000,4.866542933403154,4.910023032809122,4.84060330216719,4.908293724060059,407244000
2017-10-25T00:00:00.000,4.868766169575823,4.92163400842384,4.7227625746952215,4.784276485443115,828160000
2017-10-26T00:00:00.000,4.811945867944246,4.846037750039556,4.787982456853327,4.8344268798828125,322744000
2017-10-27T00:00:00.000,4.886553702006832,4.987100985853059,4.860613600673474,4.986854076385498,572192000
2017-10-30T00:00:00.000,4.986853108517952,5.0913528083685415,4.971041952838556,5.035768032073975,504056000
2017-10-31T00:00:00.000,5.06763604829377,5.135820263140484,5.06195383405608,5.109139442443848,411908000
2017-11-01T00:00:00.000,5.171890112987664,5.187206980228522,5.054543571824135,5.118775367736816,502576000
2017-11-02T00:00:00.000,5.089128406086623,5.133843502299304,5.031072665337044,5.087646007537842,342308000
2017-11-03T00:00:00.000,5.118774572022327,5.155584335327148,5.0728244486439396,5.155584335327148,353640000
2017-11-06T00:00:00.000,5.118773866368574,5.18745236816191,5.106421800901132,5.178805828094482,389944000
2017-11-07T00:00:00.000,5.201535756027736,5.259591517591013,5.189430596341997,5.23809814453125,427700000
2017-11-08T00:00:00.000,5.233651677477794,5.237357675361781,5.119764218537139,5.167196750640869,522988000
2017-11-09T00:00:00.000,5.07109688670313,5.09728342890617,4.950044796184129,5.07233190536499,978564000
2017-11-10T00:00:00.000,5.264036775941183,5.402134981315086,5.228215125764148,5.339632511138916,1253256000
2017-11-13T00:00:00.000,5.3396329405273395,5.365078273283198,5.237603286503175,5.252920150756836,582376000
2017-11-14T00:00:00.000,5.2620612250663426,5.306529425080058,5.21833422454635,5.291212558746338,529292000
2017-11-15T00:00:00.000,5.236121283370766,5.237356772852946,5.133597802805067,5.187453269958496,501948000
2017-11-16T00:00:00.000,5.261566649500042,5.291706087770025,5.218827764051205,5.227721214294434,441768000
2017-11-17T00:00:00.000,5.284789376587814,5.320116742852594,5.206476211237084,5.221545696258545,515664000
2017-11-20T00:00:00.000,5.237110672114243,5.300848657098281,5.200300898488982,5.288743495941162,396100000
2017-11-21T00:00:00.000,5.3285160457363245,5.349020835131776,5.296647298122055,5.337409496307373,399176000
2017-11-22T00:00:00.000,5.364604845726202,5.364604845726202,5.2807981754865265,5.3134307861328125,356640000
2017-11-24T00:00:00.000,5.3297470260673565,5.364604779909946,5.305272332618595,5.3636155128479,180752000
2017-11-27T00:00:00.000,5.372269031910659,5.373504908559656,5.290687027216757,5.293900966644287,422896000
2017-11-28T00:00:00.000,5.299092009792155,5.308486274657715,5.148042528939202,5.209105014801025,512752000
2017-11-29T00:00:00.000,5.191799013287495,5.194518318416205,4.727525876354188,4.855831623077393,1396788000
2017-11-30T00:00:00.000,4.924557859108737,5.010589185635246,4.8615177930239115,4.961887359619141,823768000
2017-12-01T00:00:00.000,4.927279293328302,4.9475512573968015,4.758182953299996,4.8869829177856445,811548000
2017-12-04T00:00:00.000,4.945571155245545,4.951751951567013,4.561149483395183,4.614548206329346,1240844000
2017-12-05T00:00:00.000,4.509234820689028,4.763868319583574,4.464241554801996,4.64124870300293,981488000
2017-12-06T00:00:00.000,4.590815505787302,4.70057981590424,4.569554753420891,4.6788249015808105,467032000
2017-12-07T00:00:00.000,4.745573287943774,4.786117203623634,4.700085394827374,4.746315002441406,542600000
2017-12-08T00:00:00.000,4.796252306999405,4.815288386758836,4.725548484562322,4.733953952789307,466876000
2017-12-11T00:00:00.000,4.748045715036106,4.815288997857122,4.7322240435068235,4.81232213973999,372748000
2017-12-12T00:00:00.000,4.768811991788607,4.792050335544757,4.694399592654997,4.7178850173950195,455016000
2017-12-13T00:00:00.000,4.758923607347626,4.760159483928878,4.595265916411167,4.602682590484619,554280000
2017-12-14T00:00:00.000,4.596254361321391,4.680802741805193,4.563621752333666,4.609851360321045,438164000
2017-12-15T00:00:00.000,4.653855331502743,4.755955871800192,4.588837207998327,4.735683917999268,670036000
2017-12-18T00:00:00.000,4.776227638262321,4.895386201110876,4.746561891674161,4.892419815063477,477704000
2017-12-19T00:00:00.000,4.883025644275852,4.888217173603362,4.819738025449358,4.848167896270752,373100000
2017-12-20T00:00:00.000,4.887475816521041,4.896622527988584,4.809602399386484,4.8652262687683105,288820000
2017-12-21T00:00:00.000,4.8686857784540205,4.893654623804646,4.834322672043201,4.842728137969971,300904000
2017-12-22T00:00:00.000,4.805894281653527,4.836796378809041,4.728020864793629,4.827402114868164,466276000
2017-12-26T00:00:00.000,4.772023736502617,4.888710046656889,4.742110444751588,4.881046295166016,355080000
2017-12-27T00:00:00.000,4.8676984720629015,4.943593826460121,4.853112678444961,4.874372959136963,329488000
2017-12-28T00:00:00.000,4.898106056099769,4.9290081539900426,4.873878916976199,4.880059242248535,240248000
2017-12-29T00:00:00.000,4.906263778853108,4.906263778853108,4.783644199371338,4.783644199371338,279964000
2018-01-02T00:00:00.000,4.84001004539694,4.931975097719363,4.808366704007385,4.928266525268555,355616000
2018-01-03T00:00:00.000,5.045694552012825,5.283022911178578,5.037042002246591,5.252614974975586,914704000
2018-01-04T00:00:00.000,5.333948798451929,5.390561458402305,5.2580529787285135,5.28030252456665,583268000
2018-01-05T00:00:00.000,5.295135151461175,5.362377941770757,5.218250546808225,5.325048446655273,580124000
2018-01-08T00:00:00.000,5.448657465829834,5.562376945946601,5.40366374138329,5.4882121086120605,881216000
2018-01-09T00:00:00.000,5.493652139424891,5.533206792436085,5.4051485679476965,5.486730098724365,497000000
2018-01-10T00:00:00.000,5.394269754440875,5.533205644723922,5.339882235713851,5.529744625091553,582664000
2018-01-11T00:00:00.000,5.562378418020869,5.593775153908517,5.51812639625044,5.539634704589844,406032000
2018-01-12T00:00:00.000,5.5277681920478,5.5621313146029365,5.471897232768536,5.5124406814575195,359916000
2018-01-16T00:00:00.000,5.538893378827407,5.624430098509603,5.356941772491859,5.4414896965026855,702348000
2018-01-17T00:00:00.000,5.456073962053945,5.565343633291384,5.362131798241989,5.555455207824707,538408000
2018-01-18T00:00:00.000,5.536171842013377,5.602920479670502,5.505022666384803,5.548532962799072,408632000
2018-01-19T00:00:00.000,5.638766790715722,5.7129316262650836,5.611820350109823,5.688704490661621,609380000
2018-01-22T00:00:00.000,5.696615141601372,5.778938361040246,5.639013690393766,5.777207851409912,550944000
2018-01-23T00:00:00.000,5.830607924745259,5.929000387141968,5.812066947907038,5.906256675720215,475228000
2018-01-24T00:00:00.000,5.909470505948162,5.945317056842168,5.773748529020101,5.829372406005859,579972000
2018-01-25T00:00:00.000,5.883757545592426,5.927020753025705,5.828134162722928,5.8429670333862305,409884000
2018-01-26T00:00:00.000,5.886726367645368,6.015773375702054,5.87387108303846,6.015526294708252,516356000
2018-01-29T00:00:00.000,6.000941227584917,6.133696824285735,5.948284206276021,6.1025471687316895,455116000
2018-01-30T00:00:00.000,5.9606450599311005,6.091917231860147,5.893896402029141,6.000446796417236,570832000
2018-01-31T00:00:00.000,6.075845009068499,6.162370952022117,6.043212410837164,6.076586723327637,478576000
2018-02-01T00:00:00.000,5.896614878578263,6.1037828642728975,5.885243022828691,5.945563793182373,519224000
2018-02-02T00:00:00.000,5.859037766125038,5.883017823518851,5.714910340786968,5.773005962371826,718464000
2018-02-05T00:00:00.000,5.611821184350919,5.765837040825689,5.0679440710422625,5.283022880554199,1165204000
2018-02-06T00:00:00.000,5.053110396274145,5.57968185528126,5.0432215001474106,5.576715469360352,1114800000
2018-02-07T00:00:00.000,5.675603736386634,5.808853491506038,5.604405266604319,5.656320571899414,802932000
2018-02-08T00:00:00.000,5.781906606178712,5.815033378045082,5.377212450372198,5.37746000289917,1144000000
2018-02-09T00:00:00.000,5.889940107602543,5.905761778186153,5.377459722190224,5.737407207489014,1674604000
2018-02-12T00:00:00.000,5.818493150673497,5.821460008132088,5.563118490129852,5.6372833251953125,1093172000
2018-02-13T00:00:00.000,5.600941685464842,5.79723190330161,5.568556168952201,5.751002311706543,625524000
2018-02-14T00:00:00.000,5.71070765807039,5.997232001447178,5.699582884214901,5.9683074951171875,744988000
2018-02-15T00:00:00.000,6.05161957557638,6.140123133709007,5.970779771567889,6.093893527984619,698900000
2018-02-16T00:00:00.000,6.066698279303411,6.18041773937424,6.018985258199606,6.028132438659668,637656000
2018-02-20T00:00:00.000,6.050629332964406,6.226647611683429,6.046920761514834,6.157674312591553,686240000
2018-02-21T00:00:00.000,6.2221999892027835,6.229122029642264,5.966824792907269,5.9705328941345215,892292000
2018-02-22T00:00:00.000,6.004423214233998,6.076160400628997,5.924522568824073,5.990075588226318,534364000
2018-02-23T00:00:00.000,6.049937723791968,6.083580017089844,5.9992268134324815,6.083580017089844,415300000
2018-02-26T00:00:00.000,6.12983904616464,6.134291626814092,6.037322375181566,6.0996599197387695,469312000
2018-02-27T00:00:00.000,6.072943129896629,6.157296809960237,6.063790734613667,6.086796283721924,455436000
2018-02-28T00:00:00.000,6.0976802850482965,6.1372595114285735,5.9747372600246305,5.986363887786865,523116000
2018-03-01T00:00:00.000,5.984137927134577,6.038064781515423,5.643014183931714,5.7441887855529785,1040120000
2018-03-02T00:00:00.000,5.636582230098282,5.8577316352340345,5.487912648839647,5.85129976272583,913428000
2018-03-05T00:00:00.000,5.8010819853236235,5.868861501045417,5.6776440478822865,5.829282283782959,620776000
2018-03-06T00:00:00.000,5.914626823388165,6.0096172590815,5.871584422286672,5.990322113037109,636808000
2018-03-07T00:00:00.000,5.887415707205071,6.034601406569254,5.886179062727608,5.982406139373779,581208000
2018-03-08T00:00:00.000,6.009865247625797,6.009865247625797,5.92180114258654,5.966080665588379,411912000
2018-03-09T00:00:00.000,6.013574493359089,6.08160126127383,5.997495756531961,6.0687384605407715,505524000
2018-03-12T00:00:00.000,6.110049266529086,6.258471133876668,6.1018858090413,6.178323268890381,605060000
2018-03-13T00:00:00.000,6.221118672796109,6.2955773156907275,6.086301776351757,6.127612590789795,619772000
2018-03-14T00:00:00.000,6.170654995786817,6.197865892724463,6.090754362170753,6.153091907501221,505496000
2018-03-15T00:00:00.000,6.166697296412059,6.249071218207225,6.125880951399796,6.167933940887451,401952000
2018-03-16T00:00:00.000,6.184260227745709,6.215181528884437,6.146659819872974,6.196134090423584,399456000
2018-03-19T00:00:00.000,6.139239063752758,6.1681810734862195,5.862678936377799,5.961627006530762,713772000
2018-03-20T00:00:00.000,5.964595497157013,6.212708094702211,5.964595497157013,6.173871040344238,554696000
2018-03-21T00:00:00.000,6.167439412804749,6.23373507357065,6.1182128440574095,6.148639678955078,438688000
2018-03-22T00:00:00.000,6.085313056093939,6.131818631924185,5.945301387659612,5.982654094696045,551196000
2018-03-23T00:00:00.000,5.996258584660206,5.998732345338732,5.75185688020973,5.762988567352295,735620000
2018-03-26T00:00:00.000,5.887415179892159,6.04894801674219,5.835467623702217,6.047711372375488,611424000
2018-03-27T00:00:00.000,6.128602015284877,6.184260453732798,5.438438793995544,5.578697681427002,1409000000
2018-03-28T00:00:00.000,5.544313883932259,5.674430509483498,5.367938916608579,5.4755449295043945,945904000
2018-03-29T00:00:00.000,5.543817983300484,5.8255728600296095,5.459464773174981,5.728851318359375,916628000
2018-04-02T00:00:00.000,5.6583515525170665,5.804547383696589,5.380307043444752,5.468123435974121,922092000
2018-04-03T00:00:00.000,5.635096969809703,5.698176203998765,5.475542974396494,5.574491024017334,667432000
2018-04-04T00:00:00.000,5.31871215661194,5.606898970722217,5.293727781521761,5.5965094566345215,789168000
2018-04-05T00:00:00.000,5.65488837491038,5.6679988835895365,5.404796940860994,5.476286888122559,701240000
2018-04-06T00:00:00.000,5.373626522925142,5.481727444188991,5.270720356862263,5.299910068511963,662988000
2018-04-09T00:00:00.000,5.362990600818526,5.49088115272903,5.30856880828203,5.328606128692627,499524000
2018-04-10T00:00:00.000,5.558906655895963,5.664781043430106,5.501763881107542,5.637817859649658,761676000
2018-04-11T00:00:00.000,5.622978182829147,5.664289004603093,5.563856563266988,5.5965094566345215,460244000
2018-04-12T00:00:00.000,5.68951974894543,5.821120712529302,5.645240231697108,5.803309917449951,593920000
2018-04-13T00:00:00.000,5.866883850157043,5.875294542336591,5.678387810631916,5.726624965667725,503036000
2018-04-16T00:00:00.000,5.733302873426012,5.759771588892202,5.632128297546279,5.726376533508301,350792000
2018-04-17T00:00:00.000,5.778572925198813,5.89731060869209,5.722914488617086,5.876036643981934,447224000
2018-04-18T00:00:00.000,5.825573810300587,5.918337727482581,5.758041973008824,5.847095012664795,391364000
2018-04-19T00:00:00.000,5.732808357753259,5.766203415613488,5.610360284087309,5.665771007537842,471996000
2018-04-20T00:00:00.000,5.6571130914142636,5.741466292848368,5.6264395002337615,5.6576080322265625,386200000
2018-04-23T00:00:00.000,5.675419505711618,5.726624889874579,5.512155073064359,5.538128852844238,427508000
2018-04-24T00:00:00.000,5.563853980174872,5.659833323637972,5.406526518974612,5.471832275390625,414596000
2018-04-25T00:00:00.000,5.44215018561127,5.481234952786049,5.202201006374227,5.359528541564941,588492000
2018-04-26T00:00:00.000,5.521308393485615,5.579440600481532,5.455260433967374,5.571277141571045,375824000
2018-04-27T00:00:00.000,5.677151614921187,5.696941230649428,5.5564346287037605,5.5987348556518555,400848000
2018-04-30T00:00:00.000,5.615061018278359,5.664782525559266,5.544066017229242,5.563360691070557,327844000
2018-05-01T00:00:00.000,5.555197837942924,5.621493025296712,5.4965706959447616,5.618772029876709,253788000
2018-05-02T00:00:00.000,5.615308039139775,5.6598343129891235,5.5720179378167884,5.598239421844482,268248000
2018-05-03T00:00:00.000,5.630150507860985,5.789704533270901,5.584881583817898,5.763483047485352,443144000
2018-05-04T00:00:00.000,5.734788457312451,5.916853097428764,5.717472603794044,5.913637161254883,400660000
2018-05-07T00:00:00.000,6.0182740356452396,6.2087493396978095,6.008378994063602,6.151606559753418,687616000
2018-05-08T00:00:00.000,6.151853574659141,6.196875257334085,6.102874252950048,6.194154262542725,506616000
2018-05-09T00:00:00.000,6.214193410921618,6.32946794739396,6.186982509279361,6.32724142074585,596760000
2018-05-10T00:00:00.000,6.38017784896529,6.443999274107782,6.362367054104024,6.434846878051758,994080000
2018-05-11T00:00:00.000,6.25302984716598,6.426436575539366,6.1976191111087475,6.296319484710693,1214456000
2018-05-14T00:00:00.000,6.3344147000781295,6.394278487687708,6.293103883483099,6.3168511390686035,523140000
2018-05-15T00:00:00.000,6.253275810922347,6.255997277719239,5.973994717322679,6.074427127838135,963528000
2018-05-16T00:00:00.000,6.035837863261541,6.147649204681876,5.998979630934426,6.085559368133545,553828000
2018-05-17T00:00:00.000,6.087291186305119,6.221365907329043,6.07121197705351,6.127612590789795,519784000
2018-05-18T00:00:00.000,6.179559611319847,6.242886084353783,6.078879497959994,6.083827018737793,483716000
2018-05-21T00:00:00.000,6.181291926883611,6.185002331994662,5.949010847406737,6.041774749755859,640624000
2018-05-22T00:00:00.000,6.055133802958922,6.080365410492757,5.943074740481439,6.00368070602417,518264000
2018-05-23T00:00:00.000,5.947491525217017,6.1284313321656025,5.946748890896969,6.127193450927734,442956000
2018-05-24T00:00:00.000,6.123481658641981,6.173233916435809,6.070264088250113,6.13090705871582,437372000
2018-05-25T00:00:00.000,6.14352986232995,6.186598875093425,6.1078867204997245,6.170262336730957,292112000
2018-05-29T00:00:00.000,6.152192961725743,6.221252284671248,6.106401272598585,6.1531829833984375,352684000
2018-05-30T00:00:00.000,6.1868471729315395,6.2707573014894,6.16209474018039,6.262094020843506,390996000
2018-05-31T00:00:00.000,6.230163810813742,6.316797092649026,6.2195204862231686,6.242292404174805,493868000
2018-06-01T00:00:00.000,6.287095131674975,6.382886957500765,6.2784318492506115,6.3766984939575195,421968000
2018-06-04T00:00:00.000,6.410855486269727,6.577686192519927,6.378677654405407,6.555656909942627,642024000
2018-06-05T00:00:00.000,6.558874487191297,6.598726050744188,6.514072814720706,6.561102390289307,391712000
2018-06-06T00:00:00.000,6.471004526033939,6.566301097087873,6.454667984485077,6.563083171844482,371356000
2018-06-07T00:00:00.000,6.559370667837532,6.571251875158037,6.417044511671145,6.507390975952148,369448000
2018-06-08T00:00:00.000,6.434618455654922,6.534617744275314,6.415806624151664,6.492043972015381,360456000
2018-06-11T00:00:00.000,6.4794190905362585,6.521002834266948,6.438082734200153,6.450953960418701,265372000
2018-06-12T00:00:00.000,6.477440471285103,6.511598351668126,6.4271929644497385,6.499469757080078,319160000
2018-06-13T00:00:00.000,6.500953839484804,6.575953296705752,6.485854709811067,6.495013236999512,338208000
2018-06-14T00:00:00.000,6.540063915400962,6.6633303763700225,6.52521217052203,6.606647491455078,430016000
2018-06-15T00:00:00.000,6.5494684190134045,6.620755179009608,6.518527996462253,6.565804958343506,432260000
2018-06-18T00:00:00.000,6.521747681232239,6.579173207852934,6.494520423076756,6.561599254608154,356268000
2018-06-19T00:00:00.000,6.458380447015526,6.525707126637198,6.312342072456827,6.439816474914551,594932000
2018-06-20T00:00:00.000,6.480904725435145,6.545755634982468,6.442538432005595,6.492785930633545,369780000
2018-06-21T00:00:00.000,6.524716957917615,6.543033542170059,6.356400970822104,6.364074230194092,359516000
2018-06-22T00:00:00.000,6.384864932880551,6.398231405498228,6.196252352488131,6.2115983963012695,434160000
2018-06-25T00:00:00.000,6.105163071624354,6.108875770443712,5.830164640915428,5.918777942657471,665816000
2018-06-26T00:00:00.000,6.032145909377519,6.080412900389275,5.938334133525744,5.989819049835205,478884000
2018-06-27T00:00:00.000,6.03338159930516,6.099717769610208,5.829174648637196,5.834620475769043,453892000
2018-06-28T00:00:00.000,5.824720560383284,5.973729942128947,5.817047300973255,5.961848735809326,338012000
2018-06-29T00:00:00.000,6.026948615477423,6.039571986406046,5.862592684793008,5.86383056640625,392300000
2018-07-02T00:00:00.000,5.794275726817951,5.999720142627472,5.773731238025654,5.996007442474365,357572000
2018-07-03T00:00:00.000,6.030659763591027,6.036600366310155,5.8539278949520925,5.862343788146973,222732000
2018-07-05T00:00:00.000,5.91754194974374,6.01308590489407,5.878680877080173,6.008135795593262,306216000
2018-07-06T00:00:00.000,5.983629881731467,6.130411341829184,5.962342762423046,6.121995449066162,296352000
2018-07-09T00:00:00.000,6.196253327554949,6.205906630346058,6.090808214898528,6.169520378112793,303880000
2018-07-10T00:00:00.000,6.181896613099179,6.290559174779788,6.141550275047445,6.268529891967773,360016000
2018-07-11T00:00:00.000,6.175709161682702,6.2103622874078965,6.116303128848898,6.126946926116943,367508000
2018-07-12T00:00:00.000,6.172243233110901,6.266549297581639,6.162342071255608,6.21852970123291,345508000
2018-07-13T00:00:00.000,6.237094613728223,6.237094613728223,6.12917420751609,6.171253204345703,246988000
2018-07-16T00:00:00.000,6.143529891967773,6.196500066231124,6.131153912466004,6.143529891967773,197036000
2018-07-17T00:00:00.000,6.094273554163843,6.294519983644975,6.068778485957057,6.279420852661133,362136000
2018-07-18T00:00:00.000,6.2719942207563815,6.285855467663699,6.179172966262045,6.230162620544434,277640000
2018-07-19T00:00:00.000,6.2113509806798115,6.27199440984088,6.196252324320576,6.238330841064453,235752000
2018-07-20T00:00:00.000,6.235856934177022,6.274718004265432,6.199223295098016,6.210114479064941,222352000
2018-07-23T00:00:00.000,6.183630015005092,6.185362671349162,6.021749396330359,6.173481464385986,301584000
2018-07-24T00:00:00.000,6.221501277802293,6.308134570052797,6.138580685810959,6.156155109405518,354620000
2018-07-25T00:00:00.000,6.165559718689685,6.246995024466289,6.107638963091439,6.234371185302734,319112000
2018-07-26T00:00:00.000,6.214323156377854,6.344767631329682,6.19749136755132,6.307886600494385,325124000
2018-07-27T00:00:00.000,6.344518478258682,6.351449101820067,6.184123170484769,6.238083362579346,295420000
2018-07-30T00:00:00.000,6.252193458258903,6.258134061124621,6.007887522732283,6.042788505554199,340340000
2018-07-31T00:00:00.000,6.032392639489017,6.135609848310092,5.9935315690420055,6.060857772827148,283988000
2018-08-01T00:00:00.000,6.092293539965737,6.147491151329469,6.036848069062112,6.100708961486816,283556000
2018-08-02T00:00:00.000,6.02942240058528,6.207391693703628,5.970512087383964,6.203431606292725,269668000
2018-08-03T00:00:00.000,6.2279350755567755,6.263826075996751,6.2111037628224945,6.240063667297363,214288000
2018-08-06T00:00:00.000,6.227441918340896,6.2913028181665664,6.180907582645178,6.287837505340576,207508000
2018-08-07T00:00:00.000,6.336598592891304,6.378677586179732,6.30986611707568,6.360113143920898,258132000
2018-08-08T00:00:00.000,6.361350310444161,6.441547728880135,6.326449332879807,6.396498203277588,262100000
2018-08-09T00:00:00.000,6.414319526507197,6.417042203848659,6.340310102993702,6.347983360290527,204280000
2018-08-10T00:00:00.000,6.2660554769301156,6.339074904335208,6.254916904203459,6.306649208068848,256396000
2018-08-13T00:00:00.000,6.3153114297514374,6.460360238297473,6.313578773665132,6.339568614959717,375208000
2018-08-14T00:00:00.000,6.445013691234827,6.4851126405569905,6.361845727361963,6.471003532409668,466220000
2018-08-15T00:00:00.000,6.491795622740591,6.525706583220519,6.334123442219875,6.412836074829102,591136000
2018-08-16T00:00:00.000,6.482639120853932,6.48511441194385,6.312095200032592,6.372243404388428,801260000
2018-08-17T00:00:00.000,6.260855938824325,6.261598573101792,6.032886572288912,6.059866905212402,1143188000
2018-08-20T00:00:00.000,6.019273912852223,6.267292074334021,5.9088782218015945,6.13461971282959,854388000
2018-08-21T00:00:00.000,6.150955889179859,6.27471757519107,6.1311540383026,6.270262241363525,673988000
2018-08-22T00:00:00.000,6.237590154168091,6.5103607759306446,6.234124841517208,6.505410194396973,749856000
2018-08-23T00:00:00.000,6.466795996060694,6.670260348690982,6.452934746554991,6.60491418838501,720684000
2018-08-24T00:00:00.000,6.613330211949979,6.752685816243328,6.6088748776803055,6.738081932067871,531512000
2018-08-27T00:00:00.000,6.767783683108289,6.903426571652201,6.736348487358723,6.829169750213623,505776000
2018-08-28T00:00:00.000,6.823229880257018,6.846002270466962,6.6714978243394505,6.791546821594238,475384000
2018-08-29T00:00:00.000,6.783869185933791,6.922062921635552,6.763065939614986,6.897049427032471,420108000
2018-08-30T00:00:00.000,6.865844143444432,6.9770432588958675,6.843307293074484,6.880208492279053,346608000
2018-08-31T00:00:00.000,6.86014788410666,6.964164582855906,6.85024130690597,6.951286315917969,306592000
2018-09-04T00:00:00.000,6.938159488824182,7.063722463149921,6.909678790249156,7.026078701019287,391720000
2018-09-05T00:00:00.000,7.0084968624158135,7.043911986598432,6.814332250165113,6.8953166007995605,393156000
2018-09-06T00:00:00.000,6.878968892562481,6.881445536632969,6.72121049148199,6.754148960113525,322796000
2018-09-07T00:00:00.000,6.662022214193393,6.858415950928032,6.617196027896049,6.732852935791016,295420000
2018-09-10T00:00:00.000,6.755389841594911,6.833650026125049,6.711554218451937,6.803930759429932,220140000
2018-09-11T00:00:00.000,6.757618688628142,6.845289937473325,6.736815437520146,6.756133079528809,243112000
2018-09-12T00:00:00.000,6.71625850043632,6.735823661711661,6.4866787940881485,6.642208576202393,419092000
2018-09-13T00:00:00.000,6.7080868114960595,6.81061745190911,6.690750769925217,6.719974517822266,305536000
2018-09-14T00:00:00.000,6.810368075228793,6.912155647241551,6.773466880056739,6.8460307121276855,386936000
2018-09-17T00:00:00.000,6.820523857411709,6.869560290478322,6.7648005306606285,6.784117698669434,205528000
2018-09-18T00:00:00.000,6.788080057030872,6.890858212028519,6.7053621096281,6.712048530578613,299520000
2018-09-19T00:00:00.000,6.693474096148274,6.753655188534426,6.643447104654831,6.735823631286621,224860000
2018-09-20T00:00:00.000,6.613727540408757,6.656077073612248,6.540668183187939,6.594657897949219,430584000
2018-09-21T00:00:00.000,6.6065453568288355,6.652114573328554,6.4913839934133115,6.524569988250732,435128000
2018-09-24T00:00:00.000,6.493612047515782,6.583759908994545,6.406436347912217,6.580292701721191,293912000
2018-09-25T00:00:00.000,6.646418875734119,6.672422935138691,6.560728768700022,6.647409439086914,280388000
2018-09-26T00:00:00.000,6.652361493811316,6.692729895269795,6.59465705596666,6.610507011413574,268548000
2018-09-27T00:00:00.000,6.645675406030237,6.666974170040904,6.5909431234419324,6.6223955154418945,214428000
2018-09-28T00:00:00.000,6.754398937641678,6.981997067773898,6.726413276565585,6.959707736968994,709396000
2018-10-01T00:00:00.000,7.037471843994025,7.233122030691367,6.998837041067355,7.16625452041626,622060000
2018-10-02T00:00:00.000,7.138763876045599,7.2504575562459115,7.07263893864645,7.09492826461792,383964000
2018-10-03T00:00:00.000,7.165263818045466,7.172693751697925,6.997103762678176,7.101120471954346,320552000
2018-10-04T00:00:00.000,7.064963311002334,7.089233769712706,6.8398413438697565,6.916863441467285,391220000
2018-10-05T00:00:00.000,6.892096013348278,6.954258228447809,6.625862647195452,6.683319568634033,426636000
2018-10-08T00:00:00.000,6.600106037095058,6.715514924106728,6.441109059770754,6.582026958465576,408612000
2018-10-09T00:00:00.000,6.56147174817955,6.656077396879092,6.508473066511357,6.576331615447998,273500000
2018-10-10T00:00:00.000,6.470333754612757,6.516150973299993,6.082500072685271,6.084729194641113,684940000
2018-10-11T00:00:00.000,5.9975521192102565,6.1310405572503575,5.801654416415952,5.823200702667236,725436000
2018-10-12T00:00:00.000,6.080270631244149,6.180077085676831,5.935142481918509,6.10577917098999,608236000
2018-10-15T00:00:00.000,6.092408120896867,6.092408120896867,5.8284037768641985,5.829394340515137,449760000
2018-10-16T00:00:00.000,5.942077548983793,6.099340942425173,5.8927935955533615,6.088196277618408,408712000
2018-10-17T00:00:00.000,6.150358484141825,6.188498245039542,5.970558238792122,6.019594669342041,329668000
2018-10-18T00:00:00.000,6.088938723706652,6.127325531337077,5.871741778746061,5.932170391082764,524020000
2018-10-19T00:00:00.000,5.98739933813214,6.006964028245726,5.639191028881573,5.675596714019775,613608000
2018-10-22T00:00:00.000,5.727853078124818,5.8279070720717225,5.623588835239947,5.726366996765137,368844000
2018-10-23T00:00:00.000,5.459143316885474,5.552263371734845,5.367014297910738,5.474746227264404,626436000
2018-10-24T00:00:00.000,5.436358037810588,5.4829178213294165,4.924694992215334,4.938563823699951,884288000
2018-10-25T00:00:00.000,4.840986949323859,5.194643603184509,4.796655810976235,5.147340774536133,951720000
2018-10-26T00:00:00.000,4.91131982103969,5.073040931663813,4.782785170945121,4.910824775695801,664784000
2018-10-29T00:00:00.000,5.051991210550828,5.055458418159861,4.359041899960511,4.597042083740234,758016000
2018-10-30T00:00:00.000,4.620074644621499,5.037379550666025,4.597042276379911,5.027472972869873,807192000
2018-10-31T00:00:00.000,5.192166502945224,5.264978341200831,5.052486678885793,5.221390247344971,745772000
2018-11-01T00:00:00.000,5.257795185700031,5.411096296902786,5.131241642928247,5.4016852378845215,566528000
2018-11-02T00:00:00.000,5.392273562289256,5.4980238485197255,5.206034002003842,5.322681427001953,452960000
2018-11-05T00:00:00.000,5.309556298200146,5.332836661520804,5.083939326943902,5.2446699142456055,379332000
2018-11-06T00:00:00.000,5.236744171634127,5.320948181039368,5.189936401458456,5.227085590362549,299012000
2018-11-07T00:00:00.000,5.293705291079213,5.3843481924585275,5.230057005780673,5.294695854187012,483812000
2018-11-08T00:00:00.000,5.2355064165961185,5.236249457172779,5.048028729178163,5.101523399353027,511352000
2018-11-09T00:00:00.000,5.01261261409416,5.183992314597229,4.978931106336674,5.093596935272217,413240000
2018-11-12T00:00:00.000,5.00221260489748,5.024254412696242,4.672330890442872,4.694125175476074,617116000
2018-11-13T00:00:00.000,4.791950474039039,5.0574403667505115,4.785758625983644,4.936087608337402,644712000
2018-11-14T00:00:00.000,5.1091985294412625,5.123562873178024,4.775602718593916,4.883581638336182,526580000
2018-11-15T00:00:00.000,4.8776392950916305,5.084434609245321,4.841728660841647,5.012365818023682,840708000
2018-11-16T00:00:00.000,4.044762142251206,4.226543446138136,4.0024121485691655,4.07225227355957,1963520000
2018-11-19T00:00:00.000,4.006871170971361,4.007613739100305,3.5818886134676426,3.5836222171783447,1697820000
2018-11-20T00:00:00.000,3.3201141544358785,3.8203848449310898,3.301539790287708,3.6920976638793945,1692032000
2018-11-21T00:00:00.000,3.829299305237052,3.8461400594108306,3.556627081627211,3.583869457244873,1025496000
2018-11-23T00:00:00.000,3.5491985126740127,3.704728074520094,3.5363202431252327,3.591052770614624,411968000
2018-11-26T00:00:00.000,3.712157501168981,3.8008192945273653,3.6296870827835495,3.7904176712036133,814832000
2018-11-27T00:00:00.000,3.764413552246549,3.888490705898638,3.72850315059442,3.8072586059570312,738060000
2018-11-28T00:00:00.000,3.9248967950063713,3.9694754572937674,3.792399366747557,3.9642746448516846,804524000
2018-11-29T00:00:00.000,3.9665043109278857,4.003690194274003,3.8708124738645693,3.901057004928589,549172000
2018-11-30T00:00:00.000,3.9107263735194358,4.062197315560244,3.8604013185875687,4.05153751373291,729564000
2018-12-03T00:00:00.000,4.2788672880447995,4.330431897986579,4.148468195214734,4.215403079986572,890804000
2018-12-04T00:00:00.000,4.170779770110979,4.175738014736769,3.8797375249651904,3.894860029220581,812112000
2018-12-06T00:00:00.000,3.7542978508589564,3.9290719983161293,3.738679801953692,3.9241139888763428,692308000
2018-12-07T00:00:00.000,3.9283273587357552,3.9384916186861436,3.6100154673684206,3.659348726272583,681676000
2018-12-10T00:00:00.000,3.6144785490047493,3.7895007063936825,3.6107598645430543,3.764709949493408,629472000
2018-12-11T00:00:00.000,3.8564340324022655,3.8646149462390045,3.5946447896266185,3.673727035522461,671912000
2018-12-12T00:00:00.000,3.6794294035097543,3.7875166385107444,3.5901831212465294,3.691329002380371,654136000
2018-12-13T00:00:00.000,3.7381834295596765,3.8023911901487404,3.6551347159699845,3.6910810470581055,471384000
2018-12-14T00:00:00.000,3.649432585409025,3.7332250807148677,3.6070406787581133,3.630591869354248,471820000
2018-12-17T00:00:00.000,3.600595584328574,3.672736260981906,3.5014328001530988,3.5594429969787598,662868000
2018-12-18T00:00:00.000,3.603322051940638,3.7267795629854747,3.5760524136350282,3.6427392959594727,564372000
2018-12-19T00:00:00.000,3.6090238629289817,3.6625718218009977,3.382189353712895,3.4337539672851562,745364000
2018-12-20T00:00:00.000,3.4253250062529412,3.5153150659468,3.2894721293313784,3.349217653274536,749588000
2018-12-21T00:00:00.000,3.3757440972289046,3.408715767879333,3.184608130322889,3.212125778198242,863740000
2018-12-24T00:00:00.000,3.135770569378371,3.2222899655692925,3.086437067958869,3.1503970623016357,463840000
2018-12-26T00:00:00.000,3.1965076078473897,3.30062839531516,3.085445466071388,3.2996368408203125,695100000
2018-12-27T00:00:00.000,3.2473287682665144,3.281787772875762,3.1032949425553102,3.251791000366211,637044000
2018-12-28T00:00:00.000,3.272366709105406,3.405988478380253,3.2304705796899307,3.3132712841033936,628728000
2018-12-31T00:00:00.000,3.356655779131739,3.3891314400311323,3.2788130647318794,3.309553623199463,465140000
2019-01-02T00:00:00.000,3.2386518561693443,3.43301049259578,3.2240253629792917,3.376983642578125,508752000
2019-01-03T00:00:00.000,3.316742024101778,3.3507052459793867,3.165519097139286,3.1729562282562256,705552000
2019-01-04T00:00:00.000,3.2460884527348273,3.4144169818756085,3.215348139631183,3.376239538192749,585620000
2019-01-07T00:00:00.000,3.4335063448265637,3.5919186397254865,3.3821894994418393,3.554980516433716,709160000
2019-01-08T00:00:00.000,3.6365415129519585,3.6387728650754028,3.3938409502867053,3.466477632522583,786016000
2019-01-09T00:00:00.000,3.5177948629578344,3.582002870990999,3.4672220312150595,3.5346527099609375,617260000
2019-01-10T00:00:00.000,3.5153156888004435,3.6090242121554184,3.4548263701592545,3.6003475189208984,523156000
2019-01-11T00:00:00.000,3.578035177313761,3.7124007198557143,3.5502697644699204,3.6895933151245117,874764000
2019-01-14T00:00:00.000,3.6372862396391064,3.7547939824421785,3.6137350424169785,3.7295074462890625,730168000
2019-01-15T00:00:00.000,3.7622297965606477,3.8016470372282334,3.697030487852223,3.7153756618499756,617012000
2019-01-16T00:00:00.000,3.742645684392983,3.775617115928141,3.684387722957906,3.6898415088653564,470104000
2019-01-17T00:00:00.000,3.6568697913674026,3.801151355406659,3.6295999182740655,3.7612383365631104,493436000
2019-01-18T00:00:00.000,3.8110677598638243,3.916428100042887,3.7595031475952823,3.890397787094116,651336000
2019-01-22T00:00:00.000,3.8601532826546614,3.871804874593101,3.657861522351456,3.688106060028076,661552000
2019-01-23T00:00:00.000,3.743390462042997,3.832140992440406,3.6697622049501764,3.700998306274414,591020000
2019-01-24T00:00:00.000,3.7855339283477747,3.930559063641579,3.780823689667241,3.9129579067230225,708972000
2019-01-25T00:00:00.000,3.853460200679696,3.9883213129565482,3.750826975539661,3.970224142074585,1154572000
2019-01-28T00:00:00.000,3.385164247758499,3.511348652137013,3.247576258086447,3.421358585357666,2511528000
2019-01-29T00:00:00.000,3.3752476815432093,3.4235896204200875,3.2478237277077726,3.2624502182006836,1153932000
2019-01-30T00:00:00.000,3.338558023729748,3.4203671788864196,3.2589799843642315,3.4059886932373047,974228000
2019-01-31T00:00:00.000,3.4027658628909117,3.5993558465088427,3.3809500088856073,3.563657283782959,842852000
2019-02-01T00:00:00.000,3.5822498677131627,3.639020494598922,3.5346519465207686,3.58795166015625,625048000
2019-02-04T00:00:00.000,3.603817555380121,3.7354559715584528,3.5817539341611235,3.698270082473755,528592000
2019-02-05T00:00:00.000,3.7101704192216434,3.75404990281436,3.6764551979518942,3.717359781265259,542424000
2019-02-06T00:00:00.000,3.750578749480347,3.8574266662735943,3.745124963345141,3.792970895767212,702464000
2019-02-07T00:00:00.000,3.746611937324655,3.7488430529325694,3.611750845807799,3.6546385288238525,637120000
2019-02-08T00:00:00.000,3.587455532528874,3.6838911631290676,3.573077049419915,3.673231363296509,461604000
2019-02-11T00:00:00.000,3.6291043013049493,3.6833958066617254,3.5822499269282733,3.630591869354248,495180000
2019-02-12T00:00:00.000,3.669017642850428,3.7632221770531866,3.6546389204194045,3.7476038932800293,591060000
2019-02-13T00:00:00.000,3.7771045173246294,3.8631281274147784,3.7634695803135063,3.7899956703186035,605372000
2019-02-14T00:00:00.000,3.7890047712508377,3.8591623408348905,3.7458688371274285,3.8309009075164795,827264000
2019-02-15T00:00:00.000,4.039638096287828,4.062445269128536,3.8777551155326657,3.9005625247955322,1516748000
2019-02-19T00:00:00.000,3.889902335586985,3.9637785833052037,3.870813611202492,3.883208751678467,551892000
2019-02-20T00:00:00.000,3.9124622246012457,3.9977420689240257,3.9013066440673807,3.9305593967437744,540988000
2019-02-21T00:00:00.000,3.943202803747227,3.967745317478937,3.8470149123831807,3.8616414070129395,448548000
2019-02-22T00:00:00.000,3.9134532916355846,3.965265675504686,3.8998183542291325,3.946424722671509,401740000
2019-02-25T00:00:00.000,4.029969201056762,4.097399627054653,3.9253524124782073,3.9340293407440186,656020000
2019-02-26T00:00:00.000,3.9293193180145027,3.985346162492454,3.861144867868001,3.8946123123168945,488464000
2019-02-27T00:00:00.000,3.8802340928291845,3.9067599488154197,3.795697806692139,3.8527164459228516,500256000
2019-02-28T00:00:00.000,3.8465129280491475,3.8688475571108065,3.8058144494620954,3.82814884185791,324944000
2019-03-01T00:00:00.000,3.8780288130854856,3.9246832162652767,3.8197108091107466,3.882495880126953,357188000
2019-03-04T00:00:00.000,3.9209605496575777,3.943791460804945,3.8341037350030662,3.8906848430633545,409992000
2019-03-05T00:00:00.000,3.8750506002161145,3.922449550991744,3.820703141892115,3.884232759475708,362924000
2019-03-06T00:00:00.000,3.8752988964152246,3.8837362685121835,3.770574520786706,3.7733042240142822,403524000
2019-03-07T00:00:00.000,3.749729058125882,3.759407506394355,3.657909114121381,3.7040672302246094,450104000
2019-03-08T00:00:00.000,3.614728229201856,3.7489839821745186,3.5933861841948604,3.7383129596710205,422416000
2019-03-11T00:00:00.000,3.7618905334294577,4.021716078616708,3.7147395873438476,3.9988853931427,859728000
2019-03-12T00:00:00.000,4.026679140961345,4.079537517879885,3.950493318564804,4.0331315994262695,579576000
2019-03-13T00:00:00.000,4.070602498606583,4.213791933021078,4.063157465934027,4.184508800506592,768900000
2019-03-14T00:00:00.000,4.193690255644652,4.205602116587047,4.100877518577628,4.108570575714111,519384000
2019-03-15T00:00:00.000,4.151751733403672,4.256724382835705,4.148277479222248,4.214040756225586,661484000
2019-03-18T00:00:00.000,4.245556839208918,4.299408249429872,4.165648524041506,4.1926984786987305,486992000
2019-03-19T00:00:00.000,4.287248152364877,4.404877217207409,4.270373406211956,4.3604559898376465,854972000
2019-03-20T00:00:00.000,4.389489688755034,4.4428445602792115,4.293202704981375,4.327945709228516,719148000
2019-03-21T00:00:00.000,4.3510258861708415,4.590998377395191,4.346062531082183,4.564692974090576,824312000
2019-03-22T00:00:00.000,4.537396334174202,4.586035898002233,4.390980644422111,4.404877662658691,747644000
2019-03-25T00:00:00.000,4.364178797359979,4.428452501002684,4.246301705276111,4.31256103515625,525212000
2019-03-26T00:00:00.000,4.454259928501289,4.5103445031062295,4.332908621768252,4.389241695404053,703508000
2019-03-27T00:00:00.000,4.414803686265147,4.461209590640525,4.310575592412955,4.38006067276001,474372000
2019-03-28T00:00:00.000,4.406119527761259,4.464437794573338,4.345568081424965,4.398674964904785,480264000
2019-03-29T00:00:00.000,4.465427651135416,4.4803177144412265,4.415050976278866,4.455997467041016,456896000
2019-04-01T00:00:00.000,4.5478183128725345,4.553774244421854,4.476099581852805,4.52349853515625,483824000
2019-04-02T00:00:00.000,4.547569098818993,4.58578588238699,4.5046369870629315,4.541364669799805,440920000
2019-04-03T00:00:00.000,4.590998781994758,4.73989613445551,4.586035426468684,4.680833339691162,783504000
2019-04-04T00:00:00.000,4.665447338520244,4.714335397681236,4.609114719215145,4.671899795532227,457376000
2019-04-05T00:00:00.000,4.715079386959449,4.75602635620326,4.678599721268177,4.738654613494873,481744000
2019-04-08T00:00:00.000,4.708130773820031,4.784564830698593,4.684059022984847,4.759500503540039,424192000
2019-04-09T00:00:00.000,4.725998485944832,4.737165797719995,4.654527785250104,4.696715354919434,439972000
2019-04-10T00:00:00.000,4.695970641427767,4.793001716968582,4.691503811538995,4.767192840576172,444772000
2019-04-11T00:00:00.000,4.769674590499929,4.801191372599079,4.703911796511383,4.7532958984375,374600000
2019-04-12T00:00:00.000,4.7920093447847565,4.79598012337253,4.7066416284660155,4.715327262878418,471708000
2019-04-15T00:00:00.000,4.707633860863195,4.71259721540242,4.543846947721112,4.583552837371826,440092000
2019-04-16T00:00:00.000,4.622764052340222,4.689519439447485,4.590006659955849,4.670659065246582,394964000
2019-04-17T00:00:00.000,4.705649823535029,4.72649534954194,4.625493474723939,4.647828102111816,351004000
2019-04-18T00:00:00.000,4.654527344708114,4.688525328303081,4.595464563428602,4.623258590698242,380988000
2019-04-22T00:00:00.000,4.599683098315762,4.692743857747559,4.568166793760471,4.677109718322754,279936000
2019-04-23T00:00:00.000,4.690261703371222,4.762973460912972,4.680583495188169,4.7317047119140625,346856000
2019-04-24T00:00:00.000,4.742130202885796,4.784814311088317,4.681330742944193,4.744115829467773,318204000
2019-04-25T00:00:00.000,4.703912471281764,4.726247097600911,4.558737873538937,4.638397693634033,499296000
2019-04-26T00:00:00.000,4.484536719653351,4.489004023316028,4.300648812147661,4.41951847076416,868988000
2019-04-29T00:00:00.000,4.427457632658464,4.478082792202978,4.355242408111809,4.450288772583008,391920000
2019-04-30T00:00:00.000,4.41802872777135,4.517293450332048,4.398920333761502,4.491733074188232,362920000
2019-05-01T00:00:00.000,4.544095237087087,4.586282802060616,4.478331975805943,4.478580474853516,354280000
2019-05-02T00:00:00.000,4.488259352472984,4.58777211254692,4.445079204876653,4.546081066131592,394684000
2019-05-03T00:00:00.000,4.55451897244162,4.564445209856069,4.480070061840967,4.541614532470703,336824000
2019-05-06T00:00:00.000,4.3552449396904205,4.475355691433181,4.318020717014678,4.46319580078125,422176000
2019-05-07T00:00:00.000,4.414804845724015,4.414804845724015,4.247791636601599,4.295935153961182,555220000
2019-05-08T00:00:00.000,4.268388287837035,4.3961916172272915,4.256476423790654,4.316035270690918,419168000
2019-05-09T00:00:00.000,4.247044473036244,4.256722681053613,4.1045996352138125,4.223468780517578,660248000
2019-05-10T00:00:00.000,4.192698426677271,4.258213200204973,4.069857989647031,4.189472198486328,569500000
2019-05-13T00:00:00.000,4.057450314763761,4.080529491649819,3.9162460232760625,3.932128429412842,656912000
2019-05-14T00:00:00.000,3.971833722281142,4.056457363033956,3.9331206419451403,4.021218299865723,524880000
2019-05-15T00:00:00.000,3.965629914136931,3.996650174053518,3.906319334322508,3.9601705074310303,502320000
2019-05-16T00:00:00.000,3.9547102066648607,4.017991554775288,3.912274615539307,3.9753074645996094,781088000
2019-05-17T00:00:00.000,3.9333692486664815,4.062661675740512,3.8450235572620977,3.884481191635132,1022068000
2019-05-20T00:00:00.000,3.7857127909847694,3.840804806416889,3.7410435381120637,3.765859842300415,572064000
2019-05-21T00:00:00.000,3.8266594288963143,3.863883647556479,3.787946108956889,3.84800124168396,361848000
2019-05-22T00:00:00.000,3.809287749778588,3.8353446527123523,3.766107367299259,3.777026653289795,325868000
2019-05-23T00:00:00.000,3.714738135070043,3.714738135070043,3.5961167386598394,3.655923843383789,591844000
2019-05-24T00:00:00.000,3.674783781003165,3.710022843642258,3.595371995524703,3.6020724773406982,357584000
2019-05-28T00:00:00.000,3.6196922482710323,3.6524496356158997,3.554921787536733,3.5569071769714355,428356000
2019-05-29T00:00:00.000,3.5092599786164214,3.544250781339533,3.447964008243403,3.4827067852020264,559800000
2019-05-30T00:00:00.000,3.4859367658397282,3.5217129097736546,3.417862697733788,3.4561233520507812,394300000
2019-05-31T00:00:00.000,3.407179481007383,3.4745081483814344,3.3637014971959016,3.365440607070923,389720000
2019-06-03T00:00:00.000,3.3766200690654826,3.4153775710784777,3.294384827873718,3.3237013816833496,478644000
2019-06-04T00:00:00.000,3.387800633337759,3.557985798338294,3.3656890602587226,3.5527684688568115,641836000
2019-06-05T00:00:00.000,3.6265568274442597,3.6320227028941674,3.47376299308284,3.510035991668701,511616000
2019-06-06T00:00:00.000,3.514259416547438,3.5967432137193844,3.511774906305069,3.5721471309661865,408140000
2019-06-07T00:00:00.000,3.5781104659604397,3.64916567019704,3.5589800181816815,3.614880323410034,348856000
2019-06-10T00:00:00.000,3.6710285868738093,3.756245446359762,3.6710285868738093,3.6876745223999023,402780000
2019-06-11T00:00:00.000,3.7475496089871716,3.7853134087433036,3.7058109717021224,3.7453136444091797,383872000
2019-06-12T00:00:00.000,3.70183568426828,3.7080469602873056,3.617115917017962,3.6322710514068604,358892000
2019-06-13T00:00:00.000,3.654383159351003,3.701836225164615,3.6367435119770652,3.6834514141082764,308080000
2019-06-14T00:00:00.000,3.590283338427657,3.614630873410024,3.5487930158718743,3.593513011932373,394428000
2019-06-17T00:00:00.000,3.5917737394775298,3.6402207353395446,3.5689167693943764,3.6032023429870605,276040000
2019-06-18T00:00:00.000,3.664568469860511,3.853635278762845,3.6536369572868836,3.798232078552246,581920000
2019-06-19T00:00:00.000,3.8335114834756485,3.84493985103334,3.7781080445919204,3.804194927215576,331644000
2019-06-20T00:00:00.000,3.8948779079652946,3.9087907874263683,3.8141332136039043,3.828542947769165,350168000
2019-06-21T00:00:00.000,3.8136361587022307,3.862828325873782,3.7639468999166295,3.770406484603882,434428000
2019-06-24T00:00:00.000,3.7917726233411475,3.8223314347522352,3.7445678782554253,3.7927663326263428,282948000
2019-06-25T00:00:00.000,3.797735725721477,3.872766233645329,3.7607173264509215,3.7634501457214355,311868000
2019-06-26T00:00:00.000,3.8909020472428284,4.017857757481719,3.8779828798004345,3.956739902496338,584072000
2019-06-27T00:00:00.000,4.042454498358668,4.074503878313571,4.006429806818568,4.055373668670654,445440000
2019-06-28T00:00:00.000,4.099349003911789,4.1085416465082805,4.033511126094059,4.08021879196167,397668000
2019-07-01T00:00:00.000,4.287421411109125,4.321706990830215,4.090901047645877,4.128416538238525,709756000
2019-07-02T00:00:00.000,4.111769599708234,4.132887697002956,4.017360592506837,4.0305280685424805,400228000
2019-07-03T00:00:00.000,4.053882152471348,4.059596573016038,3.9835723656335356,4.043447494506836,246636000
2019-07-05T00:00:00.000,3.9850631105605014,3.989535039072313,3.9174856697123612,3.980839490890503,396552000
2019-07-08T00:00:00.000,3.921212364820775,3.9400942616421504,3.8757469693085915,3.905808687210083,329788000
2019-07-09T00:00:00.000,3.8635732502768936,3.936367787172201,3.8509026274936953,3.9082934856414795,342860000
2019-07-10T00:00:00.000,3.9517717529394187,4.0340070079790475,3.9378588740593776,3.976616382598877,452076000
2019-07-11T00:00:00.000,4.0496580293653075,4.1718932558582615,4.012391330714075,4.131148338317871,682560000
2019-07-12T00:00:00.000,4.158974394153869,4.235247380361121,4.158974394153869,4.164191722869873,506392000
2019-07-15T00:00:00.000,4.185311330386001,4.201459940025243,4.127423602088559,4.155745983123779,289840000
2019-07-16T00:00:00.000,4.1408384684179715,4.178105174932756,4.095372830579117,4.15102481842041,341444000
2019-07-17T00:00:00.000,4.152762742271725,4.223321297794201,4.123446192714622,4.216364860534668,348204000
2019-07-18T00:00:00.000,4.226800584373942,4.290899336423999,4.170154889058343,4.2280426025390625,442192000
2019-07-19T00:00:00.000,4.266303829378748,4.272763177319047,4.178850769267074,4.184813499450684,344896000
2019-07-22T00:00:00.000,4.206179426989189,4.26928446749446,4.198725896647237,4.2563652992248535,315940000
2019-07-23T00:00:00.000,4.295619430613244,4.366177519950848,4.279966971202306,4.364190101623535,428176000
2019-07-24T00:00:00.000,4.4074210130505955,4.44443941661251,4.331396786930893,4.438724994659424,366236000
2019-07-25T00:00:00.000,4.397234942423174,4.4099058055435005,4.284192305517642,4.307546138763428,392700000
2019-07-26T00:00:00.000,4.3346264915523784,4.396240742334675,4.3346264915523784,4.3495330810546875,274160000
2019-07-29T00:00:00.000,4.342329521020778,4.3594723168843315,4.255125214055099,4.343323230743408,248160000
2019-07-30T00:00:00.000,4.296862168200312,4.371147271681989,4.28245219823454,4.358973503112793,197772000
2019-07-31T00:00:00.000,4.327421126674234,4.32841530996409,4.149534346321979,4.191770076751709,359416000
2019-08-01T00:00:00.000,4.202204777428455,4.292638969549373,4.045187314937343,4.097361087799072,421212000
2019-08-02T00:00:00.000,4.004692077636719,4.074008665220867,3.9572392374376766,4.004692077636719,428348000
2019-08-05T00:00:00.000,3.821089087595534,3.8223313426400565,3.699350936463408,3.746307134628296,589156000
2019-08-06T00:00:00.000,3.8210891448704083,3.866554542888988,3.73736309648918,3.785064458847046,361272000
2019-08-07T00:00:00.000,3.724195196844107,3.8352503772102997,3.706804100698316,3.8233249187469482,372560000
2019-08-08T00:00:00.000,3.880964225315059,3.9331377494324142,3.8235733724795593,3.9318954944610596,309300000
2019-08-09T00:00:00.000,3.8909026317903614,3.8943808514754075,3.7800959826754443,3.8305304050445557,341816000
2019-08-12T00:00:00.000,3.778357077090595,3.8305306121227263,3.74084182207671,3.762705087661743,279200000
2019-08-13T00:00:00.000,3.7612137050136867,3.9229516149101764,3.7222078919153594,3.8769891262054443,351956000
2019-08-14T00:00:00.000,3.7887910460613194,3.7999711041685047,3.684692540793524,3.7284188270568848,419880000
2019-08-15T00:00:00.000,3.747300794658426,3.767176401237818,3.661835638979853,3.6961209774017334,477200000
2019-08-16T00:00:00.000,3.9589767298029845,4.013385990031329,3.897610556277459,3.9641940593719482,1007960000
2019-08-19T00:00:00.000,4.077484348368043,4.258849300158553,4.061335271493826,4.242948532104492,815112000
2019-08-20T00:00:00.000,4.237482513754813,4.237979605222216,4.149532864405939,4.170650959014893,463188000
2019-08-21T00:00:00.000,4.236737836701404,4.309283823277182,4.2151231208071644,4.254128932952881,427244000
2019-08-22T00:00:00.000,4.263818910063666,4.306302943909594,4.221086093491348,4.260340690612793,303488000
2019-08-23T00:00:00.000,4.18381919720624,4.238228687783782,4.015870014222572,4.035745620727539,568056000
2019-08-26T00:00:00.000,4.114504257871748,4.138603490733002,4.0722685231366,4.110528945922852,318208000
2019-08-27T00:00:00.000,4.148788387342444,4.1515212063418945,3.9905289293806834,4.019845485687256,290968000
2019-08-28T00:00:00.000,3.993483382367593,4.0621219212705,3.954189937963268,4.0093994140625,255612000
2019-08-29T00:00:00.000,4.100918946723606,4.185474015673862,4.097437284155335,4.153144359588623,357976000
2019-08-30T00:00:00.000,4.199400652267596,4.24913909537312,4.147672823226955,4.16582727432251,290616000
2019-09-03T00:00:00.000,4.092960580893258,4.126036372481835,4.0598847893046806,4.082764148712158,296140000
2019-09-04T00:00:00.000,4.143444587630888,4.204374150325406,4.143444587630888,4.196913242340088,227728000
2019-09-05T00:00:00.000,4.299125022263017,4.47619313358805,4.297384191418177,4.46997594833374,695676000
2019-09-06T00:00:00.000,4.446599880651899,4.5035502065782005,4.404819927731002,4.442869663238525,376976000
2019-09-09T00:00:00.000,4.4739550023506185,4.5754212556438505,4.4724627260060785,4.4888763427734375,417524000
2019-09-10T00:00:00.000,4.456050315577529,4.582136790985411,4.446351465394073,4.555527210235596,352812000
2019-09-11T00:00:00.000,4.57019887082949,4.6323716774588215,4.541101853127337,4.584125518798828,361512000
2019-09-12T00:00:00.000,4.630631583854863,4.68534349163841,4.5746759541097894,4.582633972167969,327840000
2019-09-13T00:00:00.000,4.515985040709674,4.553040083077539,4.480919384377101,4.524689197540283,324592000
2019-09-16T00:00:00.000,4.449584034270801,4.516233204088188,4.439139046979034,4.481665134429932,231832000
2019-09-17T00:00:00.000,4.488381349269534,4.507281944073466,4.441876000783684,4.503054141998291,223048000
2019-09-18T00:00:00.000,4.496089785228219,4.511757267620517,4.389401013212603,4.475945472717285,258152000
2019-09-19T00:00:00.000,4.481913935069581,4.5003174155050045,4.3896494012540614,4.400343418121338,245476000
2019-09-20T00:00:00.000,4.399348500800233,4.422973999622492,4.284453165802615,4.294649124145508,350244000
2019-09-23T00:00:00.000,4.2948981982130965,4.393628469610187,4.291167506740265,4.348117828369141,249712000
2019-09-24T00:00:00.000,4.379452775739381,4.409046903518779,4.2551071589321605,4.290669918060303,317268000
2019-09-25T00:00:00.000,4.290172550436639,4.45207079453201,4.245408050238086,4.432424068450928,308432000
2019-09-26T00:00:00.000,4.422725565962813,4.4314297223112815,4.359309027605756,4.410290718078613,234564000
2019-09-27T00:00:00.000,4.3685105279319885,4.419243660966023,4.210840080665567,4.271521091461182,362056000
2019-09-30T00:00:00.000,4.297384535763089,4.3391644793870325,4.266049103704264,4.328968048095703,186184000
2019-10-01T00:00:00.000,4.3520977711315325,4.501312646724245,4.3225036353085935,4.327228546142578,366008000
2019-10-02T00:00:00.000,4.3053422182387235,4.31727947958759,4.230983600914911,4.3033528327941895,293372000
2019-10-03T00:00:00.000,4.307830508275811,4.51523894620959,4.2774902364086245,4.509021759033203,450588000
2019-10-04T00:00:00.000,4.511259767403537,4.554781026972775,4.446102866898809,4.525435447692871,265524000
2019-10-07T00:00:00.000,4.590342704593588,4.683850469153932,4.581638549612751,4.584125518798828,480984000
2019-10-08T00:00:00.000,4.492358724464063,4.492358724464063,4.389400652670867,4.407555103302002,444436000
2019-10-09T00:00:00.000,4.484399816144153,4.543588540685991,4.455551829187317,4.494098663330078,292412000
2019-10-10T00:00:00.000,4.491861559963687,4.602777648271692,4.486639066326071,4.551795959472656,309124000
2019-10-11T00:00:00.000,4.635853636089938,4.70871998797519,4.616953048539034,4.62540864944458,446404000
2019-10-14T00:00:00.000,4.616703169597936,4.659726830101461,4.585616770017342,4.638836860656738,200040000
2019-10-15T00:00:00.000,4.729113293362089,4.956168445454992,4.715186168860915,4.88355016708374,664124000
2019-10-16T00:00:00.000,4.84948023741831,4.954428183676151,4.818393825639987,4.829833507537842,428944000
2019-10-17T00:00:00.000,4.874349442507678,4.919362505869722,4.777359515589503,4.831823348999023,263436000
2019-10-18T00:00:00.000,4.8323185445848615,4.864897220118575,4.662959901671766,4.737318515777588,307440000
2019-10-21T00:00:00.000,4.798746636070834,4.888027090545017,4.779846046393975,4.874597549438477,261868000
2019-10-22T00:00:00.000,4.931548945552853,5.036745459293798,4.856941737943943,4.864651203155518,328720000
2019-10-23T00:00:00.000,4.782582749588405,4.865894109763343,4.750750197776818,4.851718902587891,279916000
2019-10-24T00:00:00.000,4.893000695631441,4.929309599382195,4.858930206909556,4.8957366943359375,232020000
2019-10-25T00:00:00.000,4.976311981057411,5.107620931006642,4.968602518136838,5.08673095703125,423092000
2019-10-28T00:00:00.000,5.130500075054106,5.195159854407328,5.101154501129985,5.142686367034912,330792000
2019-10-29T00:00:00.000,5.12875963673601,5.13522585233698,5.027045287413625,5.046442985534668,211236000
2019-10-30T00:00:00.000,5.073301091653049,5.079021168401791,4.980290433289985,5.048431873321533,205960000
2019-10-31T00:00:00.000,5.027542645655289,5.048432621386472,4.919362075375267,4.999191761016846,209732000
2019-11-01T00:00:00.000,4.963877507310036,5.070566274339447,4.938759730853926,5.038236618041992,283640000
2019-11-04T00:00:00.000,5.119309075026829,5.2473853893637274,5.096181161014931,5.234950542449951,376716000
2019-11-05T00:00:00.000,5.234700900347936,5.260813361930855,5.164818640534976,5.21281623840332,300868000
2019-11-06T00:00:00.000,5.1886948568814235,5.214309743320998,5.0760374547211295,5.163577079772949,269012000
2019-11-07T00:00:00.000,5.250121954851984,5.264794745082253,5.136469850653474,5.181234359741211,280340000
2019-11-08T00:00:00.000,5.1643232978060345,5.198891370489453,5.126770671726105,5.167307376861572,189100000
2019-11-11T00:00:00.000,5.166560184946217,5.200382112383533,5.0802642981698405,5.1772541999816895,243436000
2019-11-12T00:00:00.000,5.215551761853796,5.268771852038724,5.180486117484727,5.21281623840332,283504000
2019-11-13T00:00:00.000,5.1814820220951665,5.2090867663225735,5.120552930817236,5.186953544616699,300188000
2019-11-14T00:00:00.000,5.195907606489557,5.21953358521778,5.1359731925350305,5.217295169830322,518080000
2019-11-15T00:00:00.000,5.215055323468847,5.266783148824371,4.9897410176055805,5.07802677154541,1053628000
2019-11-18T00:00:00.000,5.070567888312733,5.305829691439048,5.067583808430909,5.279220104217529,574588000
2019-11-19T00:00:00.000,5.2481315725735955,5.271757070400809,5.1143356544169425,5.172529220581055,414564000
2019-11-20T00:00:00.000,5.149651050664356,5.3356719462574835,5.136967646075839,5.2518630027771,472588000
2019-11-21T00:00:00.000,5.2473849930734895,5.303091585149256,5.20535602005856,5.226992130279541,288388000
2019-11-22T00:00:00.000,5.249625260687536,5.296130609134757,5.221025813777761,5.244651794433594,224100000
2019-11-25T00:00:00.000,5.372725486057657,5.506272842981448,5.359793530399682,5.501298904418945,506476000
2019-11-26T00:00:00.000,5.48364325693913,5.48836864233391,5.3901354599461735,5.396601676940918,385244000
2019-11-27T00:00:00.000,5.4421441671354875,5.476488528610834,5.405061788535433,5.4314422607421875,215784000
2019-11-29T00:00:00.000,5.40058262026836,5.428953948692531,5.370219488637328,5.394111633300781,141556000
2019-12-02T00:00:00.000,5.387142932977289,5.400582382431357,5.192522976774216,5.207704067230225,372036000
2019-12-03T00:00:00.000,5.024034660449171,5.1721149662184756,4.986703542784489,5.16813325881958,465232000
2019-12-04T00:00:00.000,5.2517559276140195,5.274154697915565,5.183315451555308,5.211935997009277,273424000
2019-12-05T00:00:00.000,5.23383611053888,5.249515151275066,5.164399748390317,5.195011615753174,184884000
2019-12-06T00:00:00.000,5.264199438610396,5.31322789545581,5.254244219585735,5.280375957489014,232236000
2019-12-09T00:00:00.000,5.257479713237847,5.335128712742705,5.2487691339367535,5.280375957489014,211880000
2019-12-10T00:00:00.000,5.310488984126515,5.377187801107265,5.257727566372665,5.3254218101501465,256388000
2019-12-11T00:00:00.000,5.3358739884844715,5.414518394125398,5.333385184387442,5.409042835235596,233796000
2019-12-12T00:00:00.000,5.380175499633044,5.594705458329405,5.371216181410031,5.576537609100342,404348000
2019-12-13T00:00:00.000,5.579522992215277,5.698734016324829,5.520539325237565,5.574545383453369,454704000
2019-12-16T00:00:00.000,5.622079373768935,5.675836208921314,5.5939563168962625,5.6034135818481445,320976000
2019-12-17T00:00:00.000,5.622080800181148,5.704209451026532,5.612623532829805,5.6815619468688965,321196000
2019-12-18T00:00:00.000,5.716403733951459,5.772400644067879,5.707941894255487,5.711924076080322,343548000
2019-12-19T00:00:00.000,5.746518168561343,5.87344435140554,5.741540559502921,5.860004901885986,445360000
2019-12-20T00:00:00.000,5.926454362351506,5.982700014163713,5.907291090118144,5.957314968109131,603044000
2019-12-23T00:00:00.000,5.985935607907442,6.018040379091792,5.932925448481276,5.943626880645752,355060000
2019-12-24T00:00:00.000,5.928196959593819,5.955822074319842,5.893852119730991,5.938649654388428,138864000
2019-12-26T00:00:00.000,5.942133652719928,5.9809581495862005,5.923219117731929,5.952835559844971,182852000
2019-12-27T00:00:00.000,5.968017870083893,5.981457322576022,5.868716778452037,5.895097732543945,254644000
2019-12-30T00:00:00.000,5.873195624374401,5.878421971488268,5.750500361530669,5.781858444213867,258056000
2019-12-31T00:00:00.000,5.746518283592325,5.865480579138932,5.7273550104938185,5.85602331161499,231004000
2020-01-02T00:00:00.000,5.941885817283135,5.970755100250244,5.891364453417941,5.970755100250244,237536000
2020-01-03T00:00:00.000,5.851045561653233,5.918988548422026,5.826157991152776,5.875186443328857,205384000
2020-01-06T00:00:00.000,5.781858699107725,5.905051443474641,5.7557269623863725,5.899825096130371,262636000
2020-01-07T00:00:00.000,5.928195601897144,6.017043961993896,5.883149339496765,5.971251010894775,314856000
2020-01-08T00:00:00.000,5.967021135605146,6.023764739731018,5.926952474390596,5.982451438903809,277108000
2020-01-09T00:00:00.000,6.068811482955992,6.1205774820472,5.994397977935121,6.048154830932617,255112000
2020-01-10T00:00:00.000,6.155419203881554,6.185781859126946,6.066322091859231,6.080507755279541,316296000
2020-01-13T00:00:00.000,6.163632128120506,6.296282128119939,6.140984150343223,6.271145820617676,319840000
2020-01-14T00:00:00.000,6.228340052126756,6.2537255760549,6.140985045565615,6.154175758361816,359088000
2020-01-15T00:00:00.000,6.166867313650455,6.189266079309119,6.085734091320788,6.111617088317871,263104000
2020-01-16T00:00:00.000,6.165125150161636,6.201212102853012,6.141730957829296,6.195239067077637,284192000
2020-01-17T00:00:00.000,6.2144031003351135,6.221869514641433,6.156415325826517,6.20395040512085,253792000
2020-01-21T00:00:00.000,6.16736492115884,6.204198560894106,6.13650431691283,6.170600414276123,217916000
2020-01-22T00:00:00.000,6.215896411562279,6.311215307199664,6.196981875274955,6.224606990814209,239240000
2020-01-23T00:00:00.000,6.264675623846474,6.301508791795194,6.175827247965222,6.293046951293945,244516000
2020-01-24T00:00:00.000,6.408524704344975,6.458299843381298,6.179559919221518,6.233814716339111,373512000
2020-01-27T00:00:00.000,5.929191841222907,6.0289908580944,5.779618159624937,5.97797155380249,470536000
2020-01-28T00:00:00.000,6.043922549302255,6.203700169229386,5.990663184429591,6.171346664428711,310976000
2020-01-29T00:00:00.000,6.1569115732476645,6.192998520374382,6.071049493898521,6.110869884490967,258848000
2020-01-30T00:00:00.000,6.013063007373622,6.131029877336464,5.9580619920465185,6.117590427398682,290504000
2020-01-31T00:00:00.000,6.0717982136305295,6.083744287335184,5.842335907093359,5.884146690368652,370420000
2020-02-03T00:00:00.000,5.865978512587702,6.000619860257822,5.859756738000507,5.981207847595215,255564000
2020-02-04T00:00:00.000,6.123065746362249,6.169605393823703,6.073041867526822,6.150441646575928,271544000
2020-02-05T00:00:00.000,6.2713950863848416,6.281599042941354,6.15741039787647,6.24078369140625,208220000
2020-02-06T00:00:00.000,6.275129269822066,6.327641487121582,6.193996033305588,6.327641487121582,218284000
2020-02-07T00:00:00.000,6.287572013355755,6.309722042005786,6.236054755001405,6.261440277099609,189752000
2020-02-10T00:00:00.000,6.284088443035795,6.5454067824737585,6.279110833313493,6.544660568237305,529608000
2020-02-11T00:00:00.000,6.652920487059736,6.781837531508206,6.590950532170923,6.6671061515808105,638556000
2020-02-12T00:00:00.000,6.7198677162340585,6.789304086608207,6.681043216849115,6.782833099365234,374644000
2020-02-13T00:00:00.000,6.724846125184742,6.806228103383179,6.6974697445623725,6.739031791687012,528016000
2020-02-14T00:00:00.000,7.149177554571694,7.341060005043562,7.117819466081168,7.2121429443359375,1041924000
2020-02-18T00:00:00.000,7.108857781612772,7.39929502877194,7.089445772386045,7.38087797164917,620164000
2020-02-19T00:00:00.000,7.503325584326226,7.849759318235343,7.503325584326226,7.832088947296143,694332000
2020-02-20T00:00:00.000,7.784055978174739,7.872406404086642,7.375403572712378,7.682764053344727,810052000
2020-02-21T00:00:00.000,7.5705212914852815,7.595657599846096,7.233793590100202,7.318659782409668,768180000
2020-02-24T00:00:00.000,6.724345781914618,7.0150317449623065,6.669842252847712,6.801248073577881,856916000
2020-02-25T00:00:00.000,6.876410184653906,6.938380143586625,6.419973914531026,6.521763801574707,1055496000
2020-02-26T00:00:00.000,6.522013218225486,6.855256768767867,6.520520314916963,6.661134243011475,747732000
2020-02-27T00:00:00.000,6.347611926679557,6.648930749588357,6.1979487749822635,6.290336608886719,906416000
2020-02-28T00:00:00.000,6.037826334431292,6.784897141438854,6.021141893667339,6.7253804206848145,1133252000
2020-03-02T00:00:00.000,6.89546430619151,6.912646997105689,6.499516704618739,6.88375997543335,890744000
2020-03-03T00:00:00.000,6.939541411420156,6.999307023640766,6.535874048383483,6.621289253234863,652792000
2020-03-04T00:00:00.000,6.728617764574341,7.09443339761163,6.653910399827267,7.084970474243164,597408000
2020-03-05T00:00:00.000,6.885502193942005,7.052348018857373,6.760990398482024,6.80556583404541,540328000
2020-03-06T00:00:00.000,6.626020340965271,6.683545020586872,6.424809118163866,6.625024318695068,515412000
2020-03-09T00:00:00.000,5.9740769221666445,6.459673198416253,5.931245111708743,6.112036228179932,614160000
2020-03-10T00:00:00.000,6.38845186990878,6.501508712768555,6.125732346102121,6.501508712768555,580648000
2020-03-11T00:00:00.000,6.361558080137427,6.389946856189542,6.040566703714004,6.137685775756836,499964000
2020-03-12T00:00:00.000,5.614487417822957,5.879946640181565,5.373930656890709,5.386631011962891,816540000
2020-03-13T00:00:00.000,5.739995078662353,6.001967976075731,5.468808617563975,5.997485637664795,634836000
2020-03-16T00:00:00.000,5.289510107058595,5.630423762094132,4.8310577571051,4.8908233642578125,726972000
2020-03-17T00:00:00.000,5.003133705903673,5.499936062141312,4.756351479681672,5.410536289215088,833632000
2020-03-18T00:00:00.000,4.982962586228591,5.2280016368582345,4.499358867162587,5.050696849822998,874268000
2020-03-19T00:00:00.000,5.029280865027534,5.397089051683916,4.815868008217613,5.3034563064575195,765512000
2020-03-20T00:00:00.000,5.453617551932971,5.735512301243073,5.108221984216086,5.123661518096924,804636000
2020-03-23T00:00:00.000,5.122664106908183,5.3908629073250784,4.943616178155513,5.296482563018799,643876000
2020-03-24T00:00:00.000,5.702641033345908,6.2918312232495754,5.678983959481302,6.205170631408691,1101644000
2020-03-25T00:00:00.000,6.320220043105337,6.51993702228171,6.067710076601476,6.116518974304199,793432000
2020-03-26T00:00:00.000,6.323706009766051,6.529897835657393,6.2255909210386315,6.405884265899658,696108000
2020-03-27T00:00:00.000,6.225590232425137,6.5523092762191855,6.19271912359753,6.29357385635376,638828000
2020-03-30T00:00:00.000,6.35906683290393,6.623032205750341,6.314989641822439,6.613818168640137,602252000
2020-03-31T00:00:00.000,6.65391201514309,6.8581118150438165,6.418584732759713,6.564263820648193,949960000
2020-04-01T00:00:00.000,6.366288693106729,6.512714411716045,6.008441698800573,6.053016662597656,656912000
2020-04-02T00:00:00.000,6.082152604719587,6.37500451862211,6.034091325317394,6.361806392669678,675764000
2020-04-03T00:00:00.000,6.324204046373109,6.365790946733612,5.936474454401283,6.073935508728027,663212000
2020-04-06T00:00:00.000,6.35607939382513,6.72065017554929,6.29855470911675,6.6837944984436035,727884000
2020-04-07T00:00:00.000,6.9054250880511185,6.929082636686835,6.407377832223849,6.450459003448486,784520000
2020-04-08T00:00:00.000,6.559531142622338,6.672587985050832,6.489555470489437,6.647685527801514,542444000
2020-04-09T00:00:00.000,6.773442208223735,6.796352144168481,6.48507263965406,6.5480756759643555,525564000
2020-04-13T00:00:00.000,6.488309092372371,6.728616871717626,6.399905840378455,6.719901084899902,398408000
2020-04-14T00:00:00.000,6.8481491312848295,7.105141388817027,6.820507495955721,7.071025371551514,530948000
2020-04-15T00:00:00.000,6.9029347084421175,7.076504300320507,6.857612606318215,6.993579387664795,366148000
2020-04-16T00:00:00.000,7.148971187418579,7.445807245831523,7.135773058997118,7.338726997375488,745620000
2020-04-17T00:00:00.000,7.420904147198899,7.442320290044021,7.145484257149034,7.279458999633789,539120000
2020-04-20T00:00:00.000,7.152954622799317,7.308843270603872,7.1038968447451385,7.148222923278809,449388000
2020-04-21T00:00:00.000,7.030185208005617,7.091444608493572,6.6516692364294805,6.711434841156006,735160000
2020-04-22T00:00:00.000,6.9036824351032005,7.16864386436496,6.858111442244834,7.125811576843262,483356000
2020-04-23T00:00:00.000,7.167896158666759,7.2998783766301765,7.047368434745223,7.072519779205322,424160000
2020-04-24T00:00:00.000,7.062310457773697,7.2134674170069335,6.987603082107009,7.211475372314453,352328000
2020-04-27T00:00:00.000,7.345946773549917,7.557865799784285,7.321293207173287,7.3979926109313965,479388000
2020-04-28T00:00:00.000,7.545416178407989,7.5752992244995125,7.250074408163372,7.255552768707275,442904000
2020-04-29T00:00:00.000,7.390274070522347,7.485152200070191,7.315068924983544,7.432359218597412,379160000
2020-04-30T00:00:00.000,7.378319198090298,7.432357551543261,7.264515720499554,7.27846097946167,375916000
2020-05-01T00:00:00.000,7.080986751472618,7.194292483570223,6.993579499567315,7.0418901443481445,342096000
2020-05-04T00:00:00.000,6.994575294874223,7.26750535035429,6.994575294874223,7.253808975219727,317556000
2020-05-05T00:00:00.000,7.357901941109124,7.477433178045729,7.25380976375586,7.314820766448975,368896000
2020-05-06T00:00:00.000,7.39425806760454,7.520513027172209,7.356406373420387,7.415673732757568,323464000
2020-05-07T00:00:00.000,7.554878755504124,7.655235248420218,7.503580043298903,7.591983318328857,373732000
2020-05-08T00:00:00.000,7.663701359549101,7.788213162222441,7.629834229017725,7.78198766708374,339216000
2020-05-11T00:00:00.000,7.777006721824612,8.080815810300923,7.748369065529269,8.0339994430542,469060000
2020-05-12T00:00:00.000,8.091772452263047,8.140580863403843,7.762314252138268,7.772026062011719,493060000
2020-05-13T00:00:00.000,7.886578962698075,8.046949968056559,7.56508934146451,7.7496161460876465,625852000
2020-05-14T00:00:00.000,7.811124761788539,8.0046162389776,7.65747702951931,7.999137878417969,602312000
2020-05-15T00:00:00.000,7.858936085271432,8.467300485063323,7.843247666290746,8.457589149475098,987660000
2020-05-18T00:00:00.000,8.726286911987017,8.881677810195608,8.646599418026181,8.716076850891113,774460000
2020-05-19T00:00:00.000,8.755919887687877,9.052008785604071,8.728527135745038,8.771110534667969,717320000
2020-05-20T00:00:00.000,8.955888755864873,9.007685732417412,8.854037961105789,8.93497085571289,587536000
2020-05-21T00:00:00.000,9.016152169416157,9.017147717019329,8.703378281069982,8.740981101989746,761068000
2020-05-22T00:00:00.000,8.790781187022999,9.057486181890054,8.679219108082181,8.990996360778809,1038764000
2020-05-26T00:00:00.000,9.120987084096292,9.145890013958184,8.638130530977474,8.683701515197754,770780000
2020-05-27T00:00:00.000,8.591315758387081,8.599035050610656,7.965519216479686,8.491955757141113,1175892000
2020-05-28T00:00:00.000,8.379398435381013,8.726288853092345,8.346527313061458,8.453857421875,734896000
2020-05-29T00:00:00.000,8.521091927726768,8.840838432312012,8.451863374940007,8.840838432312012,745256000
2020-06-01T00:00:00.000,8.798752240118027,8.806222645268207,8.655563458390905,8.771857261657715,389876000
2020-06-02T00:00:00.000,8.761896855847086,8.802736146428314,8.62418643742466,8.790782928466797,391320000
2020-06-03T00:00:00.000,8.787793124098316,8.831620945623646,8.666020043631217,8.735248565673828,365440000
2020-06-04T00:00:00.000,8.69787819453533,8.912385353241994,8.647552560413976,8.736246109008789,424280000
2020-06-05T00:00:00.000,8.764151688071133,8.965952278985723,8.677950020915608,8.8892183303833,481748000
2020-06-08T00:00:00.000,8.846612491618359,8.859069161454645,8.65577368666941,8.774612426757812,387736000
2020-06-09T00:00:00.000,8.769631554767159,9.078312217954664,8.721049866135466,9.014781951904297,468488000
2020-06-10T00:00:00.000,9.136112317494959,9.467215360522856,9.121910741750701,9.33442497253418,632180000
2020-06-11T00:00:00.000,9.118423392635822,9.229289397995633,8.755680170871136,8.765894889831543,583652000
2020-06-12T00:00:00.000,9.130883002675036,9.155547353636894,8.67321730504706,8.901676177978516,570908000
2020-06-15T00:00:00.000,8.784831221668995,9.150564425960592,8.713577174373565,9.142093658447266,400004000
2020-06-16T00:00:00.000,9.1931625738871,9.234768438468002,8.80824512604789,9.037201881408691,535716000
2020-06-17T00:00:00.000,9.08230146482681,9.266911550040337,9.03895067394644,9.204129219055176,408304000
2020-06-18T00:00:00.000,9.195156508953609,9.250465000747232,9.083044572833693,9.186187744140625,254408000
2020-06-19T00:00:00.000,9.210600714280991,9.412401196980774,9.19540314289012,9.22928524017334,524160000
2020-06-22T00:00:00.000,9.267905738300618,9.498357500699983,9.24124749036034,9.49387264251709,398468000
2020-06-23T00:00:00.000,9.518039245168492,9.609223760973583,9.375035085564633,9.417387962341309,375108000
2020-06-24T00:00:00.000,9.443548049476501,9.523521851780817,9.112942971120358,9.203629493713379,449372000
2020-06-25T00:00:00.000,9.323465132248014,9.472200128697818,9.15056378762105,9.45725154876709,376072000
2020-06-26T00:00:00.000,9.467218082457258,9.467218082457258,9.093512105518155,9.123408317565918,592084000
2020-06-29T00:00:00.000,9.13810678244257,9.17273685020403,8.869287056151329,9.168251991271973,342248000
2020-06-30T00:00:00.000,9.2818574207599,9.493374700558492,9.23452168587974,9.464973449707031,367892000
2020-07-01T00:00:00.000,9.487893554343412,9.542704051253338,9.380515464752774,9.497111320495605,326648000
2020-07-02T00:00:00.000,9.605737885584766,9.703898234807523,9.545197512773237,9.579080581665039,364056000
2020-07-06T00:00:00.000,9.708135385753936,9.874558961720192,9.67898616983235,9.805298805236816,315892000
2020-07-07T00:00:00.000,9.911925710056408,10.035248385894452,9.81675528569357,9.837682723999023,357800000
2020-07-08T00:00:00.000,9.959260238552334,10.189712933125293,9.93110799049209,10.180743217468262,365480000
2020-07-09T00:00:00.000,10.344428905085344,10.533523817921163,10.19818487420453,10.472734451293945,494548000
2020-07-10T00:00:00.000,10.552207713445835,10.618477930540756,10.342932393289248,10.443085670471191,497676000
2020-07-13T00:00:00.000,10.558436349316613,10.75500504348542,9.990402803817826,10.017559051513672,457076000
2020-07-14T00:00:00.000,10.040232450582947,10.366851638295143,9.751731237272898,10.341190338134766,542676000
2020-07-15T00:00:00.000,10.378311468876817,10.396996003532037,10.02104815021368,10.191956520080566,403984000
2020-07-16T00:00:00.000,9.980438549107026,10.171526393548673,9.86135078427712,10.099775314331055,344964000
2020-07-17T00:00:00.000,10.19021430782822,10.213134704535644,10.05293997765378,10.16629695892334,266284000
2020-07-20T00:00:00.000,10.238795062200655,10.494908161522394,10.12170023378326,10.474478721618652,284852000
2020-07-21T00:00:00.000,10.476718279060025,10.523556960018096,10.251249391175662,10.292855262756348,277036000
2020-07-22T00:00:00.000,10.331725883597205,10.56591464309178,10.255987918693924,10.402729988098145,367292000
2020-07-23T00:00:00.000,10.413939690054885,10.510605090974087,9.996634872973193,10.094795227050781,411660000
2020-07-24T00:00:00.000,9.84091969584202,10.328979394077516,9.743258336277663,10.159317016601562,473292000
2020-07-27T00:00:00.000,10.19694116528819,10.405717592234707,10.182490585471907,10.385538101196289,292132000
2020-07-28T00:00:00.000,10.338449041682763,10.346171855580362,10.174018492028203,10.180246353149414,271636000
2020-07-29T00:00:00.000,10.354890347644337,10.479956960079575,10.311291523626386,10.42938232421875,284508000
2020-07-30T00:00:00.000,10.339196994838801,10.586341318065257,10.259722142656354,10.577372550964355,308880000
2020-07-31T00:00:00.000,10.52679762994463,10.729347131097473,10.39699712310846,10.578120231628418,386080000
2020-08-03T00:00:00.000,10.69546229744022,11.06044840939836,10.678271766238865,10.972253799438477,412720000
2020-08-04T00:00:00.000,11.011866768848385,11.189002990722656,10.868363657948816,11.189002990722656,310336000
2020-08-05T00:00:00.000,11.205198944403296,11.332507541797073,11.127717043617789,11.247800827026367,249924000
2020-08-06T00:00:00.000,11.310582577201503,11.31880434287186,11.140173154557944,11.296381950378418,244316000
2020-08-07T00:00:00.000,11.273457587528856,11.46504433312188,10.999407065001773,11.160847663879395,342516000
2020-08-10T00:00:00.000,11.295135049824099,11.36887907689594,10.819033027581968,11.126468658447266,427796000
2020-08-11T00:00:00.000,11.035535200137302,11.098318470452666,10.75849467047517,10.8125581741333,354512000
2020-08-12T00:00:00.000,10.952822240724048,11.427428441497376,10.920434129138265,11.400771141052246,464412000
2020-08-13T00:00:00.000,11.506156253897396,11.681300500548199,11.316563329189249,11.403512001037598,374460000
2020-08-14T00:00:00.000,11.490211514904173,11.664358807033938,11.401020889958053,11.524094581604004,366436000
2020-08-17T00:00:00.000,11.810352048276599,12.36692500157999,11.7764699343852,12.294425964355469,621300000
2020-08-18T00:00:00.000,12.407034073517147,12.452875803604645,12.0445398919427,12.218437194824219,503448000
2020-08-19T00:00:00.000,12.254064801327434,12.27250033410157,12.05624919671835,12.096610069274902,622624000
2020-08-20T00:00:00.000,11.933673579265218,12.332292763174173,11.837755214448215,12.099100112915039,921388000
2020-08-21T00:00:00.000,12.159642451084375,12.764548088001417,12.153164638813207,12.639730453491211,999868000
2020-08-24T00:00:00.000,12.83928809456214,12.867939296377706,12.464336268553247,12.676352500915527,490564000
2020-08-25T00:00:00.000,12.587159668378531,12.717209139608553,12.530356221656858,12.705998420715332,289076000
2020-08-26T00:00:00.000,12.755080235422875,12.82409136442748,12.633999509151844,12.728920936584473,321244000
2020-08-27T00:00:00.000,12.73739094301535,12.805655066718726,12.523132755342244,12.584670066833496,317604000
2020-08-28T00:00:00.000,12.631260528605571,13.10262784564443,12.598872415476373,13.102378845214844,537160000
2020-08-31T00:00:00.000,13.137257437320157,13.52815388381572,12.992758311577335,13.328346252441406,500840000
2020-09-01T00:00:00.000,13.437499372727544,13.949629681508943,13.394136574142701,13.777424812316895,511316000
2020-09-02T00:00:00.000,14.65739345260157,14.680321655884619,13.85617738039282,14.301270484924316,874012000
2020-09-03T00:00:00.000,13.785149967250463,13.840724090532843,12.838145345378821,12.974464416503906,945128000
2020-09-04T00:00:00.000,12.743443391157022,13.133460418119254,11.66784587515136,12.58270263671875,1463684000
2020-09-08T00:00:00.000,11.69750507921574,12.510434346099357,11.667350850169926,11.875442504882812,795728000
2020-09-09T00:00:00.000,12.36090597859169,12.768865989379982,12.19318633889439,12.67491340637207,736200000
2020-09-10T00:00:00.000,12.948297711708706,13.024058312072276,12.128639734136724,12.272933959960938,698684000
2020-09-11T00:00:00.000,12.446140195210258,12.612613550523204,11.85824907422018,12.126152038574219,636928000
2020-09-14T00:00:00.000,13.039759537676474,13.273021054817024,12.591427528763537,12.831666946411133,1201744000
2020-09-15T00:00:00.000,13.238131137079726,13.25682221304241,12.787307442411516,12.950042724609375,727556000
2020-09-16T00:00:00.000,12.916398336111536,13.051471089335553,12.47429702575866,12.475044250488281,556384000
2020-09-17T00:00:00.000,12.093999936822648,12.55005801210448,11.99680748160983,12.424205780029297,792512000
2020-09-18T00:00:00.000,12.554045465543362,12.592672993531387,11.950953315876442,12.1508207321167,698460000
2020-09-21T00:00:00.000,11.887403420828344,12.483019489295126,11.866967870062911,12.47778606414795,721044000
2020-09-22T00:00:00.000,12.535353135164089,12.608122933885662,12.11717634274842,12.597905158996582,646452000
2020-09-23T00:00:00.000,12.53585102033723,12.68687406505385,12.04116641481339,12.085525512695312,647012000
2020-09-24T00:00:00.000,12.034186993287644,12.529868786373692,11.976120227551869,12.309066772460938,731240000
2020-09-25T00:00:00.000,12.408254808000864,12.842880024908961,12.207141098410291,12.833160400390625,588016000
2020-09-28T00:00:00.000,12.999138493220277,13.01060259520719,12.709803724531739,12.993905067443848,573808000
2020-09-29T00:00:00.000,12.896712211256771,13.400369297212727,12.892476036043018,13.184053421020508,621460000
2020-09-30T00:00:00.000,13.11601652435821,13.579550597046405,13.108789549903188,13.48784065246582,689184000
2020-10-01T00:00:00.000,13.714624017312177,13.719358341774951,13.418310444661264,13.571576118469238,525004000
2020-10-02T00:00:00.000,13.183306677405055,13.476877623237657,13.009854499558205,13.021069526672363,552496000
2020-10-05T00:00:00.000,13.19426999628857,13.601232733408866,13.181061420646227,13.599488258361816,479820000
2020-10-06T00:00:00.000,13.786396879631232,14.09741348387712,13.621917127514193,13.693191528320312,784420000
2020-10-07T00:00:00.000,13.955612003069618,14.074735405554517,13.819791075017143,13.919974327087402,418084000
2020-10-08T00:00:00.000,14.03062436412646,14.040094914623563,13.714624359696066,13.795119285583496,378900000
2020-10-09T00:00:00.000,13.72359556957293,13.780665094461844,13.617680744942344,13.719358444213867,346892000
2020-10-12T00:00:00.000,13.945395309887523,14.301768294691879,13.868638402637721,14.18114948272705,434744000
2020-10-13T00:00:00.000,14.251427164697901,14.303263268238275,13.974552820948032,14.203329086303711,344604000
2020-10-14T00:00:00.000,14.245444791209522,14.297529966845348,13.915987137027978,14.050810813903809,276100000
2020-10-15T00:00:00.000,13.767207595825163,13.961592497317445,13.72434294529411,13.925955772399902,267224000
2020-10-16T00:00:00.000,13.992493934363518,14.076976904411488,13.749013723781008,13.767953872680664,242392000
2020-10-19T00:00:00.000,13.859167377230175,13.939413232064247,13.364481770808682,13.455195426940918,298068000
2020-10-20T00:00:00.000,13.540672280640038,13.756240880950452,13.464413539520768,13.602477073669434,229212000
2020-10-21T00:00:00.000,13.582042285326583,13.748017425435206,13.435007294119284,13.482108116149902,219596000
2020-10-22T00:00:00.000,13.479868040929487,13.568836277147218,13.190034178145442,13.318877220153809,290480000
2020-10-23T00:00:00.000,13.407595303610165,13.550394135898697,13.249346221187796,13.547403335571289,233484000
2020-10-26T00:00:00.000,13.384668685989434,13.649580786393301,12.997393298631682,13.09981918334961,336896000
2020-10-27T00:00:00.000,13.264048592896252,13.39962044326866,13.149909542923867,13.354513168334961,250520000
2020-10-28T00:00:00.000,13.156388537797922,13.218193334409735,12.56924582198825,12.587188720703125,376520000
2020-10-29T00:00:00.000,12.798023456887062,13.15115654997992,12.70980245234301,12.982938766479492,320080000
2020-10-30T00:00:00.000,12.809487666588163,12.895714171196541,12.261221483654902,12.494483947753906,416820000
2020-11-02T00:00:00.000,12.617839260587727,12.796274760817864,12.355918058771453,12.541082382202148,299652000
2020-11-03T00:00:00.000,12.668434244784235,13.063683847406413,12.5630175556223,12.978453636169434,272900000
2020-11-04T00:00:00.000,13.347038123353176,13.78390701250947,13.294952940813513,13.750761032104492,410228000
2020-11-05T00:00:00.000,14.117848141886952,14.293791032615538,13.946888650320856,14.115355491638184,319028000
2020-11-06T00:00:00.000,14.06526480662683,14.542754714559118,13.851192528563923,14.51608943939209,383348000
2020-11-09T00:00:00.000,14.506621279357086,14.64518300443051,13.567840684489738,13.587777137756348,582976000
2020-11-10T00:00:00.000,13.56360312015557,13.56360312015557,12.588437650213546,12.729741096496582,644068000
2020-11-11T00:00:00.000,13.01259532860774,13.392643737566482,12.907427719129638,13.375697135925293,404744000
2020-11-12T00:00:00.000,13.436502877183004,13.722597713712116,13.27401668464067,13.414322853088379,365812000
2020-11-13T00:00:00.000,13.584284964818861,13.625654212568513,13.018075946608024,13.25507640838623,346312000
2020-11-16T00:00:00.000,13.130968235107892,13.606464543099285,13.11452073690316,13.472638130187988,413776000
2020-11-17T00:00:00.000,13.509772694181835,13.553384573065271,13.261807196529444,13.37993335723877,312028000
2020-11-18T00:00:00.000,13.422796566288316,13.562853664158515,13.143430545915464,13.386411666870117,510924000
2020-11-19T00:00:00.000,13.171091213997725,13.444974695963419,13.058696656550353,13.397873878479004,565936000
2020-11-20T00:00:00.000,13.411583145369244,13.451955146489949,13.023808681876831,13.046487808227539,341088000
2020-11-23T00:00:00.000,13.12972325050562,13.340306562625956,12.974464034474613,13.09857177734375,361356000
2020-11-24T00:00:00.000,13.101063940439783,13.120502239825685,12.844376096717541,12.91689682006836,346500000
2020-11-25T00:00:00.000,12.991411800755374,13.227664107698024,12.978951400504695,13.193023681640625,259916000
2020-11-27T00:00:00.000,13.332830370269797,13.365228168197541,13.12897493434627,13.219438552856445,167276000
2020-11-30T00:00:00.000,13.223179104994932,13.370214112302172,12.931351715293895,13.359248161315918,286952000
2020-12-01T00:00:00.000,13.44971368699047,13.486098591334457,13.186545104830103,13.347785949707031,296948000
2020-12-02T00:00:00.000,13.308409069816136,13.630390679939252,13.192525541134518,13.501797676086426,283360000
2020-12-03T00:00:00.000,13.548661260406087,13.620954255438248,13.290901005987134,13.357708930969238,199520000
2020-12-04T00:00:00.000,13.410060816255628,13.521242861894294,13.350481990906417,13.519497871398926,202244000
2020-12-07T00:00:00.000,13.562373622565351,13.692002161308737,13.46141332691698,13.56785774230957,223244000
2020-12-08T00:00:00.000,13.54616991993234,13.559880694269241,13.243537241523532,13.31184196472168,271920000
2020-12-09T00:00:00.000,13.262482439496566,13.375657659277737,12.831467938222275,12.893789291381836,401300000
2020-12-10T00:00:00.000,12.832217643916875,13.031396655684688,12.812772649418692,12.935172080993652,207764000
2020-12-11T00:00:00.000,12.930185195475408,12.982785004370417,12.786347593211344,12.976054191589355,209264000
2020-12-14T00:00:00.000,13.050590163896993,13.3504802934115,13.040120222256023,13.270709037780762,270156000
2020-12-15T00:00:00.000,13.401335220553591,13.425515937821444,13.149059056353826,13.322312355041504,193016000
2020-12-16T00:00:00.000,13.38413479354012,13.398843113626814,13.174734988056837,13.204649925231934,223116000
2020-12-17T00:00:00.000,13.328544212374,13.341258393471877,13.140832689289908,13.303117752075195,231384000
2020-12-18T00:00:00.000,13.340756694840595,13.366682398325747,13.033139184225682,13.234063148498535,342064000
2020-12-21T00:00:00.000,13.03737902706712,13.331785067544075,12.930435361494242,13.294142723083496,302332000
2020-12-22T00:00:00.000,13.28118240807167,13.299130612390135,13.01669031269622,13.240299224853516,185580000
2020-12-23T00:00:00.000,13.218112472817584,13.23705822199878,12.967830405935214,12.972067832946777,179144000
2020-12-24T00:00:00.000,12.999987250858249,13.09496514213458,12.901769477771508,12.956611633300781,97884000
2020-12-28T00:00:00.000,13.025163617065004,13.025163617065004,12.726769309604906,12.863127708435059,212564000
2020-12-29T00:00:00.000,12.88805551350614,13.0351339391796,12.805541725669938,12.90625286102295,170372000
2020-12-30T00:00:00.000,12.953120278145812,13.175981710757751,12.859888338350087,13.108176231384277,225396000
2020-12-31T00:00:00.000,13.098951077067488,13.11340929563424,12.87808381553672,13.017683982849121,192424000
2021-01-04T00:00:00.000,13.066797942915024,13.613481239495448,12.925452730383535,13.076021194458008,560640000
2021-01-05T00:00:00.000,13.062308392629653,13.40507590033229,13.049595161288442,13.366436958312988,322760000
2021-01-06T00:00:00.000,13.184707458538943,13.207143187349473,12.550027288519626,12.578445434570312,580424000
2021-01-07T00:00:00.000,12.930435562151088,13.33951363281077,12.849667703065894,13.305859565734863,461480000
2021-01-08T00:00:00.000,13.32430840322089,13.382640540646907,13.004724061709922,13.238802909851074,292528000
2021-01-11T00:00:00.000,13.380397446544206,13.92109826379757,13.324308596029095,13.582568168640137,518344000
2021-01-12T00:00:00.000,13.713191537825285,13.71518662773532,13.30685695821669,13.446207046508789,291476000
2021-01-13T00:00:00.000,13.45143998616844,13.586054330700227,13.346740574387052,13.493070602416992,210028000
2021-01-14T00:00:00.000,13.536197464827335,13.560876476777679,13.142825311605426,13.162518501281738,283120000
2021-01-15T00:00:00.000,13.190189882912284,13.287161896457812,12.811775176828125,12.82274341583252,277780000
2021-01-19T00:00:00.000,12.979044892252457,13.056572862335285,12.807287445364308,12.988019943237305,226188000
2021-01-20T00:00:00.000,13.074271482544104,13.392110759074399,13.019429339264908,13.327546119689941,258572000
2021-01-21T00:00:00.000,13.380147607196607,13.959238189663656,13.215120946062724,13.827864646911621,337780000
2021-01-22T00:00:00.000,13.700727061039379,13.802186604239331,13.588299278392899,13.67330551147461,246820000
2021-01-25T00:00:00.000,13.742357125035246,13.78897356721507,13.198665682875298,13.614224433898926,251112000
2021-01-26T00:00:00.000,13.541685775061461,13.605752137140698,13.349237540275197,13.396851539611816,163980000
2021-01-27T00:00:00.000,13.192185570772127,13.194928106319463,12.757182726351548,12.880828857421875,371272000
2021-01-28T00:00:00.000,12.959101769876003,13.301620049021917,12.92345356941751,13.013694763183594,228316000
2021-01-29T00:00:00.000,13.037626732062714,13.296634637804713,12.874594241549072,12.952620506286621,271552000
2021-02-01T00:00:00.000,13.015940401973044,13.232818458698954,12.865870277184177,13.199165344238281,217204000
2021-02-02T00:00:00.000,13.360454111923822,13.533208177107893,13.247527071774433,13.5180025100708,220440000
2021-02-03T00:00:00.000,13.597024736589539,13.89193002868741,13.477867087311907,13.491827011108398,245408000
2021-02-04T00:00:00.000,13.492322342226124,13.634414935890396,13.299625035923523,13.625191688537598,201340000
2021-02-05T00:00:00.000,13.68577328849187,13.697988223808828,13.507034883485657,13.552155494689941,169152000
2021-02-08T00:00:00.000,13.688013522894353,14.432379818392382,13.688013522894353,14.397480010986328,434624000
2021-02-09T00:00:00.000,14.299758642023518,14.541565792790065,14.181846750202897,14.222480773925781,287560000
2021-02-10T00:00:00.000,14.421911341669587,14.862398307109832,14.300509448878522,14.722050666809082,485352000
2021-02-11T00:00:00.000,14.937432968957507,15.22859817563987,14.882340720231461,15.207159042358398,450828000
2021-02-12T00:00:00.000,15.006984725766184,15.247545230196673,14.73277015205529,14.918488502502441,374756000
2021-02-16T00:00:00.000,15.021189951874046,15.328559268152981,14.907266344437048,15.286429405212402,321960000
2021-02-17T00:00:00.000,15.12763862786288,15.179989298031265,14.737756367516171,14.863396644592285,274756000
2021-02-18T00:00:00.000,14.686898922585039,14.830736516708235,14.533338832562045,14.786613464355469,233868000
2021-02-19T00:00:00.000,14.98155717225238,15.133621451996458,14.804315578862303,14.883837699890137,271724000
2021-02-22T00:00:00.000,14.732517382218266,15.089993119541159,14.284053007840376,14.314715385437012,325884000
2021-02-23T00:00:00.000,14.035018976264617,14.198052434655088,13.35122901911437,14.101578712463379,391780000
2021-02-24T00:00:00.000,14.082384712334376,14.46528699059649,13.71668224012593,14.457558631896973,448320000
2021-02-25T00:00:00.000,14.005354056686674,14.3336633080336,13.178474888234955,13.269463539123535,824436000
2021-02-26T00:00:00.000,13.713194008159721,13.814902721109029,13.322813420867767,13.67530345916748,500932000
2021-03-01T00:00:00.000,13.83534082862855,13.885198102885361,13.514510804567648,13.802186012268066,353184000
2021-03-02T00:00:00.000,13.86026773895251,13.880709324156625,13.357708666016107,13.367929458618164,264116000
2021-03-03T00:00:00.000,13.387871897125041,13.413049203391862,12.762165055757194,12.768148422241211,377592000
2021-03-04T00:00:00.000,12.764162806346638,12.93791536777413,12.049212120822903,12.334893226623535,573344000
2021-03-05T00:00:00.000,12.514127488088242,12.514127488088242,11.64586599874504,12.425880432128906,542840000
2021-03-08T00:00:00.000,12.414413615899687,12.435602648184473,11.533438850520735,11.560112953186035,543112000
2021-03-09T00:00:00.000,12.099752572699794,12.585029220167039,12.02893097921558,12.48877239227295,521824000
2021-03-10T00:00:00.000,12.808218669435043,12.947367629501878,12.426182115532276,12.436904907226562,384376000
2021-03-11T00:00:00.000,12.917444864568697,13.013453434853387,12.702486730786609,12.960835456848145,299916000
2021-03-12T00:00:00.000,12.616450011981625,12.856345807578716,12.55834698640387,12.823678016662598,243964000
2021-03-15T00:00:00.000,12.832405805122997,13.17354596831994,12.735151088409987,13.158084869384766,221988000
2021-03-16T00:00:00.000,13.322919832651639,13.478527766958353,13.083772684178307,13.257834434509277,272128000
2021-03-17T00:00:00.000,13.006969228103879,13.419429555313807,12.95684549924497,13.307711601257324,243864000
2021-03-18T00:00:00.000,13.10347523322454,13.150855475897037,12.685029504987675,12.690515518188477,293896000
2021-03-19T00:00:00.000,12.717944549061619,12.889013577295337,12.580790435356477,12.813453674316406,299208000
2021-03-22T00:00:00.000,12.880285290303775,13.360823620782522,12.874299857877881,13.153097152709961,297804000
2021-03-23T00:00:00.000,13.220926519947097,13.310949633938653,12.988512512674987,13.037888526916504,222048000
2021-03-24T00:00:00.000,13.118187112663936,13.1261673732416,12.604980921274594,12.611214637756348,245840000
2021-03-25T00:00:00.000,12.468074080612768,12.682782915136395,12.241146098262075,12.50373363494873,295144000
2021-03-26T00:00:00.000,12.522937430864202,12.823929009605243,12.342392711032783,12.806971549987793,363968000
2021-03-29T00:00:00.000,12.788020527621528,13.029661972874573,12.668073077151869,12.915699005126953,273520000
2021-03-30T00:00:00.000,12.809713771579235,12.942629001970921,12.673058121314657,12.839388847351074,200204000
2021-03-31T00:00:00.000,12.98277686105414,13.436632836630071,12.949859836344844,13.314690589904785,314776000
2021-04-01T00:00:00.000,13.53812732257779,13.835128246846539,13.477279865489436,13.77702522277832,308276000
2021-04-05T00:00:00.000,13.832634317551104,13.97876561859769,13.698471978264806,13.952332496643066,255672000
2021-04-06T00:00:00.000,13.964551469176358,14.018914070443666,13.73887061935649,13.826648712158203,191744000
2021-04-07T00:00:00.000,13.845853464933775,14.207691563848941,13.677029424056386,14.107943534851074,251284000
2021-04-08T00:00:00.000,14.216921196202117,14.435121292681956,14.213179824046987,14.281009674072266,244416000
2021-04-09T00:00:00.000,14.178265873277429,14.371778402447765,14.139364360339467,14.363798141479492,195172000
2021-04-12T00:00:00.000,14.253826338640454,15.313904498075306,14.10370439177291,15.170764923095703,869324000
2021-04-13T00:00:00.000,15.193206795688422,15.660529096417902,15.087722573627937,15.640080451965332,676212000
2021-04-14T00:00:00.000,15.585717781764965,15.680977681236898,15.189217083345795,15.238593101501465,385500000
2021-04-15T00:00:00.000,15.623122755169474,16.17348576432492,15.592200556342737,16.0966796875,598480000
2021-04-16T00:00:00.000,16.0126405831472,16.125108122447834,15.82536274319291,15.8724946975708,335208000
2021-04-19T00:00:00.000,15.497439688816309,15.767758276852438,15.194702542617696,15.323128700256348,404420000
2021-04-20T00:00:00.000,15.284724505863194,15.458037592088138,14.92538071636659,15.13310718536377,334132000
2021-04-21T00:00:00.000,15.08074025890028,15.323878028896175,15.064282220242037,15.321883201599121,216776000
2021-04-22T00:00:00.000,15.336347292085806,15.39968805660098,14.746334039888772,14.81291675567627,277788000
2021-04-23T00:00:00.000,14.896707069910082,15.296449795107073,14.862793097138876,15.226875305175781,227500000
2021-04-26T00:00:00.000,15.146826138366272,15.440086710805838,15.086976556604712,15.439088821411133,197796000
2021-04-27T00:00:00.000,15.53933364907408,15.631102358075223,15.315896833735502,15.34307861328125,164572000
2021-04-28T00:00:00.000,15.325873065531082,15.493201692864114,15.177247490188085,15.238343238830566,209416000
2021-04-29T00:00:00.000,15.361280071833985,15.397688278646893,15.03360621051782,15.286219596862793,173196000
2021-04-30T00:00:00.000,15.13635161976732,15.326372008336463,14.959297133568592,14.971765518188477,201912000
2021-05-03T00:00:00.000,15.08697327520045,15.208417054015928,14.7503221859339,14.799448013305664,203912000
2021-05-04T00:00:00.000,14.600452500628666,14.60070173515506,13.975028897504052,14.315171241760254,405324000
2021-05-05T00:00:00.000,14.672019599835691,14.776257644037008,14.351328061036348,14.422149658203125,292024000
2021-05-06T00:00:00.000,14.4588080917108,14.534617237657999,14.182255771749805,14.486488342285156,193380000
2021-05-07T00:00:00.000,14.771018547850868,14.93310940887283,14.634861387469078,14.775008201599121,229328000
2021-05-10T00:00:00.000,14.750071681096927,14.76877473037972,14.214172860878566,14.229883193969727,268904000
2021-05-11T00:00:00.000,13.790244673652095,14.318662787797793,13.715433408949558,14.270284652709961,285584000
2021-05-12T00:00:00.000,13.974278753404459,14.22439889185973,13.674784499511132,13.723910331726074,303408000
2021-05-13T00:00:00.000,13.998467009467184,14.045349728476552,13.425162054864115,13.63089370727539,285404000
2021-05-14T00:00:00.000,13.855081122550907,14.291979724154102,13.713936379271763,14.207193374633789,258616000
2021-05-17T00:00:00.000,14.12140694475875,14.133626093303139,13.818670761725361,14.12988567352295,216980000
2021-05-18T00:00:00.000,14.231131212096818,14.36803609551161,13.968791939261795,13.980512619018555,186256000
2021-05-19T00:00:00.000,13.532391695784717,14.04410243148695,13.509200522328285,14.030386924743652,344000000
2021-05-20T00:00:00.000,14.266542637893258,14.646834538609415,14.234623498296415,14.575763702392578,321592000
2021-05-21T00:00:00.000,15.125627113969413,15.183731096129877,14.832117340430838,14.954059600830078,672992000
2021-05-24T00:00:00.000,15.174256423810533,15.705418021198524,15.137848205171483,15.572752952575684,554816000
2021-05-25T00:00:00.000,15.726361521757942,15.778729299964287,15.443574568167058,15.60840892791748,435408000
2021-05-26T00:00:00.000,15.69469328900032,15.754043443944218,15.547065605147322,15.660529136657715,370440000
2021-05-27T00:00:00.000,15.66027906156566,15.710402780852254,15.42113191055747,15.449061393737793,581476000
2021-05-28T00:00:00.000,15.46202947906416,16.236577036281336,15.46202947906416,16.203659057617188,644536000
2021-06-01T00:00:00.000,16.229096888512235,16.34704949574134,15.86326820041709,16.223609924316406,472804000
2021-06-02T00:00:00.000,16.211390186002433,16.876214600887355,16.194681963051526,16.736066818237305,594168000
2021-06-03T00:00:00.000,16.658759311986948,17.215606118739935,16.54130520580111,16.927082061767578,580008000
2021-06-04T00:00:00.000,17.06947505300827,17.616596077162153,17.052519499034798,17.534055709838867,617120000
2021-06-07T00:00:00.000,17.527070892104806,17.76771339539244,17.149522583386645,17.57469940185547,575756000
2021-06-08T00:00:00.000,17.483189415739016,17.577202211430077,17.20763302961536,17.413116455078125,323848000
2021-06-09T00:00:00.000,17.47571805921768,17.534832519599075,17.216312069425967,17.31857681274414,381656000
2021-06-10T00:00:00.000,17.31035015277787,17.45202583585592,17.13674801084878,17.385177612304688,287772000
2021-06-11T00:00:00.000,17.439547219530038,17.898247503293362,17.403879495985695,17.784507751464844,416308000
2021-06-14T00:00:00.000,17.8650705730281,17.998264565971503,17.622376700841972,17.977561950683594,321376000
2021-06-15T00:00:00.000,17.8740566646082,17.97507495598846,17.68748377402905,17.747844696044922,243032000
2021-06-16T00:00:00.000,17.75009224553801,17.913717005111053,17.5443124591101,17.769546508789062,307124000
2021-06-17T00:00:00.000,17.733882160929696,18.791957932569378,17.7156743524254,18.614614486694336,809656000
2021-06-18T00:00:00.000,18.741067781626178,19.330716599231298,18.541524139406174,18.596149444580078,968856000
2021-06-21T00:00:00.000,18.393118696833035,18.494138905663043,17.78201922276795,18.3851375579834,672384000
2021-06-22T00:00:00.000,18.429284231032042,18.920409647101682,18.343978923682204,18.843584060668945,580144000
2021-06-23T00:00:00.000,18.964308379906097,19.108977447011597,18.86453654386818,19.013694763183594,332356000
2021-06-24T00:00:00.000,19.183802290450465,19.37561216814701,19.04461957476454,19.161602020263672,320924000
2021-06-25T00:00:00.000,19.236436935503985,19.30128891794506,18.851319416019447,18.987506866455078,278364000
2021-06-28T00:00:00.000,19.317000214420624,20.03286106908621,19.274847095565143,19.9393253326416,495436000
2021-06-29T00:00:00.000,19.837058731492426,20.052813964606784,19.612073999620787,19.980979919433594,367632000
2021-06-30T00:00:00.000,19.953542508047825,20.116419372850345,19.81835223637548,19.956785202026367,326568000
2021-07-01T00:00:00.000,20.079004759784198,20.40924764246024,19.973246122217304,20.16580581665039,480136000
2021-07-02T00:00:00.000,20.39353374130317,20.458385715167392,20.241382131269432,20.440176010131836,342764000
2021-07-06T00:00:00.000,20.690104043459606,20.794365027841287,20.30374010137351,20.651193618774414,446708000
2021-07-07T00:00:00.000,20.80584097500275,20.827291472702445,20.28553319651976,20.325191497802734,418428000
2021-07-08T00:00:00.000,19.81111606957633,20.086982890992743,19.655721781967447,19.85725975036621,503300000
2021-07-09T00:00:00.000,19.91687041859039,20.034351439483817,19.70909637948442,20.004419326782227,296624000
2021-07-12T00:00:00.000,20.193743724149126,20.48582408605355,20.141613226484793,20.465621948242188,321984000
2021-07-13T00:00:00.000,20.353873559779505,20.41448567344241,20.068029336079224,20.203718185424805,290708000
2021-07-14T00:00:00.000,20.311224805292404,20.37108714983475,19.707607915100564,19.796154022216797,380100000
2021-07-15T00:00:00.000,19.766467672504746,19.80163681406628,18.81539558596507,18.92289924621582,550564000
2021-07-16T00:00:00.000,18.987003411331106,19.113213454930996,18.03169146133854,18.119489669799805,688224000
2021-07-19T00:00:00.000,17.874307343819012,18.99848131527796,17.82466976343855,18.736831665039062,749060000
2021-07-20T00:00:00.000,18.68719792250743,18.794950924006848,18.122491355636242,18.569467544555664,434687000
2021-07-21T00:00:00.000,18.838843731264284,19.482369991726237,18.699164320803426,19.365636825561523,371017000
2021-07-22T00:00:00.000,19.597104029652993,19.84154296188045,19.231939477647337,19.549213409423828,323826000
2021-07-23T00:00:00.000,19.611077449582748,19.654977514226925,19.206005202834984,19.513301849365234,195672000
2021-07-26T00:00:00.000,19.266865977371694,19.397565194519427,18.87077204812226,19.24990463256836,203943000
2021-07-27T00:00:00.000,19.220965756845324,19.577150119068563,18.698163285947036,19.16409683227539,248863000
2021-07-28T00:00:00.000,19.27484982328238,19.601102183245256,18.95159086611591,19.45842933654785,202191000
2021-07-29T00:00:00.000,19.474386899841395,19.80762505431973,19.2838234605119,19.617061614990234,190781000
2021-07-30T00:00:00.000,19.37362109560357,19.585136481217972,19.218976552723575,19.454437255859375,183497000
2021-08-02T00:00:00.000,19.654977627712686,19.915380808627756,19.316751690978577,19.704862594604492,217444000
2021-08-03T00:00:00.000,19.694886903097746,20.175785713093944,19.176074829948746,19.769716262817383,301811000
2021-08-04T00:00:00.000,19.94431173895087,20.27156310038773,19.782681342516437,20.227663040161133,231309000
2021-08-05T00:00:00.000,20.45314818824978,20.685615479502886,20.295508346135612,20.589834213256836,211435000
2021-08-06T00:00:00.000,20.477094039344426,20.522988437706402,20.163810582897227,20.319454193115234,178497000
2021-08-09T00:00:00.000,20.399273064432922,20.46113164731858,20.096966025159155,20.248619079589844,146443000
2021-08-10T00:00:00.000,20.275555576217656,20.38330854964685,19.789667174813598,19.890438079833984,179238000
2021-08-11T00:00:00.000,19.99719201633086,20.003178821250415,19.385594031751758,19.65397834777832,185925000
2021-08-12T00:00:00.000,19.82459056189546,19.98322568110956,19.57516190406229,19.85951042175293,151652000
2021-08-13T00:00:00.000,19.859510585376018,20.16780442422177,19.8056331423008,20.141862869262695,183063000
2021-08-16T00:00:00.000,20.088984173742237,20.24063722279305,19.408541689128278,19.904407501220703,210876000
2021-08-17T00:00:00.000,19.640008912743852,19.72481563269579,19.222964992831216,19.413528442382812,204585000
2021-08-18T00:00:00.000,19.455432507309833,19.589127025061778,18.95657526353266,18.996484756469727,285913000
2021-08-19T00:00:00.000,19.4494518731429,20.448165746956896,18.71912428640541,19.752758026123047,766555000
2021-08-20T00:00:00.000,19.945309765245902,20.817312785089932,19.887443664031185,20.76842498779297,675741000
2021-08-23T00:00:00.000,20.92307217475191,21.946726358583017,20.902120260869,21.90781593322754,575807000
2021-08-24T00:00:00.000,21.70328507988881,21.90881365504365,21.48578289478911,21.743192672729492,297299000
2021-08-25T00:00:00.000,21.687321379149566,22.418645969756334,21.672356269378028,22.162233352661133,347701000
2021-08-26T00:00:00.000,22.149263059479914,22.288942483035,21.74020025936337,22.01756477355957,237940000
2021-08-27T00:00:00.000,22.133300012367442,22.670070557019205,22.11633866678472,22.584266662597656,304722000
2021-08-30T00:00:00.000,22.777822203844707,22.990334740001824,22.499460525203325,22.636146545410156,262580000
2021-08-31T00:00:00.000,22.647125533698055,22.647125533698055,22.073339614358837,22.337779998779297,259850000
2021-09-01T00:00:00.000,22.43756739580158,22.649120064789688,22.309837159244136,22.393659591674805,201767000
2021-09-02T00:00:00.000,22.470495343605453,22.545337883825013,22.247966214051775,22.348752975463867,187834000
2021-09-03T00:00:00.000,22.277908090222944,22.93751306703993,22.15317176699286,22.794815063476562,280532000
2021-09-07T00:00:00.000,22.784829827757243,22.85069057355953,22.474485116430305,22.61419105529785,198107000
2021-09-08T00:00:00.000,22.46550856729171,22.5623040643883,21.930638074162353,22.2918758392334,254434000
2021-09-09T00:00:00.000,22.26492820000375,22.490451235776646,22.08431030296095,22.130212783813477,196856000
2021-09-10T00:00:00.000,22.30085711920523,22.578270564497437,22.223022541074023,22.430583953857422,248376000
2021-09-13T00:00:00.000,22.636143804788667,22.91555377675498,21.81188619564653,22.105266571044922,297500000
2021-09-14T00:00:00.000,22.228011138976065,22.36272658870624,22.039410651348902,22.19508171081543,199755000
2021-09-15T00:00:00.000,22.261938841506673,22.31981705301157,21.919661994088578,22.29387092590332,166538000
2021-09-16T00:00:00.000,22.13620615441447,22.230007727042683,21.880745661445022,22.19508171081543,156033000
2021-09-17T00:00:00.000,22.252955607329,22.273911214791905,21.78394779506993,21.85379981994629,294503000
2021-09-20T00:00:00.000,21.10139179807724,21.38778701785786,20.61841355645307,21.068462371826172,349440000
2021-09-21T00:00:00.000,21.371820211672656,21.379802756895952,20.905806301905702,21.201181411743164,204688000
2021-09-22T00:00:00.000,21.32092658519888,21.91367337565563,21.151285132509745,21.89471435546875,268726000
2021-09-23T00:00:00.000,22.09328898867495,22.487456084637557,21.84381643224158,22.434568405151367,248555000
2021-09-24T00:00:00.000,22.023441631035194,22.102275447550486,21.81488289522603,22.0344181060791,217655000
2021-09-27T00:00:00.000,21.66420116567819,21.753014117831665,21.28001501008737,21.614307403564453,245215000
2021-09-28T00:00:00.000,21.169249364639114,21.373816837113832,20.607435394582403,20.65533447265625,343069000
2021-09-29T00:00:00.000,20.895826640226495,20.972663870201263,20.423822978492204,20.473718643188477,218394000
2021-09-30T00:00:00.000,20.72418878114169,21.02156047404019,20.64435762025099,20.672298431396484,221009000
2021-10-01T00:00:00.000,20.706226639761606,20.814995951669495,20.16037968568149,20.698244094848633,240978000
2021-10-04T00:00:00.000,20.460747131129327,20.498667077843145,19.51374961230619,19.69037628173828,345635000
2021-10-05T00:00:00.000,19.907917186053545,20.604444742602162,19.812119023512988,20.407859802246094,279282000
2021-10-06T00:00:00.000,20.077559368646227,20.676292195822512,20.03764283172768,20.656335830688477,297202000
2021-10-07T00:00:00.000,21.04750098845933,21.277017200986315,20.927755219886244,21.03053855895996,256919000
2021-10-08T00:00:00.000,21.056482991555182,21.16126101595246,20.73117054152913,20.787052154541016,151258000
2021-10-11T00:00:00.000,20.531598501082726,21.01856804632995,20.467732425809636,20.651344299316406,163388000
2021-10-12T00:00:00.000,20.78406211740241,21.01257912959574,20.484695733535407,20.62739372253418,162134000
2021-10-13T00:00:00.000,20.873875092241658,20.94572371878802,20.669307592901905,20.89483070373535,180652000
2021-10-14T00:00:00.000,21.243092625799367,21.70910653549275,21.077442440829326,21.70012664794922,243589000
2021-10-15T00:00:00.000,21.763989474383635,21.88473450421562,21.616302880257262,21.815879821777344,226994000
2021-10-18T00:00:00.000,21.7031139590104,22.243970251011113,21.598334044134017,22.17511558532715,189494000
2021-10-19T00:00:00.000,22.22900674096052,22.33179009685353,21.990512506917007,22.242979049682617,161473000
2021-10-20T00:00:00.000,22.257949059996356,22.38567930946501,21.93563045748002,22.05637550354004,146276000
2021-10-21T00:00:00.000,22.050384685989254,22.663089722334,22.03641428104515,22.644128799438477,187590000
2021-10-22T00:00:00.000,22.77485412154464,23.081205703653463,22.51340768666048,22.678058624267578,249384000
2021-10-25T00:00:00.000,22.924538524453713,23.305732673219815,22.72196763172872,23.11713218688965,230235000
2021-10-26T00:00:00.000,23.93839671538891,25.2057181702465,23.873533296730404,24.664859771728516,485898000
2021-10-27T00:00:00.000,24.422366253285386,25.03706585426714,24.23076999047586,24.3994140625,245990000
2021-10-28T00:00:00.000,24.825517045714975,24.897365655301588,24.471266418851215,24.888383865356445,234204000
2021-10-29T00:00:00.000,24.94825747657164,25.654764066294884,24.94726013432384,25.513063430786133,292503000
2021-11-01T00:00:00.000,25.59489035924364,25.839372434906895,25.173779738453483,25.77251434326172,265740000
2021-11-02T00:00:00.000,25.767531088653996,26.621724421153417,25.745576232060976,26.345308303833008,294112000
2021-11-03T00:00:00.000,26.61373971651481,26.72749955329643,26.179657881858056,26.54189109802246,239910000
2021-11-04T00:00:00.000,27.171557859265718,31.29883224397883,27.060791963689024,29.73813247680664,1153631000
2021-11-05T00:00:00.000,30.12332715010897,31.333767927127834,29.34796564175275,29.689245223999023,851260000
2021-11-08T00:00:00.000,30.085392973003938,31.034386803146713,29.84390295663633,30.739011764526367,503101000
2021-11-09T00:00:00.000,32.21390301112386,32.24184382365619,29.900792011768303,30.592329025268555,646746000
2021-11-10T00:00:00.000,29.294069146734444,30.784916767845264,28.717287521307966,29.3968505859375,636206000
2021-11-11T00:00:00.000,30.40372606119835,30.52546843492164,29.714183788640867,30.325889587402344,332172000
2021-11-12T00:00:00.000,29.946692061105622,30.615278725972825,29.567492631483955,30.325889587402344,413054000
2021-11-15T00:00:00.000,30.48754907870644,30.57935405607118,29.18530173672682,29.961660385131836,384909000
2021-11-16T00:00:00.000,29.69622243740179,30.325889920627386,29.6433328431333,30.139284133911133,264484000
2021-11-17T00:00:00.000,30.353830996008032,30.444640534447622,28.739244216455628,29.19927215576172,428508000
2021-11-18T00:00:00.000,32.29872451850737,32.69089325728903,31.254929555488342,31.608182907104492,781711000
2021-11-19T00:00:00.000,32.17498516255957,33.018203898804174,31.83769881005684,32.91542053222656,533867000
2021-11-22T00:00:00.000,33.446287927689205,34.57390504765396,31.832700615691362,31.888582229614258,754335000
2021-11-23T00:00:00.000,31.46847603985242,32.29173644470543,30.814857092221995,31.679031372070312,532163000
2021-11-24T00:00:00.000,31.39463157257882,32.78568994748824,30.862755024040684,32.605072021484375,435162000
2021-11-26T00:00:00.000,32.53122455866597,32.64099310849513,31.283863498749785,31.436540603637695,283069000
2021-11-29T00:00:00.000,32.29771279160864,33.34150348310231,31.968407224400035,33.305580139160156,454964000
2021-11-30T00:00:00.000,33.099027131565556,33.2826408933307,31.796781690175454,32.6070671081543,622066000
2021-12-01T00:00:00.000,33.15298499754876,33.222845580609224,31.31763707417919,31.372528076171875,484368000
2021-12-02T00:00:00.000,31.151959189582207,32.41344677940804,30.963333768179716,32.0621452331543,472890000
2021-12-03T00:00:00.000,31.936405556758363,32.06515080587632,30.070121019469727,30.632003784179688,544325000
2021-12-06T00:00:00.000,29.820616888870113,30.18089951334633,27.982278547489575,29.977306365966797,658938000
2021-12-07T00:00:00.000,30.895480355032714,32.38451590477449,30.59008680428253,32.36255645751953,593053000
2021-12-08T00:00:00.000,31.93540523035622,32.225827257844415,31.358552936375865,31.76274871826172,475551000
2021-12-09T00:00:00.000,31.670936391059374,32.14100297776801,30.36753196145417,30.42940902709961,488507000
2021-12-10T00:00:00.000,31.0880909467893,31.24278357928564,29.80165319511943,30.137983322143555,488825000
2021-12-13T00:00:00.000,30.188883512765113,30.233794155650276,28.060121324277922,28.105031967163086,598344000
2021-12-14T00:00:00.000,27.6439528427401,28.621007355370885,27.195845739872162,28.280685424804688,667035000
2021-12-15T00:00:00.000,28.343563440042264,30.439390722992787,27.78267996637832,30.39847183227539,698297000
2021-12-16T00:00:00.000,31.090087687112458,31.0980712089087,28.037167251669285,28.330581665039062,707366000
2021-12-17T00:00:00.000,27.929384771071867,28.864522903312924,27.704831542890716,27.745750427246094,713758000
2021-12-20T00:00:00.000,27.250733155410387,28.088064487130367,27.09105129868075,27.663909912109375,461847000
2021-12-21T00:00:00.000,28.31761243890149,29.062130190371207,27.346544620384616,29.01721954345703,524385000
2021-12-22T00:00:00.000,28.83358636542172,29.49626637276533,28.39246340115357,29.34157371520996,395184000
2021-12-23T00:00:00.000,29.69586788446444,29.999264606574506,29.372512354498358,29.581096649169922,343022000
2021-12-27T00:00:00.000,29.601054953911746,31.025219046682178,29.58109424412039,30.883501052856445,403686000
2021-12-28T00:00:00.000,31.249772014643753,31.267735891884268,29.952354442300354,30.26173973083496,420591000
2021-12-29T00:00:00.000,30.212834501373155,30.487287570635146,29.307635630343704,29.941373825073242,343139000
2021-12-30T00:00:00.000,29.76772287739856,30.39647191079737,29.481294496536442,29.527202606201172,308864000
2021-12-31T00:00:00.000,29.61502640680273,29.97031979961117,29.272707665423898,29.352548599243164,266530000
2022-01-03T00:00:00.000,29.755748425658155,30.649967690712824,29.725807360139775,30.061140060424805,391547000
2022-01-04T00:00:00.000,30.216826539242714,30.40744692192532,28.292658836690123,29.231788635253906,527154000
2022-01-05T00:00:00.000,28.89146724200374,29.357540102995376,27.47828288572463,27.54914093017578,498064000
2022-01-06T00:00:00.000,27.58506883228335,28.381483256103156,27.01121270492406,28.121999740600586,454186000
2022-01-07T00:00:00.000,28.085078357021388,28.365520084946507,27.003230966626315,27.192853927612305,409939000
2022-01-10T00:00:00.000,26.52817595400394,27.41441175231118,25.593037744752408,27.345548629760742,594681000
2022-01-11T00:00:00.000,27.268702866777122,28.00922892073781,26.785665432331786,27.761720657348633,404089000
2022-01-12T00:00:00.000,28.011217393989682,28.53816789323049,27.553130003657554,27.9433536529541,383413000
2022-01-13T00:00:00.000,28.322600004609768,28.423399112253964,26.445337738615446,26.522186279296875,540171000
2022-01-14T00:00:00.000,26.24773016124949,27.14294871181414,26.157908876529852,26.88845443725586,395832000
2022-01-18T00:00:00.000,26.207815257948447,26.585064339420303,25.718789234872563,25.851524353027344,424270000
2022-01-19T00:00:00.000,26.02717118789245,26.490247833386153,25.00221181655367,25.017181396484375,488315000
2022-01-20T00:00:00.000,25.25371283114106,25.52816592790516,24.030147591877117,24.102005004882812,435181000
2022-01-21T00:00:00.000,23.46028600695824,24.773670788821633,23.216771410371674,23.327550888061523,718958000
2022-01-24T00:00:00.000,22.28562296184168,23.333535509414546,20.846489247606883,23.325551986694336,913982000
2022-01-25T00:00:00.000,22.50119533882482,22.897407670690043,21.956280840945627,22.27963638305664,664616000
2022-01-26T00:00:00.000,23.193812088529306,24.009187801451084,22.255679732041738,22.726741790771484,755959000
2022-01-27T00:00:00.000,23.521161726766028,23.947313152254385,21.631922323422884,21.900388717651367,573353000
2022-01-28T00:00:00.000,21.968255413826792,22.812574856114637,21.253678692839582,22.79461097717285,543774000
2022-01-31T00:00:00.000,23.135928523427957,24.46029288211656,23.006187716140168,24.43733787536621,564680000
2022-02-01T00:00:00.000,25.054108511883626,25.095027394146598,23.842520509649365,24.589035034179688,518925000
2022-02-02T00:00:00.000,25.742736472228845,25.765689573177465,24.5042017643659,25.19183349609375,543419000
2022-02-03T00:00:00.000,24.409394490116693,25.0271638258228,23.73274239062806,23.900407791137695,410178000
2022-02-04T00:00:00.000,23.924361305059936,24.586043852193274,23.585036824296264,24.270671844482422,354829000
2022-02-07T00:00:00.000,24.32356063658267,25.131950236744533,24.153898433728177,24.67885398864746,376868000
2022-02-08T00:00:00.000,24.310591474393373,25.179860856231137,23.9323449370335,25.058103561401367,410359000
2022-02-09T00:00:00.000,25.571081886954367,26.671890566783304,25.302617361297145,26.65192985534668,524282000
2022-02-10T00:00:00.000,25.943336131869465,26.871486170645973,25.549120732093876,25.772674560546875,513200000
2022-02-11T00:00:00.000,25.864495192370278,26.100026229482054,23.72575451723449,23.901403427124023,605472000
2022-02-14T00:00:00.000,23.88643449693495,24.825564374214455,23.70778938191042,24.218772888183594,440424000
2022-02-15T00:00:00.000,24.899415754979135,26.4922445340871,24.734744665885565,26.442344665527344,699869000
2022-02-16T00:00:00.000,26.206818675900536,26.52917676195882,25.50122290114843,26.458316802978516,732676000
2022-02-17T00:00:00.000,25.579061218859415,25.73375385180885,24.116974561523147,24.458293914794922,810595000
2022-02-18T00:00:00.000,24.61897260173139,24.9363413812796,23.054090050944854,23.595012664794922,761255000
2022-02-22T00:00:00.000,22.989217603574094,24.016171787907638,22.954287318634705,23.3435115814209,633422000
2022-02-23T00:00:00.000,23.754695100866613,24.106994175655707,22.256678790095112,22.342506408691406,566511000
2022-02-24T00:00:00.000,20.973235364784678,23.752700460531262,20.848483782736597,23.700803756713867,735801000
2022-02-25T00:00:00.000,23.67385918065925,24.168871850041366,23.334534721068575,24.108991622924805,528866000
2022-02-28T00:00:00.000,23.944317823201498,24.615980608442836,23.659884397014633,24.336536407470703,477319000
2022-03-01T00:00:00.000,24.24272507991095,24.328554607429982,23.086028049660978,23.430341720581055,412056000
2022-03-02T00:00:00.000,23.712824134644205,24.36463718933064,23.37244429604463,24.175979614257812,389642000
2022-03-03T00:00:00.000,24.217906685184186,24.281791456450637,23.426348571587415,23.6709041595459,365095000
2022-03-04T00:00:00.000,23.341505344158694,23.636966955127175,22.441144110309114,22.894319534301758,431415000
2022-03-07T00:00:00.000,22.775531944141846,22.991140894785616,21.2912348972877,21.313194274902344,450821000
2022-03-08T00:00:00.000,21.27027950235872,22.332345289027902,20.612476573054504,21.47490692138672,557467000
2022-03-09T00:00:00.000,22.346314265208143,23.177800600931413,22.206569302526024,22.97217559814453,492742000
2022-03-10T00:00:00.000,22.490051297255544,22.746584183582087,21.842230651130887,22.6168212890625,428066000
2022-03-11T00:00:00.000,22.980162727551132,23.102940302954398,22.00593652699091,22.059839248657227,367209000
2022-03-14T00:00:00.000,21.829258865642,22.22154435088089,21.120550000261794,21.29123878479004,385354000
2022-03-15T00:00:00.000,21.47889215070773,22.996130111197097,21.28324922029345,22.93124771118164,491996000
2022-03-16T00:00:00.000,23.457290722488487,24.552297138914387,23.12988771835892,24.451480865478516,671422000
2022-03-17T00:00:00.000,24.076167120982394,24.79685323515595,23.862555326463934,24.720993041992188,471941000
2022-03-18T00:00:00.000,24.753930982548006,26.520714705600792,24.57924978276127,26.404924392700195,730719000
2022-03-21T00:00:00.000,26.45883040449885,27.10265874201125,25.919810799916604,26.68541717529297,591727000
2022-03-22T00:00:00.000,26.678427854459326,27.188500789536455,26.02461941553547,26.475797653198242,547007000
2022-03-23T00:00:00.000,26.078516362640386,26.563633135603418,25.52851909569361,25.587411880493164,502120000
2022-03-24T00:00:00.000,26.118445344770176,28.268529918250007,25.85991528381523,28.098838806152344,877379000
2022-03-25T00:00:00.000,27.835319803468362,28.306462114881743,27.22143772985282,27.641672134399414,579016000
2022-03-28T00:00:00.000,27.705559052925192,28.198660780217054,27.15655743522871,28.16771697998047,425494000
2022-03-29T00:00:00.000,28.64285057154714,28.89339386605595,27.929149831104116,28.60392189025879,488984000
2022-03-30T00:00:00.000,28.25256539037633,28.444215914701186,27.45302041414032,27.639680862426758,463487000
2022-03-31T00:00:00.000,27.73151289162019,28.19666565950048,27.220444189167058,27.236413955688477,523440000
2022-04-01T00:00:00.000,27.325251194574196,27.446031589701068,26.219264969798488,26.663455963134766,517235000
2022-04-04T00:00:00.000,26.679426533913535,27.507918058034864,26.56463575752181,27.310277938842773,397120000
2022-04-05T00:00:00.000,27.20446853162703,27.269350934287917,25.773074655335627,25.883872985839844,436615000
2022-04-06T00:00:00.000,24.88868689300515,25.254020976141952,23.959379064062016,24.36264419555664,703833000
2022-04-07T00:00:00.000,24.396581634228397,24.67707109021869,23.435332416882506,24.164005279541016,557992000
2022-04-08T00:00:00.000,23.873536476701478,23.8795260910143,23.020090688541902,23.07698631286621,524781000
2022-04-11T00:00:00.000,22.173629781756052,22.279436135946174,21.62063574834751,21.877168655395508,575207000
2022-04-12T00:00:00.000,22.496043695875855,22.68370176540481,21.243323367316314,21.464920043945312,662258000
2022-04-13T00:00:00.000,21.68851390489682,22.459110293944573,21.416009317470518,22.162649154663086,516943000
2022-04-14T00:00:00.000,22.464101591348445,22.73560855917908,21.12454130662309,21.21936798095703,569097000
2022-04-18T00:00:00.000,21.161471392693215,22.047856104528115,21.040691011493315,21.743412017822266,525701000
2022-04-19T00:00:00.000,21.680525694021107,22.332338819215018,21.275263415595177,22.157657623291016,512781000
2022-04-20T00:00:00.000,22.476073665641074,22.628795453485246,21.161467986934102,21.442955017089844,468974000
2022-04-21T00:00:00.000,21.66954608901935,22.351305380675164,19.963652360371036,20.146320343017578,656209000
2022-04-22T00:00:00.000,20.26610021349829,20.448768187334096,19.464560112515493,19.47953224182129,624713000
2022-04-25T00:00:00.000,19.167102763902953,19.90875249765362,19.061296409060496,19.86583137512207,641566000
2022-04-26T00:00:00.000,19.682164872038474,19.752037349254017,18.63606917460008,18.753854751586914,653143000
2022-04-27T00:00:00.000,18.56420451525645,19.132170809703098,18.256765532864236,18.38153839111328,499460000
2022-04-28T00:00:00.000,18.932530442416695,20.000587537213033,18.45639800746317,19.746049880981445,570327000
2022-04-29T00:00:00.000,19.36673991620479,20.091420341877647,18.48334805551463,18.513294219970703,500435000
2022-05-02T00:00:00.000,18.507305480868084,19.538427232283176,18.35757845927692,19.49750328063965,572049000
2022-05-03T00:00:00.000,19.364745058425033,19.788973871458698,19.09823006494358,19.566377639770508,475751000
2022-05-04T00:00:00.000,19.886796140998648,20.362928617902014,18.716925022967168,20.297048568725586,648855000
2022-05-05T00:00:00.000,19.83089295751336,19.888786204081587,18.46637685642343,18.809751510620117,626331000
2022-05-06T00:00:00.000,18.70195175204548,19.47654062399215,17.95730714361305,18.641061782836914,633297000
2022-05-09T00:00:00.000,18.001226735376935,18.221823872571708,16.796419517005482,16.91919708251953,644455000
2022-05-10T00:00:00.000,17.656853560798723,18.164929349233372,16.994060667065273,17.563024520874023,761474000
2022-05-11T00:00:00.000,17.315473177135534,17.720735437950946,16.537889624665944,16.599775314331055,670167000
2022-05-12T00:00:00.000,16.189525752393525,16.75749197618236,15.538711130202692,16.145605087280273,708728000
2022-05-13T00:00:00.000,16.757491408122753,17.895419085973305,16.56284608468857,17.6738224029541,670437000
2022-05-16T00:00:00.000,17.477181558942796,17.75567386028926,17.074914055272394,17.23262596130371,521446000
2022-05-17T00:00:00.000,18.041149425668817,18.33761050359506,17.601950508278644,18.143962860107422,585830000
2022-05-18T00:00:00.000,17.67282130331116,18.085070787489677,16.833350206512566,16.907215118408203,545161000
2022-05-19T00:00:00.000,16.906217932771696,17.654854836825514,16.703585856926992,17.092878341674805,621310000
2022-05-20T00:00:00.000,17.300504976295468,17.378362351094147,15.72637008787695,16.663663864135742,739105000
2022-05-23T00:00:00.000,16.244427672325003,16.88426361777237,16.1496009881176,16.867294311523438,639889000
2022-05-24T00:00:00.000,16.47999533080433,16.56683711237005,15.751321521154898,16.12464141845703,588550000
2022-05-25T00:00:00.000,15.990886566703573,17.079903445712347,15.97092245670094,16.944150924682617,781132000
2022-05-26T00:00:00.000,16.006850614967718,18.059113174018794,15.992876123733142,17.818552017211914,996575000
2022-05-27T00:00:00.000,18.152953076810967,18.846689812592366,18.067108915002834,18.776817321777344,738379000
2022-05-31T00:00:00.000,18.945508098862536,19.165109521892898,18.316653805372184,18.63806915283203,664100000
2022-06-01T00:00:00.000,18.68997007377349,19.01837068481213,18.089063020279156,18.28670310974121,544514000
2022-06-02T00:00:00.000,18.258754262823782,19.583342116528346,18.164925244103703,19.5563907623291,648656000
2022-06-03T00:00:00.000,19.047325348696557,19.29687105430401,18.488341597340362,18.68598175048828,598779000
2022-06-06T00:00:00.000,19.104220743979752,19.3018608947112,18.5302648665471,18.751861572265625,422406000
2022-06-07T00:00:00.000,18.43843370634058,18.965474128700176,18.154949381251356,18.89160919189453,388914000
2022-06-08T00:00:00.000,18.768808089598153,19.149196711366987,18.505232141600775,18.618051528930664,363252000
2022-06-09T00:00:00.000,18.451315596651252,18.902589231705353,18.01202181811601,18.019010543823242,395574000
2022-06-10T00:00:00.000,17.571729282063977,17.66857359163236,16.841902597628902,16.946735382080078,465248000
2022-06-13T00:00:00.000,15.974297907810348,16.285796991229645,15.580930768510546,15.621865272521973,604153000
2022-06-14T00:00:00.000,15.705732201117623,16.040194149141445,15.387244347607172,15.810564041137695,469680000
2022-06-15T00:00:00.000,16.06914487895743,16.84090387526414,15.900416682083067,16.500452041625977,563936000
2022-06-16T00:00:00.000,15.834524897841815,15.916393918477562,15.376262521633423,15.57594108581543,545749000
2022-06-17T00:00:00.000,15.622864496998716,15.969307235334867,15.303378815321718,15.8544921875,630334000
2022-06-21T00:00:00.000,16.44853713036233,16.980680030237714,16.380645564342693,16.539390563964844,483089000
2022-06-22T00:00:00.000,16.199937522982893,16.63523803952557,16.15401188075244,16.333723068237305,437135000
2022-06-23T00:00:00.000,16.49246289970144,16.558356861748027,15.827533351841502,16.198936462402344,463680000
2022-06-24T00:00:00.000,16.473495860765993,17.112467212054863,16.2838005267453,17.09848976135254,472153000
2022-06-27T00:00:00.000,17.28419095345656,17.302161688571072,16.599292094417013,16.841901779174805,427968000
2022-06-28T00:00:00.000,16.872854081714543,17.17436904148227,15.919388121687373,15.956329345703125,461149000
2022-06-29T00:00:00.000,15.788597926333088,15.794587854289764,15.145632337338009,15.517034530639648,482352000
2022-06-30T00:00:00.000,15.336325419135894,15.541994845285537,14.838127375234018,15.134650230407715,686070000
2022-07-01T00:00:00.000,14.875066426306015,15.038802535047681,14.368880901155025,14.499670028686523,577610000
2022-07-05T00:00:00.000,14.152230235873315,14.946951112194402,14.032423111650445,14.939962387084961,651397000
2022-07-06T00:00:00.000,14.985889549347426,15.294393215490263,14.765243873049544,15.105696678161621,529066000
2022-07-07T00:00:00.000,15.431173417202471,15.919387306256189,15.364280650557577,15.832527160644531,492903000
2022-07-08T00:00:00.000,15.405215450126937,16.01124079035871,15.364280941862427,15.812560081481934,467972000
2022-07-11T00:00:00.000,15.501060543530391,15.502059340934558,15.013844503778325,15.12766170501709,437321000
2022-07-12T00:00:00.000,15.243474689136713,15.406212969174792,14.85310295738434,15.05777359008789,458483000
2022-07-13T00:00:00.000,14.566566202089593,15.35030521006558,14.441766972739467,15.139643669128418,521918000
2022-07-14T00:00:00.000,15.083733212382363,15.44814671796971,14.704343457142825,15.347309112548828,456235000
2022-07-15T00:00:00.000,15.633847697054403,15.75664931750774,15.420190739657972,15.736681938171387,385935000
2022-07-18T00:00:00.000,16.275813524039364,16.8698570674019,15.976296187145689,16.075136184692383,670517000
2022-07-19T00:00:00.000,16.459520538555523,17.08251882919719,16.146025702467618,16.96470832824707,702366000
2022-07-20T00:00:00.000,16.919777466324557,17.904193653189743,16.774012086751018,17.77839469909668,760538000
2022-07-21T00:00:00.000,17.856273549154427,18.114856419024587,17.516819500864308,18.021007537841797,557049000
2022-07-22T00:00:00.000,17.86426095207546,17.938141503435737,17.109474677408237,17.291183471679688,536671000
2022-07-25T00:00:00.000,16.991661475600253,17.096494261320483,16.622256873127547,16.996654510498047,480748000
2022-07-26T00:00:00.000,16.86187210310339,16.89182460135965,16.451532969702946,16.506444931030273,397865000
2022-07-27T00:00:00.000,17.00464308668516,17.907192331594356,16.885834740379728,17.76142692565918,569776000
2022-07-28T00:00:00.000,17.946129947254434,18.11086394331019,17.411989386494458,17.955114364624023,474646000
2022-07-29T00:00:00.000,17.784388988721815,18.214696484956857,17.663583046050046,18.133827209472656,435460000
2022-08-01T00:00:00.000,18.152795986600218,18.81573095811725,17.961104933200836,18.411380767822266,476469000
2022-08-02T00:00:00.000,18.09289023442921,18.907579472181585,18.062937738115096,18.496240615844727,489527000
2022-08-03T00:00:00.000,18.154792892998703,18.937534029090394,18.107867500762456,18.862653732299805,418146000
2022-08-04T00:00:00.000,18.818722242281332,19.243038768382238,18.729864509468054,19.184133529663086,409652000
2022-08-05T00:00:00.000,18.7797827890261,19.19811032548753,18.636015011697438,18.95849609375,386068000
2022-08-08T00:00:00.000,17.47388850828178,18.209704226677722,17.214305900483794,17.764419555664062,981859000
2022-08-09T00:00:00.000,17.224285475006486,17.418971902884152,16.697133828709614,17.058551788330078,668263000
2022-08-10T00:00:00.000,17.6695709828763,18.08889639705217,17.289182479721063,18.067930221557617,597422000
2022-08-11T00:00:00.000,18.101873035698606,18.676947904001043,17.847281627232015,17.913175582885742,509327000
2022-08-12T00:00:00.000,18.130827666952836,18.68793186075144,17.92415946001401,18.678945541381836,478094000
2022-08-15T00:00:00.000,18.670957163642598,19.13321270171444,18.583099190213602,19.00142478942871,457666000
2022-08-16T00:00:00.000,18.88960928236418,19.11125281035759,18.471281688551823,18.848674774169922,451240000
2022-08-17T00:00:00.000,18.49324736132435,18.657981332845214,18.115854280880267,18.3055477142334,446799000
2022-08-18T00:00:00.000,18.271599871004454,18.834692977218296,18.153789408610304,18.742841720581055,415447000
2022-08-19T00:00:00.000,18.376432185051982,18.490249371942653,17.74145419450282,17.820327758789062,441588000
2022-08-22T00:00:00.000,17.46190444615827,17.529796005514974,16.93874601388548,17.006637573242188,409593000
2022-08-23T00:00:00.000,16.961711297149357,17.436946542201706,16.94274081093071,17.15340232849121,369986000
2022-08-24T00:00:00.000,16.984668508013538,17.378036532890732,16.867857799711306,17.194332122802734,522661000
2022-08-25T00:00:00.000,16.816942772656006,17.918171626071466,16.805960762250074,17.884225845336914,770691000
2022-08-26T00:00:00.000,17.828313684831375,17.895205487932916,16.210915322065308,16.23387908935547,769127000
2022-08-29T00:00:00.000,15.994268556184212,16.311756661031318,15.741674674911415,15.775619506835938,496132000
2022-08-30T00:00:00.000,15.934363667656111,16.013236290955273,15.157613482274343,15.443154335021973,530181000
2022-08-31T00:00:00.000,15.359287767857783,15.515037314685223,14.93497027531041,15.069753646850586,573710000
2022-09-01T00:00:00.000,14.186176179149008,14.356901987282448,13.248685287003793,13.914613723754883,1178865000
2022-09-02T00:00:00.000,14.07735255557611,14.148237660215658,13.569169349058186,13.625080108642578,743157000
2022-09-06T00:00:00.000,13.708942355163417,13.75686558272209,13.329552676036796,13.44336986541748,535751000
2022-09-07T00:00:00.000,13.54523882056341,13.819879276342737,13.328522976950122,13.696041107177734,512657000
2022-09-08T00:00:00.000,13.441373984164738,13.989655763301307,13.35149264648823,13.971678733825684,624873000
2022-09-09T00:00:00.000,14.138460000064642,14.455045254829914,14.107501412023929,14.368159294128418,486612000
2022-09-12T00:00:00.000,14.350180416481628,14.527946775374877,14.179403906328334,14.486001968383789,484159000
2022-09-13T00:00:00.000,13.783926637848186,13.903769386262226,13.081847131926162,13.113804817199707,714956000
2022-09-14T00:00:00.000,13.23664185667735,13.272594961389391,12.896088837173366,13.110807418823242,588507000
2022-09-15T00:00:00.000,12.997954265186072,13.215668204044421,12.773248572458732,12.912066459655762,523625000
2022-09-16T00:00:00.000,12.725311500263086,13.194696210561576,12.600475212066435,13.18071460723877,670751000
2022-09-19T00:00:00.000,12.994958979609367,13.445368542937578,12.99296174366855,13.364474296569824,569685000
2022-09-20T00:00:00.000,13.19769329297533,13.46534195963584,13.039900223317943,13.158743858337402,524818000
2022-09-21T00:00:00.000,13.195695797303914,14.012624337752102,13.092830051959995,13.243632316589355,807679000
2022-09-22T00:00:00.000,13.052883178633808,13.131780192367279,12.41172469834498,12.544549942016602,759162000
2022-09-23T00:00:00.000,12.40373404951629,12.594483888456596,12.240947418073999,12.499608039855957,663309000
2022-09-26T00:00:00.000,12.474641644232314,12.64242184812588,12.198003983784714,12.21198558807373,547343000
2022-09-27T00:00:00.000,12.490619571943231,12.719319742448128,12.241946090666989,12.396742820739746,553854000
2022-09-28T00:00:00.000,12.393747031367376,12.806206250600736,12.337820615857858,12.719320297241211,542414000
2022-09-29T00:00:00.000,12.43169872306821,12.48363067238174,11.930356260034026,12.203997611999512,532763000
2022-09-30T00:00:00.000,12.07117024380662,12.616455658995795,12.05918587570381,12.123102188110352,565638000
2022-10-03T00:00:00.000,12.330830178093539,12.661397019747188,12.089146528346182,12.495614051818848,547478000
2022-10-04T00:00:00.000,12.862132554319986,13.20268651528483,12.862132554319986,13.149755477905273,584182000
2022-10-05T00:00:00.000,12.894090885519283,13.30355376155447,12.604470732780348,13.191699981689453,507131000
2022-10-06T00:00:00.000,13.20268765696208,13.638116551801618,13.085840298412162,13.112805366516113,644157000
2022-10-07T00:00:00.000,12.488622525605487,12.653406389776919,12.006255300705963,12.060184478759766,672478000
2022-10-10T00:00:00.000,12.021237445104713,12.10812341333351,11.393061400016952,11.654718399047852,698699000
2022-10-11T00:00:00.000,11.545859652529316,11.830486265809176,11.268223841612809,11.57082748413086,667482000
2022-10-12T00:00:00.000,11.563835628802222,11.719630502652882,11.330141889388276,11.484938621520996,492590000
2022-10-13T00:00:00.000,10.956632667736919,12.062183348670452,10.798839583929336,11.944337844848633,850103000
2022-10-14T00:00:00.000,12.041209377307327,12.095138555665246,11.18932684468692,11.212296485900879,713432000
2022-10-17T00:00:00.000,11.502914550195962,11.932351684916148,11.501916408490736,11.872429847717285,580774000
2022-10-18T00:00:00.000,12.327834421594872,12.475640367724393,11.602785343462813,11.95132827758789,659362000
2022-10-19T00:00:00.000,11.863443550233667,12.333827422065536,11.818502403849406,12.035218238830566,523131000
2022-10-20T00:00:00.000,12.09713671776913,12.752277756580911,12.089146821227374,12.178030967712402,652398000
2022-10-21T00:00:00.000,12.0821555690685,12.481632285200682,11.871432413251382,12.449673652648926,609494000
2022-10-24T00:00:00.000,12.491620026626292,12.69335515427323,12.048201240588062,12.582500457763672,517457000
2022-10-25T00:00:00.000,12.677375456026189,13.28258175046069,12.647414059994293,13.243632316589355,505482000
2022-10-26T00:00:00.000,12.852147174952409,13.370466592779119,12.691357769324208,12.879111289978027,532953000
2022-10-27T00:00:00.000,13.61214975532052,13.819877533588544,13.104814677814026,13.158743858337402,583113000
2022-10-28T00:00:00.000,13.086838241715473,13.83186152118797,13.043894336346346,13.815881729125977,521040000
2022-10-31T00:00:00.000,13.759955512484012,13.819877352516734,13.27958550774582,13.479323387145996,486341000
2022-11-01T00:00:00.000,13.792910507603896,13.906761512770693,13.501293146045306,13.525261878967285,432817000
2022-11-02T00:00:00.000,13.83186295115386,14.191391166061656,13.193699822047904,13.201688766479492,672628000
2022-11-03T00:00:00.000,13.025919033651268,13.762952460821824,12.93903307601992,13.403423309326172,500065000
2022-11-04T00:00:00.000,13.967685157645112,14.210366975516953,13.679063097528063,14.137462615966797,612576000
2022-11-07T00:00:00.000,14.209366081203711,14.393125122055553,13.935725708295829,14.282270431518555,410061000
2022-11-08T00:00:00.000,14.781614983674388,14.871497264348415,14.197381111718515,14.582876205444336,595292000
2022-11-09T00:00:00.000,14.143451590437952,14.192388153732095,13.740979525460897,13.757957458496094,454414000
2022-11-10T00:00:00.000,14.780617338263776,15.752342620008893,14.527948421204893,15.72937297821045,700819000
2022-11-11T00:00:00.000,15.786297912123384,16.367535452388744,15.461723751407225,16.30561637878418,655487000
2022-11-14T00:00:00.000,16.196759933471668,16.518338717650273,15.901147120330615,16.273658752441406,527852000
2022-11-15T00:00:00.000,16.70010099439711,16.975738615290787,16.36054610593409,16.644174575805664,545876000
2022-11-16T00:00:00.000,16.140834757175984,16.340571692497278,15.85221272363111,15.889163970947266,649547000
2022-11-17T00:00:00.000,15.694418730732606,16.244697698362444,15.514654166070915,15.656468391418457,710894000
2022-11-18T00:00:00.000,15.945091392326727,15.981045452536414,15.100199550162154,15.388821601867676,492072000
2022-11-21T00:00:00.000,15.127163364237928,15.456731110524126,15.060250720781186,15.296940803527832,404739000
2022-11-22T00:00:00.000,15.307926177427646,16.03697064838447,15.10219563199428,16.016996383666992,472866000
2022-11-23T00:00:00.000,16.07691590341239,16.50535489230616,16.026982150723164,16.497364044189453,427241000
2022-11-25T00:00:00.000,16.296632854209083,16.465410273649304,16.150824128322316,16.248695373535156,167934000
2022-11-28T00:00:00.000,16.00501033484104,16.335578114870664,15.704405855375358,15.80627155303955,303741000
2022-11-29T00:00:00.000,15.80627041666049,15.91113338926736,15.499673299124572,15.61851692199707,298384000
2022-11-30T00:00:00.000,15.68045251052316,16.912153494374177,15.580558497425681,16.905160903930664,565298000
2022-12-01T00:00:00.000,16.98108321190143,17.246801683339985,16.617466556173586,17.116939544677734,470977000
2022-12-02T00:00:00.000,16.641439305658572,16.915150636132893,16.42766419266872,16.85820960998535,371389000
2022-12-05T00:00:00.000,16.661416742045997,16.977083578578082,16.454634243569135,16.59248924255371,352255000
2022-12-06T00:00:00.000,16.51257690097359,16.55553084429332,15.802325903042705,15.970149040222168,352694000
2022-12-07T00:00:00.000,15.7553764476407,16.16894059762961,15.650486623430005,16.103010177612305,372388000
2022-12-08T00:00:00.000,16.25584460322099,17.160889573039334,15.942174561334516,17.15089988708496,515456000
2022-12-09T00:00:00.000,17.14190886566031,17.564463251970096,16.95710443596456,16.983076095581055,465338000
2022-12-12T00:00:00.000,17.01904149488724,17.5195128285567,16.779294713991607,17.516515731811523,457328000
2022-12-13T00:00:00.000,18.511465684750743,18.770193437295646,17.692330392550996,18.052949905395508,656589000
2022-12-14T00:00:00.000,17.968042465025786,18.232764469083662,17.40164060757752,17.655372619628906,496888000
2022-12-15T00:00:00.000,17.127925453761733,17.30174181827522,16.682396458224076,16.93412971496582,478542000
2022-12-16T00:00:00.000,16.846225910038616,17.023039400348072,16.39270394689365,16.55353355407715,478232000
2022-12-19T00:00:00.000,16.55453546819327,16.591495224428783,16.127985432715356,16.23686981201172,354039000
2022-12-20T00:00:00.000,16.04707069873626,16.292811749949653,15.835295166805327,16.06804847717285,403260000
2022-12-21T00:00:00.000,16.097011404935554,16.60947103919092,16.08502301997595,16.48360252380371,325025000
2022-12-22T00:00:00.000,16.077035434762546,16.120989680017022,14.866313091281313,15.322831153869629,565045000
2022-12-23T00:00:00.000,15.17998223602925,15.322831151410716,14.867312438743172,15.189971923828125,349326000
2022-12-27T00:00:00.000,15.058110852321793,15.08408346858157,14.041183324202558,14.106115341186523,464902000
2022-12-28T00:00:00.000,13.912319639203043,14.246966554872388,13.86936474434743,14.021204948425293,351066000
2022-12-29T00:00:00.000,14.38681810611413,14.667521065652995,14.212002397327266,14.587605476379395,354923000
2022-12-30T00:00:00.000,14.318889147477543,14.613578243254633,14.217995786415349,14.598594665527344,310490000
2023-01-03T00:00:00.000,14.835345814456593,14.980193431350457,14.081141524221861,14.299910545349121,401277000
2023-01-04T00:00:00.000,14.551646376160297,14.837344223249879,14.22598977559171,14.733453750610352,431324000
2023-01-05T00:00:00.000,14.475724399761354,14.548647400640538,14.13308556373845,14.24996280670166,389168000
2023-01-06T00:00:00.000,14.458744523930774,14.994179836723395,14.019208698764333,14.843338966369629,405044000
2023-01-09T00:00:00.000,15.267888310654865,16.03907384357529,15.125038456294371,15.611525535583496,504231000
2023-01-10T00:00:00.000,15.490652443025239,15.945172704430046,15.455689492558554,15.892229080200195,384101000
2023-01-11T00:00:00.000,15.823301290137104,16.01110282220087,15.546592882587277,15.984130859375,353285000
2023-01-12T00:00:00.000,16.083030927179784,16.619463677480493,15.475671006700845,16.49359703063965,551409000
2023-01-13T00:00:00.000,16.260839889557317,16.904162001817628,16.147960048723682,16.88118553161621,447287000
2023-01-17T00:00:00.000,16.881188834859515,17.709315551841687,16.881188834859515,17.68334197998047,511102000
2023-01-18T00:00:00.000,17.648375934651437,17.854158152300805,17.263781558432793,17.35868263244629,439624000
2023-01-19T00:00:00.000,17.01804399666776,17.17887551290729,16.71336705566109,16.747329711914062,452932000
2023-01-20T00:00:00.000,16.99306976542005,17.837180338916934,16.80726689515637,17.82019805908203,564967000
2023-01-23T00:00:00.000,18.044958004082773,19.2247147792948,17.799218927189443,19.17276954650879,655163000
2023-01-24T00:00:00.000,18.807151961874666,19.47444892004992,18.80015937186395,19.24468994140625,496204000
2023-01-25T00:00:00.000,18.893061849004603,19.349580807071824,18.560412717739826,19.302629470825195,449537000
2023-01-26T00:00:00.000,19.680228862617987,20.1447387517024,19.25767450877086,19.7811222076416,489535000
2023-01-27T00:00:00.000,19.441484557009698,20.60625581574819,19.384545434625117,20.34353256225586,542142000
2023-01-30T00:00:00.000,19.92897130354372,20.118769651142287,19.12981344690093,19.141801834106445,488611000
2023-01-31T00:00:00.000,19.14979141108904,19.66624659725309,18.93002401700691,19.51640510559082,498017000
2023-02-01T00:00:00.000,19.670244043953495,21.169661317208572,19.59032844677635,20.92092514038086,660477000
2023-02-02T00:00:00.000,20.977861172359162,21.925860113730366,20.6781782034606,21.686113357543945,564276000
2023-02-03T00:00:00.000,20.97786002176547,21.72207541802909,20.767082033794136,21.077754974365234,429366000
2023-02-06T00:00:00.000,20.784069803716758,21.547264471015012,20.764090426847382,21.0667724609375,452197000
2023-02-07T00:00:00.000,21.3594611160502,22.235537474634327,21.12770531761483,22.149627685546875,664150000
2023-02-08T00:00:00.000,22.363398373809797,22.853881881192613,21.98479821168747,22.181591033935547,559651000
2023-02-09T00:00:00.000,22.582171117953777,22.995734263923605,22.0966833667124,22.313453674316406,523876000
2023-02-10T00:00:00.000,21.667135439240298,22.05472500108008,20.789062350237074,21.242582321166992,550737000
2023-02-13T00:00:00.000,21.515297242953466,22.024759888693577,20.939904182007883,21.765033721923828,474919000
2023-02-14T00:00:00.000,21.55525189893666,23.024701862590533,21.343475492983863,22.94678497314453,675474000
2023-02-15T00:00:00.000,22.525233851309185,22.83091109307049,22.082701872064156,22.740007400512695,420575000
2023-02-16T00:00:00.000,22.109667968901128,22.526228206382104,21.903885748285937,21.97880744934082,412026000
2023-02-17T00:00:00.000,21.608199514245356,21.717083871627388,20.952890859592024,21.365455627441406,465888000
2023-02-21T00:00:00.000,20.97786007402784,21.471338740374534,20.596262840309503,20.633224487304688,410015000
2023-02-22T00:00:00.000,20.685174889382303,21.081755798453145,20.39947513838324,20.73212432861328,513184000
2023-02-23T00:00:00.000,23.415290457504543,23.86281813728652,23.00072702935598,23.639053344726562,1117995000
2023-02-24T00:00:00.000,23.200517108251855,23.44925516678763,22.922810291543012,23.261451721191406,589716000
2023-02-27T00:00:00.000,23.6450473658971,23.854825071141974,23.429275467548678,23.476224899291992,452994000
2023-02-28T00:00:00.000,23.347362102450354,23.79988559289662,23.1815367258424,23.191526412963867,455963000
2023-03-01T00:00:00.000,23.167552933250114,23.231486553591107,22.48427391696802,22.674074172973633,460026000
2023-03-02T00:00:00.000,22.464295399339527,23.355353400499368,22.40835276964801,23.2894229888916,389415000
2023-03-03T00:00:00.000,23.295419675920705,23.874808261321643,23.10561940844885,23.864818572998047,412393000
2023-03-06T00:00:00.000,23.865815628810815,24.222437736222577,23.462240277861365,23.529170989990234,437429000
2023-03-07T00:00:00.000,23.579126969767078,24.10366224367853,23.220443334628193,23.26740264892578,515154000
2023-03-08T00:00:00.000,23.466224373577802,24.17859494826269,23.403280373872484,24.159610748291016,513573000
2023-03-09T00:00:00.000,24.153616530475606,24.432370990770355,23.36231723479036,23.415271759033203,501257000
2023-03-10T00:00:00.000,23.388296345871805,23.60610394776299,22.705899859992172,22.94468879699707,474866000
2023-03-13T00:00:00.000,22.73187871576052,23.277395355394315,22.2772811984554,22.945688247680664,421890000
2023-03-14T00:00:00.000,23.475219568886814,24.197579694405405,23.439250204223796,24.041717529296875,474910000
2023-03-15T00:00:00.000,23.739983668370748,24.264518937841256,23.33933927282555,24.206571578979492,524486000
2023-03-16T00:00:00.000,24.005750694887265,25.565369047622582,23.872866995148154,25.51841163635254,583253000
2023-03-17T00:00:00.000,25.95902028263856,26.375651279421106,25.645296921004547,25.702247619628906,848547000
2023-03-20T00:00:00.000,25.592342695819287,26.000981321988803,25.107771080019624,25.877090454101562,432747000
2023-03-21T00:00:00.000,26.15684854280883,26.36866095810992,25.358555335995277,26.175830841064453,547408000
2023-03-22T00:00:00.000,26.40162837848802,27.56460037448036,26.213794924295495,26.444591522216797,797295000
2023-03-23T00:00:00.000,27.091017232493737,27.474678371614985,26.66639389662088,27.166950225830078,564889000
2023-03-24T00:00:00.000,27.007093717949058,27.14297311837725,26.331690982855743,26.75531578063965,454920000
2023-03-27T00:00:00.000,26.81326506197413,26.97612101034624,26.341682380127203,26.507535934448242,361026000
2023-03-28T00:00:00.000,26.42361038825946,26.4895520016458,25.8271382618564,26.386642456054688,356104000
2023-03-29T00:00:00.000,26.80127284346235,27.054047407093574,26.573473879413093,26.96013069152832,393694000
2023-03-30T00:00:00.000,27.204920580045023,27.47468226741287,27.078032082373483,27.358783721923828,364516000
2023-03-31T00:00:00.000,27.115996118368173,27.809382571922825,27.081027225666862,27.75243377685547,433933000
2023-04-03T00:00:00.000,27.48466960367856,27.97523454624746,27.311822283407086,27.940265655517578,398716000
2023-04-04T00:00:00.000,27.941267279686127,27.975237607444253,27.282849683904686,27.428720474243164,368592000
2023-04-05T00:00:00.000,26.80526755682353,26.97411677893006,26.371651457693215,26.857221603393555,515015000
2023-04-06T00:00:00.000,26.560491604053304,27.05605328466677,26.403630849588396,27.013092041015625,397654000
2023-04-10T00:00:00.000,26.79927368503425,27.59656814998943,26.645410576438564,27.55460548400879,395279000
2023-04-11T00:00:00.000,27.699479353630412,27.765420962103274,27.102006799330113,27.144969940185547,314378000
2023-04-12T00:00:00.000,27.345793254176353,27.443706150535657,26.42460783917617,26.471567153930664,446259000
2023-04-13T00:00:00.000,26.71035256577281,26.863217112653786,26.305712014928602,26.439592361450195,353615000
2023-04-14T00:00:00.000,26.48055987008966,26.859224397081093,26.19681064012579,26.73433494567871,395660000
2023-04-17T00:00:00.000,26.541503250119483,26.98211316139373,26.409620037298097,26.978116989135742,321471000
2023-04-18T00:00:00.000,27.508648184223265,28.08513749604695,27.332803260522113,27.642528533935547,604812000
2023-04-19T00:00:00.000,27.33680022607394,27.975234992237034,27.20791461166313,27.906295776367188,358660000
2023-04-20T00:00:00.000,27.646526498743864,28.005210147455717,26.976120423056454,27.080028533935547,427713000
2023-04-21T00:00:00.000,26.928160559616323,27.15895713906588,26.698364452495547,27.095012664794922,345103000
2023-04-24T00:00:00.000,26.989107985798988,27.341794498427166,26.647409518060194,27.018081665039062,339282000
2023-04-25T00:00:00.000,27.054046283348306,27.222897413291882,26.201802100966088,26.21778678894043,378527000
2023-04-26T00:00:00.000,26.978114442564554,27.305823404724503,26.68137628889595,26.932153701782227,406337000
2023-04-27T00:00:00.000,27.338795587588823,27.470678790035276,26.601447552641062,27.201915740966797,377161000
2023-04-28T00:00:00.000,27.200920093090993,27.733447698531908,27.047055069952613,27.724456787109375,292216000
2023-05-01T00:00:00.000,27.81537477855387,29.032297830068675,27.755428384065603,28.884428024291992,570329000
2023-05-02T00:00:00.000,28.65463265110566,28.81049480525915,28.05816057967745,28.185047149658203,402730000
2023-05-03T00:00:00.000,27.815380824648933,28.341915217546205,27.447706222054602,27.777414321899414,383387000
2023-05-04T00:00:00.000,27.62654635639381,27.834362597908914,27.215910518865318,27.537626266479492,321850000
2023-05-05T00:00:00.000,27.801385997568506,28.72956317440286,27.706470718340587,28.654630661010742,361494000
2023-05-08T00:00:00.000,28.496770293145723,29.194152833187378,28.324923456766907,29.125213623046875,344979000
2023-05-09T00:00:00.000,28.873437666396427,28.94737161540953,28.42483542221699,28.545726776123047,314869000
2023-05-10T00:00:00.000,28.97934408614239,29.087250267045963,28.435826537614037,28.859451293945312,369350000
2023-05-11T00:00:00.000,28.870442464415532,28.92439555714759,28.221017746526314,28.552722930908203,322149000
2023-05-12T00:00:00.000,28.503765785473174,28.75454513594309,28.02119319112188,28.31493377685547,274222000
2023-05-15T00:00:00.000,28.48278119029114,28.943373830938018,28.127097114749542,28.927387237548828,293926000
2023-05-16T00:00:00.000,28.81549166758805,29.84358282076136,28.80650075563799,29.187162399291992,449405000
2023-05-17T00:00:00.000,29.557831700336376,30.172287485743233,29.403968588740156,30.15130615234375,432535000
2023-05-18T00:00:00.000,30.38310060111177,31.7998455736638,30.293180058398384,31.649978637695312,748725000
2023-05-19T00:00:00.000,31.50810982439647,31.552071537198664,30.888659200613215,31.236351013183594,473908000
2023-05-22T00:00:00.000,30.87366776329227,31.49212165768894,30.652864468171376,31.148426055908203,372000000
2023-05-23T00:00:00.000,30.972580557946717,31.260325929202107,30.603907456096916,30.660856246948242,356253000
2023-05-24T00:00:00.000,30.1832773408898,30.579927446615685,29.779635363047586,30.510988235473633,721419000
2023-05-25T00:00:00.000,38.48892244912427,39.44507664562874,36.60259203294565,37.94640350341797,1543911000
2023-05-26T00:00:00.000,37.856479254941284,39.13534565809147,37.5167798901892,38.91154479980469,714397000
2023-05-30T00:00:00.000,40.559096455146374,41.90090712766281,39.91366790954096,40.075523376464844,923401000
2023-05-31T00:00:00.000,39.45307354763965,40.259358998541856,37.78854668617227,37.800537109375,1002580000
2023-06-01T00:00:00.000,38.45495240408073,40.01457242184314,38.30608594218301,39.73482131958008,635873000
2023-06-02T00:00:00.000,40.061536692451796,40.46418014077918,39.0234541630698,39.29221725463867,482731000
2023-06-05T00:00:00.000,38.87458325572637,39.53000121935848,38.67276227118168,39.1363525390625,396094000
2023-06-06T00:00:00.000,38.79566268178252,39.12536886577813,38.114262787053896,38.619815826416016,388729000
2023-06-07T00:00:00.000,38.88460205575025,39.46814549212033,37.32681796379226,37.44572448730469,511998000
2023-06-08T00:00:00.000,37.694537790431326,38.83364687712899,37.47571086548645,38.479923248291016,417772000
2023-06-09T00:00:00.000,39.0065091445359,39.679982507586125,38.53687882707075,38.73971939086914,427717000
2023-06-12T00:00:00.000,39.16938300880245,39.499123275212575,38.58783685686491,39.4511604309082,388701000
2023-06-13T00:00:00.000,40.15461038931082,41.06889657145173,39.70895962649225,40.98995590209961,613208000
2023-06-14T00:00:00.000,40.79212489545842,42.96642450817582,40.52033410861492,42.96342849731445,740465000
2023-06-15T00:00:00.000,42.5687310811785,43.255194841743766,42.11408458461737,42.61968994140625,568622000
2023-06-16T00:00:00.000,43.41605669949975,43.68684489706271,42.627671619358104,42.65864944458008,655709000
2023-06-20T00:00:00.000,42.96441594228362,43.95564168389906,42.64066770306491,43.773780822753906,451153000
2023-06-21T00:00:00.000,43.46702437838124,43.58093756834967,42.04713658375585,43.01137924194336,551603000
2023-06-22T00:00:00.000,42.21999389255843,43.392077979853475,42.201011539171446,42.99139404296875,417737000
2023-06-23T00:00:00.000,42.430834923932906,42.77556287564385,41.98218429643555,42.17603302001953,358140000
2023-06-26T00:00:00.000,42.42783558135576,42.730600334546075,40.06867951218722,40.60026550292969,594322000
2023-06-27T00:00:00.000,40.767133761708735,41.90724142585059,40.41640998353972,41.843292236328125,462175000
2023-06-28T00:00:00.000,40.628240868259915,41.812316652912195,40.486353490200045,41.08488464355469,582639000
2023-06-29T00:00:00.000,41.5255405787365,41.567507592478876,40.568288623316235,40.79011535644531,380514000
2023-06-30T00:00:00.000,41.64744701058792,42.516766447959405,41.46858596097829,42.268959045410156,501148000
2023-07-03T00:00:00.000,42.48378258219759,42.864485450578925,42.169030043008505,42.37986373901367,198209000
2023-07-05T00:00:00.000,42.102086134617814,43.143272032107916,42.0521259526018,42.2839469909668,323618000
2023-07-06T00:00:00.000,41.81132135922697,42.146058807449926,41.31370920237291,42.07011795043945,303582000
2023-07-07T00:00:00.000,42.288940665727566,43.18024602401447,42.14705329030634,42.46979904174805,355881000
2023-07-10T00:00:00.000,42.623685218893456,42.77756426984942,41.616469261927726,42.147056579589844,353908000
2023-07-11T00:00:00.000,42.44781661195004,42.724600671080424,42.03414233997435,42.37187576293945,298244000
2023-07-12T00:00:00.000,42.99938189898188,43.90067764855856,42.74358137770357,43.86770248413086,481277000
2023-07-13T00:00:00.000,44.48322958682048,46.118948189485444,44.457248919012514,45.94108963012695,478204000
2023-07-14T00:00:00.000,46.54661523204283,48.05044077711324,45.024806002911156,45.43348693847656,772075000
2023-07-17T00:00:00.000,46.25284659122238,46.459681830207685,45.2266483214971,46.42470932006836,510488000
2023-07-18T00:00:00.000,46.66452170058574,47.85858797189123,45.69827797708258,47.45690155029297,569164000
2023-07-19T00:00:00.000,47.4269247186503,47.780648286916495,46.705488579051746,47.040225982666016,427502000
2023-07-20T00:00:00.000,46.47067610405814,47.05022493000669,45.02680501298147,45.48444747924805,537865000
2023-07-21T00:00:00.000,45.7522321711593,45.83017417101583,44.06555098011311,44.27438735961914,963769000
2023-07-24T00:00:00.000,44.69606260557121,45.0737695401444,44.00560422049565,44.57715606689453,382516000
2023-07-25T00:00:00.000,44.90589946333249,46.14692613209552,44.88791196755602,45.6433219909668,348081000
2023-07-26T00:00:00.000,45.9850482020561,46.01702469777884,44.59513601307883,45.4164924621582,364237000
2023-07-27T00:00:00.000,46.4826670082,47.357982253239214,45.71426663486367,45.86415100097656,455976000
2023-07-28T00:00:00.000,46.63154522435899,46.99026595538216,46.34477066056632,46.71348190307617,331194000
2023-07-31T00:00:00.000,46.717483065836525,47.09318883138378,46.469675675562414,46.692501068115234,251055000
2023-08-01T00:00:00.000,46.42370843555568,46.86336718401233,45.991048000510794,46.470672607421875,237858000
2023-08-02T00:00:00.000,45.79520486142881,45.80419670368741,43.353113509905164,44.23442459106445,530142000
2023-08-03T00:00:00.000,43.765783009489404,45.08275419071188,43.765783009489404,44.480224609375,324176000
2023-08-04T00:00:00.000,44.94986554244231,45.60635008188567,44.35832886320504,44.645103454589844,362666000
2023-08-07T00:00:00.000,45.07576998074253,45.50443580088547,44.52819761374418,45.38153076171875,322154000
2023-08-08T00:00:00.000,44.81796378324031,45.206659855456344,44.02158547433781,44.629112243652344,353843000
2023-08-09T00:00:00.000,44.23941340389369,44.277385732589195,42.101085685540646,42.52075958251953,586449000
2023-08-10T00:00:00.000,42.12707396720268,43.53997113311342,41.80232702153618,42.354896545410156,492705000
2023-08-11T00:00:00.000,41.718385785784754,41.9851793236234,40.607254909066846,40.82308578491211,533085000
2023-08-14T00:00:00.000,40.45437254104037,43.76578283263548,40.27951001276461,43.71881866455078,690286000
2023-08-15T00:00:00.000,44.52520013627042,45.2326473732039,43.67586169687328,43.90568161010742,676512000
2023-08-16T00:00:00.000,44.48522285041412,44.640100549597996,43.372090845714155,43.452030181884766,527451000
2023-08-17T00:00:00.000,43.9356490828273,44.0275762613196,42.967404358099586,43.31013870239258,452395000
2023-08-18T00:00:00.000,42.601695871064955,43.543960081000186,41.62745897404412,43.26517868041992,583768000
2023-08-21T00:00:00.000,44.45924519865085,47.028236135596124,44.187458298338946,46.93031311035156,692573000
2023-08-22T00:00:00.000,48.097396095838995,48.14935742594029,45.29758682975093,45.63232421875,755293000
2023-08-23T00:00:00.000,45.830177068585726,47.1631347697341,45.172690060210584,47.079200744628906,779046000
2023-08-24T00:00:00.000,50.17677640386691,50.22673658703904,47.12216498787686,47.12615966796875,1156044000
2023-08-25T00:00:00.000,46.975282602767756,47.76766250313572,44.98883254303396,45.982059478759766,925341000
2023-08-28T00:00:00.000,46.44569122659898,46.94330333520207,44.852938347469795,46.79841613769531,685192000
2023-08-29T00:00:00.000,46.62954606851407,49.04266044648469,46.35475936686293,48.74589157104492,701397000
2023-08-30T00:00:00.000,49.005687906612565,49.88799757012422,48.38717195801793,49.22551727294922,735206000
2023-08-31T00:00:00.000,49.34143402541549,49.70514814643913,48.9197627338808,49.31645202636719,528570000
2023-09-01T00:00:00.000,49.72313481683707,49.761103338104185,48.10439736069892,48.47111129760742,463830000
2023-09-05T00:00:00.000,48.185331532444785,48.81284315295678,47.82261611647607,48.51007843017578,382653000
2023-09-06T00:00:00.000,48.40715103407181,48.515073458793,46.547451450862816,47.028114318847656,468670000
2023-09-07T00:00:00.000,45.49319509398626,46.31162313659779,45.120454595762936,46.20869445800781,433330000
2023-09-08T00:00:00.000,45.90989385144417,46.573427453482786,45.23936135996125,45.5401496887207,473069000
2023-09-11T00:00:00.000,46.11575054004364,46.13073944810292,44.2810350025815,45.14643096923828,473966000
2023-09-12T00:00:00.000,44.70673820080512,45.64108624011381,44.49988211053749,44.838645935058594,349256000
2023-09-13T00:00:00.000,44.56883283924793,45.89790529019353,44.47190049902718,45.453216552734375,398355000
2023-09-14T00:00:00.000,45.91789017811765,45.95486307158811,45.099462264257156,45.54914855957031,370097000
2023-09-15T00:00:00.000,45.30931088292171,45.567129987886304,43.777381347712456,43.869319915771484,506831000
2023-09-18T00:00:00.000,42.71812866784668,44.211084137750255,41.97065027461465,43.93527603149414,500271000
2023-09-19T00:00:00.000,43.80237454169073,43.9352810366056,42.97195387152737,43.489593505859375,373064000
2023-09-20T00:00:00.000,43.5695331686225,43.872322851544475,42.19349643912847,42.2094841003418,367108000
2023-09-21T00:00:00.000,41.55394101252563,42.07057801307491,40.951361762571175,40.98833465576172,450736000
2023-09-22T00:00:00.000,41.54295715054649,42.08558090069854,41.20219576342476,41.5809326171875,479236000
2023-09-25T00:00:00.000,41.56194140759635,42.506280863755784,41.14822919128449,42.192501068115234,419091000
2023-09-26T00:00:00.000,41.97165113191076,42.79007909728291,41.625892229485075,41.8817138671875,402282000
2023-09-27T00:00:00.000,42.300416121649924,42.84203711859675,41.59990585812647,42.438316345214844,444935000
2023-09-28T00:00:00.000,42.43032920794071,43.41564027932202,42.085572876608914,43.05889129638672,424663000
2023-09-29T00:00:00.000,43.79637496273023,44.113154796580034,43.276737862234015,43.468605041503906,397830000
2023-10-02T00:00:00.000,43.99923228856128,45.143432663496135,43.830351660184725,44.750709533691406,433298000
2023-10-03T00:00:00.000,44.7766935630186,45.098471007023896,43.215784579362364,43.486595153808594,470850000
2023-10-04T00:00:00.000,43.71143633979229,44.11215712134903,43.26175000991843,44.01022720336914,361821000
2023-10-05T00:00:00.000,44.019221707908876,44.86863010408986,43.85733614690028,44.656776428222656,393483000
2023-10-06T00:00:00.000,44.16212229169967,45.757007806644154,43.99523916079719,45.73002624511719,434436000
2023-10-09T00:00:00.000,44.810664938003,45.573132266606365,44.33699712951298,45.241363525390625,409675000
2023-10-10T00:00:00.000,45.27833709467453,46.22667139823051,45.05649211437215,45.765995025634766,368582000
2023-10-11T00:00:00.000,46.16372195389678,46.82626072787499,46.01782405573412,46.77329635620117,378137000
2023-10-12T00:00:00.000,46.744315234099965,47.57573461020595,46.297628975923374,46.91219711303711,481325000
2023-10-13T00:00:00.000,46.92718670300792,47.0830797443062,45.24836026520754,45.42923355102539,474115000
2023-10-16T00:00:00.000,45.0315095868921,46.192696327999904,44.880614130194836,46.06278991699219,375099000
2023-10-17T00:00:00.000,43.96925981519668,44.722734656513275,42.450321291409665,43.90730285644531,812333000
2023-10-18T00:00:00.000,42.56123210689282,43.18879535339014,41.79576863478219,42.166507720947266,627294000
2023-10-19T00:00:00.000,42.781089631153165,43.26675013363428,41.85273785103801,42.07158660888672,501233000
2023-10-20T00:00:00.000,41.860724837875836,42.44032133844881,41.0492920242925,41.35807800292969,477266000
2023-10-23T00:00:00.000,41.20019083203981,43.217781037891605,40.91638888400306,42.944969177246094,478530000
2023-10-24T00:00:00.000,43.04689918780669,43.66646488934986,42.66117113532344,43.63248825073242,401463000
2023-10-25T00:00:00.000,43.36767758718175,43.61950423451798,41.52596674486631,41.74980926513672,398379000
2023-10-26T00:00:00.000,41.8237544285133,42.22647269652664,39.852133556535904,40.297821044921875,541001000
2023-10-27T00:00:00.000,41.1012557128223,41.1772028106397,39.987033298118384,40.47169494628906,416784000
2023-10-30T00:00:00.000,41.05829069172662,41.73681325645553,40.45271135167305,41.13223648071289,388028000
2023-10-31T00:00:00.000,40.42173556666503,40.85043664876845,39.20258684468398,40.751502990722656,517969000
2023-11-01T00:00:00.000,40.85543044867906,42.35138604007193,40.84044154012121,42.29542541503906,437593000
2023-11-02T00:00:00.000,43.29772036984495,43.853331578454224,42.864025551225126,43.4755973815918,409172000
2023-11-03T00:00:00.000,43.989232924775955,45.277329637227986,43.69243962687277,44.97354507446289,424610000
2023-11-06T00:00:00.000,45.25335828782106,45.90290564428218,44.86762640814462,45.719032287597656,400733000
2023-11-07T00:00:00.000,45.687054558944546,46.18570260804149,45.12644574728523,45.922889709472656,343165000
2023-11-08T00:00:00.000,46.067786497149605,46.834252666745705,45.93587876150922,46.54145812988281,346719000
2023-11-09T00:00:00.000,47.433835260699404,48.19630266302722,46.717337152851385,46.917198181152344,540496000
2023-11-10T00:00:00.000,47.466815645191716,48.43813671048467,47.24996819068083,48.301231384277344,421245000
2023-11-13T00:00:00.000,48.28622804602199,49.08167314175015,48.065381835668106,48.58601760864258,384136000
2023-11-14T00:00:00.000,49.64528123020025,49.799172935741794,49.00572910678886,49.62129592895508,416954000
2023-11-15T00:00:00.000,49.9001052683663,49.92508551038347,48.166317129461184,48.85383605957031,475497000
2023-11-16T00:00:00.000,48.644984172997816,49.49039366266599,48.29622902861317,49.4454231262207,339756000
2023-11-17T00:00:00.000,49.489397461523026,49.68226341163358,48.9727603803161,49.26355743408203,325205000
2023-11-20T00:00:00.000,49.27754192431734,50.51267829045294,49.14663294635536,50.373775482177734,414120000
2023-11-21T00:00:00.000,50.090971605091276,50.48169721701578,49.187603987551,49.90909957885742,565747000
2023-11-22T00:00:00.000,49.817168906440536,50.29982932340877,47.65667696410155,48.68196105957031,899420000
2023-11-24T00:00:00.000,48.43613388773008,48.8868189750065,47.711638178100976,47.742618560791016,294645000
2023-11-27T00:00:00.000,47.76660139816942,48.49609089003982,47.61870599505968,48.20829391479492,395662000
2023-11-28T00:00:00.000,48.202293315261734,48.289234319970646,47.439826002688484,47.78758239746094,401491000
2023-11-29T00:00:00.000,48.345196613263326,48.727928411184934,47.826558260033494,48.106361389160156,382005000
2023-11-30T00:00:00.000,47.990441518765145,48.07638377452515,46.3895635380406,46.73731994628906,526247000
2023-12-01T00:00:00.000,46.49250011607089,47.16702781253812,46.15473498557714,46.732330322265625,369317000
2023-12-04T00:00:00.000,46.044804165615915,46.044804165615915,44.97854837139348,45.47819900512695,437543000
2023-12-05T00:00:00.000,45.43822537417424,46.571531508809755,45.243344800588865,46.53755569458008,371718000
2023-12-06T00:00:00.000,47.18615263660435,47.35804843216662,45.38425283422849,45.475196838378906,380590000
2023-12-07T00:00:00.000,45.67208285394523,46.60051618631754,45.57614082890342,46.567535400390625,350823000
2023-12-08T00:00:00.000,46.566539290284055,47.71183918008555,46.52156479549851,47.47698211669922,359224000
2023-12-11T00:00:00.000,47.46199285274284,47.50196552269277,45.80200812005124,46.59851837158203,509728000
2023-12-12T00:00:00.000,46.017871828359986,47.63688109924922,46.017871828359986,47.62788772583008,372387000
2023-12-13T00:00:00.000,47.59990503689136,48.56431567041087,47.5789179572985,48.058624267578125,447792000
2023-12-14T00:00:00.000,48.36043775200682,48.6402654789673,47.39303060139569,48.32046127319336,391232000
2023-12-15T00:00:00.000,48.16455262105739,49.37381236874974,48.09059652527536,48.86012649536133,479948000
2023-12-18T00:00:00.000,49.369828783003264,50.40219497597293,49.119981479065736,50.04641342163086,412587000
2023-12-19T00:00:00.000,49.39380199579273,49.66963433728467,48.86512588284418,49.573692321777344,464444000
2023-12-20T00:00:00.000,49.62466720561467,49.96845884341608,48.06861908632006,48.08161163330078,397894000
2023-12-21T00:00:00.000,48.781183869365606,49.065010780060334,48.38942122420045,48.96007537841797,300425000
2023-12-22T00:00:00.000,49.16494193668389,49.352826795671184,48.437386098484225,48.800167083740234,252507000
2023-12-26T00:00:00.000,48.93808291084912,49.56969677808233,48.930088377699356,49.24889373779297,244200000
2023-12-27T00:00:00.000,49.48076228970736,49.64965779045569,49.05501997219191,49.386817932128906,233648000
2023-12-28T00:00:00.000,49.61266944476368,49.85351950870382,49.38180778096795,49.49174118041992,246587000
2023-12-29T00:00:00.000,49.78256374401384,49.966453240565585,48.72121235660813,49.49174118041992,389293000
2024-01-02T00:00:00.000,49.21391556134482,49.26488309320295,47.565924699352884,48.138572692871094,411254000
2024-01-03T00:00:00.000,47.4559877548122,48.15455817196312,47.291087653176916,47.53993606567383,320896000
2024-01-04T00:00:00.000,47.737819636783634,48.47037358886087,47.4789789763883,47.96868133544922,306535000
2024-01-05T00:00:00.000,48.43239477719924,49.516731000212985,48.27648803927744,49.0670051574707,415039000
2024-01-08T00:00:00.000,49.48175412771333,52.24306669740862,49.44877334196531,52.22107696533203,642510000
2024-01-09T00:00:00.000,52.368989354850214,54.291813775257275,51.658421354299875,53.10753631591797,773100000
2024-01-10T00:00:00.000,53.58325017590931,54.56664645309511,53.45632503855136,54.31679916381836,533796000
2024-01-11T00:00:00.000,54.965395542446196,55.312183643545765,53.52727561107459,54.78850173950195,596759000
2024-01-12T00:00:00.000,54.586637155734685,54.93642566391885,54.29681718450093,54.67658233642578,352994000
2024-01-16T00:00:00.000,54.984391900558016,56.800279452629056,54.86646395445467,56.347557067871094,449580000
2024-01-17T00:00:00.000,56.31258364108571,56.436508451453484,54.70656674452563,56.01876449584961,474394000
2024-01-18T00:00:00.000,57.225019450786334,57.5648119047759,56.07272391506558,57.072113037109375,491650000
2024-01-19T00:00:00.000,57.95358079156611,59.463659512354084,57.19004747664065,59.45466613769531,543501000
2024-01-22T00:00:00.000,60.01231668308295,60.29414590763177,59.03391464914335,59.617557525634766,452955000
2024-01-23T00:00:00.000,59.5336132708294,59.873405745227366,58.54921431651321,59.836429595947266,294654000
2024-01-24T00:00:00.000,60.26716017281773,62.810603561548206,59.901382639629475,61.32451248168945,560271000
2024-01-25T00:00:00.000,62.311911094050835,62.68068897905718,60.8128273903059,61.57936096191406,482777000
2024-01-26T00:00:00.000,60.92276141821586,61.74526054571479,60.53600059416135,60.993717193603516,390309000
2024-01-29T00:00:00.000,61.19458949954275,62.45082152019551,60.86979110422985,62.42683792114258,348733000
2024-01-30T00:00:00.000,62.86157157548254,63.45420777642383,62.22195939324812,62.73564529418945,410735000
2024-01-31T00:00:00.000,61.40246556305648,62.230961514394274,60.66291975637589,61.48941421508789,453795000
2024-02-01T00:00:00.000,62.06205926012063,63.15239614325578,61.612337231861346,62.988494873046875,369146000
2024-02-02T00:00:00.000,63.934921410632114,66.55931680667902,63.65109449153059,66.11959075927734,476578000
2024-02-05T00:00:00.000,68.18331639891433,69.45454244217241,67.16394292298222,69.28964233398438,680078000
2024-02-06T00:00:00.000,69.58745829595591,69.71138308978904,66.25949848302591,68.18132019042969,683111000
2024-02-07T00:00:00.000,68.2772638618389,70.17710350841662,67.5587013332111,70.0561752319336,495575000
2024-02-08T00:00:00.000,70.03119148834118,70.7507528828607,69.41257394689296,69.59845733642578,414422000
2024-02-09T00:00:00.000,70.48992214211897,72.14091368127717,70.1691190330097,72.08895111083984,436637000
2024-02-12T00:00:00.000,72.55564739281085,74.56542046599529,71.2064736279646,72.20386505126953,613710000
2024-02-13T00:00:00.000,70.35700477469595,73.40513741451034,69.57748237910234,72.08394622802734,602580000
2024-02-14T00:00:00.000,73.15729429339046,74.19065934700839,71.89406636072601,73.85486602783203,504917000
2024-02-15T00:00:00.000,73.82387565740021,73.92980608164119,72.35577132172895,72.61360931396484,420122000
2024-02-16T00:00:00.000,74.05472502125532,74.35654245789623,72.45670295069786,72.56863403320312,495327000
2024-02-20T00:00:00.000,71.90304738257117,71.91204456852859,67.69262359545532,69.40957641601562,704833000
2024-02-21T00:00:00.000,67.96444884340175,68.84591377259603,66.20752727493073,67.43077850341797,673755000
2024-02-22T00:00:00.000,74.97916646287784,78.52699308470093,74.17465795695503,78.49002075195312,865100000
2024-02-23T00:00:00.000,80.74065432651751,82.34367088132632,77.52261988480991,78.76885986328125,829388000
2024-02-26T00:00:00.000,79.6513162598183,80.59674521460998,78.45704646976243,79.04369354248047,503973000
2024-02-27T00:00:00.000,79.33249313493509,79.43143929248194,77.11485484949267,78.65290832519531,391705000
2024-02-28T00:00:00.000,77.57258181183745,78.88477556464643,77.07788148076835,77.61555480957031,393110000
2024-02-29T00:00:00.000,79.0456805510973,79.94112925032395,78.3021317921465,79.06366729736328,507289000
2024-03-01T00:00:00.000,79.95112232187887,82.24972013852617,79.38646508056598,82.22872924804688,479135000
2024-03-04T00:00:00.000,84.07860289478097,87.64142750402274,83.66785848531528,85.18492889404297,615616000
2024-03-05T00:00:00.000,85.22191083370436,86.04844794548417,83.36995895717057,85.91551971435547,520639000
2024-03-06T00:00:00.000,87.97236718689258,89.67340327370732,86.98092218791462,88.64997863769531,582520000
2024-03-07T00:00:00.000,90.10714445366249,92.71467403344542,89.55145830366479,92.61672973632812,608119000
2024-03-08T00:00:00.000,95.08433828640496,97.34506345152579,86.45720334881955,87.47863006591797,1142269000
2024-03-11T00:00:00.000,86.38026112101332,88.7469219574668,84.11853680206842,85.72563171386719,678364000
2024-03-12T00:00:00.000,87.9993412781643,91.90813084085208,86.10141029804566,91.86116027832031,668075000
2024-03-13T00:00:00.000,91.00363657004534,91.45238079004136,88.38511175577527,90.83673095703125,635713000
2024-03-14T00:00:00.000,89.52647603225017,90.5948732884495,86.55115025815236,87.89439392089844,602318000
2024-03-15T00:00:00.000,86.88097416830968,89.49549613199862,86.20835719890029,87.78746032714844,642086000
2024-03-18T00:00:00.000,90.33702166642148,92.3528823706334,87.03588315502401,88.40511322021484,668976000
2024-03-19T00:00:00.000,86.65110342037197,90.49293740706634,84.96206166270107,89.34758758544922,672171000
2024-03-20T00:00:00.000,89.74635698272712,90.35901787579786,88.17324712477493,90.32103729248047,479063000
2024-03-21T00:00:00.000,92.24793272927035,92.59573598079588,90.35399750860053,91.38341522216797,480372000
2024-03-22T00:00:00.000,91.0895899885777,94.72453954495887,90.78276394753543,94.2358169555664,586719000
2024-03-25T00:00:00.000,93.88801905784321,96.71142270452334,93.45726238634705,94.94841766357422,552136000
2024-03-26T00:00:00.000,95.79693429152606,96.3206408094852,92.44982423178193,92.5087890625,513648000
2024-03-27T00:00:00.000,93.0594819501001,93.18740810778951,89.07273343467564,90.1990966796875,586067000
2024-03-28T00:00:00.000,89.9492364441801,91.24850624285476,89.14269241707345,90.30503845214844,435212000
2024-04-01T00:00:00.000,90.24807533872301,92.1729839586744,89.15369169415271,90.3120346069336,452441000
2024-04-02T00:00:00.000,88.39809605770056,90.04317111245476,87.57056790887991,89.40153503417969,433064000
2024-04-03T00:00:00.000,88.43410854117649,90.32304223513688,88.35015627144904,88.91383361816406,370067000
2024-04-04T00:00:00.000,90.35500517909665,90.58288102989088,85.83155707073556,85.8565444946289,434965000
2024-04-05T00:00:00.000,86.81700456921507,88.4310991932804,85.87753991776991,87.95836639404297,399678000
2024-04-08T00:00:00.000,88.64995673788222,88.77988827828314,86.68307229452097,87.08384704589844,283220000
2024-04-09T00:00:00.000,87.39267436773328,87.58556628736338,82.97516956737525,85.30584716796875,501700000
2024-04-10T00:00:00.000,83.87867062101493,87.35071040768491,83.66179013581636,86.98991394042969,431929000
2024-04-11T00:00:00.000,87.37069146521046,90.687819723934,86.87697442257391,90.56488800048828,431637000
2024-04-12T00:00:00.000,89.64840815742117,90.1241452492344,87.48063273280795,88.13626098632812,426805000
2024-04-15T00:00:00.000,89.0477450616577,90.56188993656951,85.8805337738884,85.9524917602539,443077000
2024-04-16T00:00:00.000,86.38424380509475,88.06829089560239,86.01545628049773,87.36569213867188,370453000
2024-04-17T00:00:00.000,88.29016660250515,88.72492641813315,83.90264346955806,83.98760223388672,495400000
2024-04-18T00:00:00.000,84.92207255324703,86.14138561304675,82.35552028108327,84.62323760986328,447260000
2024-04-19T00:00:00.000,83.10310538210794,84.27643922651326,75.56336143765269,76.15702056884766,875198000
2024-04-22T00:00:00.000,78.05994814693265,80.02783946358336,76.35691439393003,79.47315216064453,596341000
2024-04-23T00:00:00.000,80.7234441336971,82.72231614993429,80.21873169463018,82.37651062011719,438559000
2024-04-24T00:00:00.000,83.90265792111582,84.03458726895308,79.13834771907712,79.63207244873047,512208000
2024-04-25T00:00:00.000,78.82351130528671,83.27600032547527,78.17887846781115,82.58539581298828,424641000
2024-04-26T00:00:00.000,83.77074038243197,88.28119623524096,83.33998364388893,87.68553161621094,551011000
2024-04-29T00:00:00.000,87.54559308685103,87.94236470516184,85.21790438488335,87.70750427246094,388971000
2024-04-30T00:00:00.000,87.19080401105087,88.76891600613489,86.25133925368692,86.35327911376953,363709000
2024-05-01T00:00:00.000,85.02901046138126,85.95148630832341,81.20916027802339,82.99415588378906,559863000
2024-05-02T00:00:00.000,84.40136817425811,86.18836175340402,83.15307206256357,85.76860046386719,377898000
2024-05-03T00:00:00.000,87.73948614559522,89.23064138508623,86.99090805240313,88.73892211914062,398341000
2024-05-06T00:00:00.000,89.3395790876885,92.16798466023728,89.00476895897276,92.08802795410156,376203000
2024-05-07T00:00:00.000,91.04662159823116,91.72923505394095,88.96080064953647,90.5029296875,437342000
2024-05-08T00:00:00.000,89.43253081814441,91.14256430274753,89.36956281384657,90.36100769042969,325721000
2024-05-09T00:00:00.000,90.47792997859051,91.02062292863653,88.18122980671515,88.69693756103516,378013000
2024-05-10T00:00:00.000,90.25406212026445,91.3494445724532,89.17666725781999,89.82730102539062,335325000
2024-05-13T00:00:00.000,90.42696502755186,90.94667600491073,88.47906681215352,90.34801483154297,289680000
2024-05-14T00:00:00.000,89.54846112262796,91.59930565354625,88.88383529778994,91.30447387695312,296507000
2024-05-15T00:00:00.000,92.41984953324487,94.80850105677926,91.54734077306348,94.57662963867188,417735000
2024-05-16T00:00:00.000,94.8564855639332,95.76496957862231,94.0499337850962,94.30579376220703,323952000
2024-05-17T00:00:00.000,94.31578286476113,94.68656820618962,91.75422475858959,92.42684173583984,359691000
2024-05-20T00:00:00.000,93.69712933361367,95.14630855060346,93.38730659931326,94.72654724121094,318764000
2024-05-21T00:00:00.000,93.54620449229954,95.3461911389766,93.12744211033531,95.33219909667969,328946000
2024-05-22T00:00:00.000,95.40515417154504,95.96583473980165,93.19640167904086,94.89643859863281,548648000
2024-05-23T00:00:00.000,101.97046583987779,106.26004537919088,101.46274907027386,103.74047088623047,835065000
2024-05-24T00:00:00.000,104.39008586204577,106.41494412748668,102.94190563238328,106.40895080566406,429494000
2024-05-28T00:00:00.000,110.18181893492428,114.87417036274923,109.82102250000426,113.83675384521484,652728000
2024-05-29T00:00:00.000,112.98622326682585,115.42683927273337,110.83843360106418,114.76021575927734,557442000
2024-05-30T00:00:00.000,114.58533630630252,115.75367568258609,109.60114957621623,110.43767547607422,484553000
2024-05-31T00:00:00.000,112.45653205108225,112.65342715935483,106.87968513049076,109.5711669921875,613263000
2024-06-03T00:00:00.000,113.55692243893306,114.93514251708984,111.93983111247248,114.93514251708984,438392000
2024-06-04T00:00:00.000,115.65074383289046,116.53424034822847,113.98068096958718,116.37133026123047,403324000
2024-06-05T00:00:00.000,118.30422862833838,122.37992351471904,117.4017381363518,122.37093353271484,528402000
2024-06-06T00:00:00.000,123.97803915924119,125.51617269807858,118.25327265969561,120.92976379394531,664696000
2024-06-07T00:00:00.000,119.70244332667052,121.62336396697008,117.95543577009146,120.81981658935547,412386000
2024-06-10T00:00:00.000,120.3021010809677,123.0305567964374,116.94399587339676,121.72129821777344,313434100
2024-06-11T00:00:00.000,121.71130884876212,122.81078479761143,118.68277039590036,120.85173034667969,222551200
2024-06-12T00:00:00.000,123.00069556163665,126.8188544177255,122.51093382538542,125.13966369628906,299595000
2024-06-13T00:00:00.000,129.32763594350715,129.7374419918796,127.09871503024357,129.5475311279297,260704500
2024-06-14T00:00:00.000,129.89737910282292,132.7759808624214,128.2581700274141,131.8164520263672,309320400
2024-06-17T00:00:00.000,132.9259111616535,133.66554475885698,129.5175509456389,130.9168701171875,288504400
2024-06-18T00:00:00.000,131.07678620278367,136.26428691629846,130.62700616579136,135.5146484375,294335100
2024-06-20T00:00:00.000,139.73263779444994,140.69216665961412,129.45759262565218,130.71697998046875,517768400
2024-06-21T00:00:00.000,127.05872535302213,130.56703551491614,124.24008502122028,126.50898742675781,649445800
2024-06-24T00:00:00.000,123.18059459700767,124.40000776140424,117.98310411428992,118.05307006835938,476060900
2024-06-25T00:00:00.000,121.14159285282038,126.43904192857353,119.2625015362155,126.02923583984375,414192600
2024-06-26T00:00:00.000,126.06921428451571,128.0582531537486,122.54091663746888,126.3390884399414,362975900
2024-06-27T00:00:00.000,124.04019204451785,126.34908399185862,122.8607604065947,123.93024444580078,252571700
2024-06-28T00:00:00.000,124.5199685039101,127.648457456266,122.69084852465333,123.48046875,315516700
2024-07-01T00:00:00.000,123.41049523168472,124.77983008392047,118.77273207553426,124.24009704589844,284885500
2024-07-02T00:00:00.000,121.07161173714522,123.35051916660527,120.97166146299664,122.61087036132812,218374000
2024-07-03T00:00:00.000,121.60136576540062,128.21817016601562,121.30150730962696,128.21817016601562,215749000
2024-07-05T00:00:00.000,127.3186041478144,128.78790450042015,125.61942654400949,125.76935577392578,214176700
2024-07-08T00:00:00.000,127.42854201917729,130.70696731901708,126.9787619894619,128.13819885253906,237677300
2024-07-09T00:00:00.000,130.28719371816868,133.7555228326683,128.58800070420872,131.3166961669922,285366600
2024-07-10T00:00:00.000,133.96540518326054,135.03489683470838,132.35618048673416,134.84498596191406,248978600
2024-07-11T00:00:00.000,135.68457428967133,136.08437540615716,126.98877036890757,127.3386001586914,374782700
2024-07-12T00:00:00.000,128.1981955828636,131.85643576222122,127.15870339191848,129.177734375,252680500
2024-07-15T00:00:00.000,130.49705535546263,131.3266570475404,127.11868757874264,128.37808227539062,208326200
2024-07-16T00:00:00.000,128.3781021800115,128.97780386568002,124.51996185494663,126.29910278320312,214769500
2024-07-17T00:00:00.000,121.29152518792185,121.79128425966914,116.66375892880059,117.93314361572266,390086200
2024-07-18T00:00:00.000,121.79127496540796,122.34101295266511,116.50382347473696,121.0316390991211,320979500
2024-07-19T00:00:00.000,120.29200089882109,121.54139851435873,117.31344125378135,117.8731689453125,217223800
2024-07-22T00:00:00.000,120.29200352530061,124.01021213043963,119.8022417845173,123.48046875,258068900
2024-07-23T00:00:00.000,122.72082517670732,124.62990831594026,122.04115259647224,122.53091430664062,173911000
2024-07-24T00:00:00.000,119.11257365575831,119.8921965766103,113.38533904444206,114.1949462890625,327776900
2024-07-25T00:00:00.000,112.98552700492492,116.57379332567128,106.24877714220031,112.22589111328125,460067000
2024-07-26T00:00:00.000,116.13400480341201,116.14399449340688,111.52622597755057,113.00550842285156,293399100
2024-07-29T00:00:00.000,113.63520299096253,116.22395093081532,111.24635559929368,111.53620910644531,248152100
2024-07-30T00:00:00.000,111.46623842477169,111.93601308136988,102.49057150448816,103.68000030517578,486833300
2024-07-31T00:00:00.000,112.84559062727486,118.28296369436077,110.82655987338046,116.9636001586914,473174200
2024-08-01T00:00:00.000,117.47335365334001,120.10209097077005,106.75851907796755,109.15736389160156,523462300
2024-08-02T00:00:00.000,103.7099895556254,108.66759790813096,101.32114215166182,107.21829223632812,482027500
2024-08-05T00:00:00.000,92.01562533705626,103.36016082359782,90.64629054713856,100.40158081054688,552842400
2024-08-06T00:00:00.000,103.78996196090817,107.65809998114993,100.50155392872522,104.19976806640625,409012100
2024-08-07T00:00:00.000,107.75803154331864,108.74755983917498,98.64243239882663,98.8623275756836,411440400
2024-08-08T00:00:00.000,101.95084088326249,105.44915405082541,97.47299667346623,104.9194107055664,391910000
2024-08-09T00:00:00.000,105.58908675557784,106.54862317361375,103.38015276837264,104.69951629638672,290844200
2024-08-12T00:00:00.000,106.26876479464013,111.01647580125626,106.20879614847053,108.96746063232422,325559900
2024-08-13T00:00:00.000,112.38580888904526,116.1739831093698,111.52622277964618,116.08402252197266,312646700
2024-08-14T00:00:00.000,118.47287425328174,118.54284021234767,114.01502462748074,118.0230941772461,339246400
2024-08-15T00:00:00.000,118.70276637796893,123.18060299513529,117.41338717159643,122.80078887939453,318086700
2024-08-16T00:00:00.000,121.88123149659879,124.93975424016854,121.12159565561768,124.51995849609375,302589900
2024-08-19T00:00:00.000,124.22013208066615,129.9373779296875,123.36054573968913,129.9373779296875,318333600
2024-08-20T00:00:00.000,128.3381146113763,129.81741234204915,125.82932973595075,127.18867492675781,300087400
2024-08-21T00:00:00.000,127.25863301570179,129.28766098618868,126.59895509298427,128.4380645751953,257883600
2024-08-22T00:00:00.000,129.95734653679833,130.68699047324503,123.04067554756361,123.68036651611328,376189100
2024-08-23T00:00:00.000,125.79934477343178,129.53754784197983,125.15965381933411,129.30764770507812,323230300
2024-08-26T00:00:00.000,129.50755712849073,131.196729770517,124.31005885081005,126.3990478515625,331964700
2024-08-27T00:00:00.000,124.98974063480068,129.1377346219971,123.82029866993177,128.23817443847656,303134600
2024-08-28T00:00:00.000,128.05824614963967,128.26815164825356,122.58089157173563,125.5494613647461,448101100
2024-08-29T00:00:00.000,121.30151255769351,124.37003270157089,116.65375204642187,117.5333251953125,453023300
2024-08-30T00:00:00.000,119.47238840117339,121.69131963851615,117.16350420185492,119.31246948242188,333751600
2024-09-03T00:00:00.000,115.95409419910477,116.15399476413343,107.238295351223,107.94795227050781,477155100
2024-09-04T00:00:00.000,105.35921116658868,113.2154167588311,104.06983184638861,106.15882110595703,372470300
2024-09-05T00:00:00.000,104.93940145906154,109.5971593888533,104.70951657024186,107.15833282470703,306850700
2024-09-06T00:00:00.000,107.9879453590278,108.09789296916705,100.90135747929331,102.78045654296875,413638100
2024-09-09T00:00:00.000,104.82945579489092,106.4986568208146,103.64003443897201,106.41869354248047,273912000
2024-09-10T00:00:00.000,107.75803619556127,109.34727382600163,104.89941402443941,108.04789733886719,268283700
2024-09-11T00:00:00.000,109.33728046789619,117.13352442144715,107.36822866067497,116.8536605834961,441422400
2024-09-12T00:00:00.000,116.79368208487448,120.7421209186122,115.33426173002456,119.0927734375,366052700
2024-09-13T00:00:00.000,119.03279906427295,119.91244749081417,117.55338237388469,119.05278778076172,238358300
2024-09-16T00:00:00.000,116.74370178435876,118.13315013570288,114.31466480568342,116.73370361328125,248772300
2024-09-17T00:00:00.000,118.12315326201993,118.75290839853001,114.78448096424103,115.54417419433594,231925900
2024-09-18T00:00:00.000,115.84405559100924,117.65333558843457,113.17511592459984,113.32505798339844,310318900
2024-09-19T00:00:00.000,117.30348218615993,119.61257171272585,117.20352335036759,117.82328033447266,293506400
2024-09-20T00:00:00.000,117.01360271419077,118.57298961925171,115.344266422119,115.95402526855469,382462400
2024-09-23T00:00:00.000,116.50379891378353,116.94361929782039,114.81446644323901,116.21391296386719,206228500
2024-09-24T00:00:00.000,116.47380837806097,121.75172180406905,115.33426088161053,120.82209014892578,354966800
2024-09-25T00:00:00.000,121.97162190060216,124.89047006468225,121.5617884105282,123.4610366821289,284692900
2024-09-26T00:00:00.000,126.7497296956914,127.61937987933592,121.75171208350119,123.9908218383789,302582900
2024-09-27T00:00:00.000,123.92085618310571,123.98082995705606,119.21272426875333,121.35187530517578,271009200
2024-09-30T00:00:00.000,118.26310431441512,121.451842369324,118.10317169758383,121.3918685913086,226553700
2024-10-01T00:00:00.000,121.72171877480598,122.39145893750027,115.74409392230913,116.95361328125,302094500
2024-10-02T00:00:00.000,116.39385371455397,119.33268331688961,115.09436589368318,118.80289459228516,221845900
2024-10-03T00:00:00.000,120.87206480654892,124.31070361178112,120.29229289145833,122.80130004882812,277118000
2024-10-04T00:00:00.000,124.89047211115172,124.99043094258552,121.78170440742984,124.87047576904297,243678100
2024-10-07T00:00:00.000,124.94045138468705,130.58821322989388,124.9004663256647,127.66937255859375,346250200
2024-10-08T00:00:00.000,130.20834865989482,133.42707320550807,129.36868536610157,132.83731079101562,285722500
2024-10-09T00:00:00.000,134.05685551069462,134.46669669658758,131.32794162563073,132.59742736816406,246191600
2024-10-10T00:00:00.000,131.8577168886846,134.94648840712318,130.94807393580103,134.75656127929688,242311300
2024-10-11T00:00:00.000,133.9568713960576,135.72617401836632,133.60701929174726,134.74656677246094,170209500
2024-10-14T00:00:00.000,136.4159022137037,139.54466630986312,136.24597143489578,138.01527404785156,232347700
2024-10-15T00:00:00.000,137.8153397242487,138.5150744275185,128.68896947491228,131.54783630371094,377831000
2024-10-16T00:00:00.000,133.92689807815486,136.56585120891066,131.52785532391937,135.6662139892578,264879700
2024-10-17T00:00:00.000,139.28475003463748,140.83413853249198,136.81572813387166,136.87570190429688,306435900
2024-10-18T00:00:00.000,138.61502982502418,138.8449343829922,137.22558142668973,137.94529724121094,176090200
2024-10-21T00:00:00.000,138.07524085271365,143.6530303955078,137.94528751258602,143.6530303955078,264554500
2024-10-22T00:00:00.000,142.85335791004843,144.3627538949317,141.72380093133486,143.5330810546875,226311600
2024-10-23T00:00:00.000,141.97369118156848,142.37352650102258,137.40551088320953,139.50466918945312,285930000
2024-10-24T00:00:00.000,140.76418072009866,141.293969386979,138.40511570705533,140.35433959960938,172354900
2024-10-25T00:00:00.000,140.8741279131319,144.0728716327459,140.74418981710016,141.48388671875,205122100
2024-10-28T00:00:00.000,142.9433224828564,143.08326638426843,139.99449475491215,140.4643096923828,173586700
2024-10-29T00:00:00.000,140.23437413304583,142.20359433012132,138.8449258203989,141.19400024414062,157593600
2024-10-30T00:00:00.000,139.48467718743143,140.27437255912164,136.75576367804047,139.28475952148438,179418100
2024-10-31T00:00:00.000,137.54545990469654,137.55545044959692,132.05763071180766,132.70736694335938,270039600
2024-11-01T00:00:00.000,134.64660922766117,137.25557537634637,134.5166711244238,135.34632873535156,207127800
2024-11-04T00:00:00.000,137.15560698724303,138.90491316378314,135.5162578090522,135.99606323242188,187528200
2024-11-05T00:00:00.000,137.3955214816271,140.31436236962443,137.27557392202525,139.85455322265625,160537400
2024-11-06T00:00:00.000,142.9033632109471,146.431963336867,141.90375943017108,145.55230712890625,242043900
2024-11-07T00:00:00.000,146.33198051831096,148.8709671267726,146.1120664908763,148.8209991455078,207323300
2024-11-08T00:00:00.000,148.7110195677981,149.7106230852884,146.20200497714438,147.57147216796875,175665800
2024-11-11T00:00:00.000,148.62105018654825,148.7909962143961,143.51309063046196,145.20240783691406,182325600
2024-11-12T00:00:00.000,146.72180532829077,149.5906625866308,145.95210633724608,148.231201171875,198634700
2024-11-13T00:00:00.000,149.01092951776798,149.2708209864044,145.84217239532995,146.2120361328125,191903300
2024-11-14T00:00:00.000,147.5814687564354,148.94093020600926,145.49230097997514,146.70181274414062,194463300
2024-11-15T00:00:00.000,144.81254410002094,145.18240774117885,140.0244503789864,141.92369079589844,250132900
2024-11-18T00:00:00.000,139.44468522690033,141.49387540802257,137.09561095173166,140.09442138671875,221205300
2024-11-19T00:00:00.000,141.26398946372595,147.07168399645053,140.9341184421503,146.95172119140625,227834900
2024-11-20T00:00:00.000,147.3515703217148,147.5015047606034,142.67341754276418,145.83216857910156,309871700
2024-11-21T00:00:00.000,149.290807835149,152.8293979645091,140.64422730754492,146.6118621826172,400946600
2024-11-22T00:00:00.000,145.8721561256333,147.1016796207282,141.0440838257902,141.89373779296875,236406200
2024-11-25T00:00:00.000,141.93371415065735,141.99368792347047,135.7661620516237,135.96607971191406,344941900
2024-11-26T00:00:00.000,137.6453968958927,139.24476857370792,135.61620304064866,136.86570739746094,190287700
2024-11-27T00:00:00.000,134.95646019838466,137.1655905980091,131.74774157257602,135.2863311767578,226370900
2024-11-29T00:00:00.000,136.7257870913165,139.29477581313424,135.99608069190262,138.19520568847656,141863200
2024-12-02T00:00:00.000,138.77496038075373,140.39431322408433,137.76536630294407,138.57504272460938,171682800
2024-12-03T00:00:00.000,138.2051993772479,140.48429454860658,137.8953246767264,140.20440673828125,164414000
2024-12-04T00:00:00.000,141.94370396224937,145.73219470186731,140.23437518220274,145.08245849609375,231224300
2024-12-05T00:00:00.000,145.06246836220566,146.49199262942497,143.90284467102651,145.01248168945312,172621200
2024-12-06T00:00:00.000,144.5526526293818,145.65228325014007,141.26372149336697,142.3933563232422,188505600
2024-12-09T00:00:00.000,138.92447761551347,139.90415231737651,137.08508402113657,138.7645263671875,189308600
2024-12-10T00:00:00.000,138.96445323342698,141.77354545828368,133.74616214517607,135.0257568359375,210020900
2024-12-11T00:00:00.000,137.31500040642362,140.12407738797447,135.16571086465208,139.2643585205078,184905200
2024-12-12T00:00:00.000,137.03510407678786,138.39465924672223,135.75552453494274,137.29501342773438,159211400
2024-12-13T00:00:00.000,138.89449032268433,139.55427778956917,132.4965775973186,134.20602416992188,231514900
2024-12-16T00:00:00.000,134.13603509853905,134.35596424649526,130.37727237183418,131.95675659179688,237951100
2024-12-17T00:00:00.000,129.04771280436398,131.54689392732612,126.81844751374322,130.3472900390625,259410300
2024-12-18T00:00:00.000,133.81617414487124,136.65524065308236,128.23799923564917,128.8677978515625,277444500
2024-12-19T00:00:00.000,131.7168091066324,133.9860693668965,129.50754199406654,130.6371612548828,209719200
2024-12-20T00:00:00.000,129.76747112979962,135.2356803497186,128.1779956829599,134.65586853027344,306528600
2024-12-23T00:00:00.000,136.23536324975828,139.74420813475027,135.07573952144836,139.62425231933594,176053500
2024-12-24T00:00:00.000,139.9541431061549,141.85351466107915,138.60457919611483,140.174072265625,105157000
2024-12-26T00:00:00.000,139.65425012018665,140.8038826879709,137.68489400548984,139.88417053222656,116205600
2024-12-27T00:00:00.000,138.50462254046806,138.97446981750295,134.66588395063462,136.96511840820312,170582600
2024-12-30T00:00:00.000,134.78581438230358,140.22403398735426,133.97608228188028,137.4449462890625,167734700
2024-12-31T00:00:00.000,137.98479821279548,138.02479365615312,133.7861766339878,134.2460174560547,155659200
2025-01-02T00:00:00.000,135.9554382894446,138.83449951090427,134.58589206435911,138.26467895507812,198247200
2025-01-03T00:00:00.000,139.96413776465596,144.85253555834646,139.68423069189672,144.4226837158203,229322500
2025-01-06T00:00:00.000,148.5413213081193,152.11015917129038,147.77158452702758,149.38104248046875,265377400
2025-01-07T00:00:00.000,152.97986196669754,153.07983530547875,139.9641234037018,140.09408569335938,351782200
2025-01-08T00:00:00.000,142.53330977712477,143.90285624874434,137.51494945407615,140.06411743164062,227349900
2025-01-10T00:00:00.000,137.40498271998055,139.87417502688794,134.17604480086774,135.86549377441406,207602500
2025-01-13T00:00:00.000,129.94742663109315,133.4462801889749,129.4675728747113,133.1863555908203,204808900
2025-01-14T00:00:00.000,136.0054462036023,136.33533995791205,130.00741122442506,131.7168426513672,195590500
2025-01-15T00:00:00.000,133.60622538989423,136.4053114797544,131.24699764678536,136.1953887939453,185217300
2025-01-16T00:00:00.000,138.59457607585483,138.70454064615834,133.44626949753135,133.5262451171875,209235600
2025-01-17T00:00:00.000,136.6452315490251,138.45463626831489,135.41563868932835,137.66490173339844,201188800
2025-01-21T00:00:00.000,139.11440825447346,141.783531605571,137.04507916268696,140.7838592529297,197749000
2025-01-22T00:00:00.000,144.61262104889417,147.74158546149795,143.62293982675303,147.02183532714844,237651400
2025-01-23T00:00:00.000,145.0024960002277,147.18177468068177,143.67292977388993,147.17178344726562,155915500
2025-01-24T00:00:00.000,148.32140487495408,148.92121448023644,141.8335400716498,142.5732879638672,234657600
2025-01-27T00:00:00.000,124.75912547322825,128.3579371600633,116.66177248371496,118.38121032714844,818830900
2025-01-28T00:00:00.000,121.77008342453179,128.9577298793433,116.21190774010589,128.94773864746094,579666400
2025-01-29T00:00:00.000,126.45856310434583,126.8484347440811,120.01067894543576,123.65947723388672,467120600
2025-01-30T00:00:00.000,123.05968123503551,124.9590604797062,118.06131881584726,124.60917663574219,392925500
2025-01-31T00:00:00.000,123.73945402173636,127.80812056780856,119.15096116009843,120.03067016601562,388161100
2025-02-03T00:00:00.000,114.71241004430098,118.53115837860842,112.97298217131676,116.62178802490234,371235700
2025-02-04T00:00:00.000,116.92168099297385,121.16028976109213,116.66176403787988,118.61112976074219,256550000
2025-02-05T00:00:00.000,121.72011429490169,124.95905075493906,120.72044188886218,124.78910827636719,262230800
2025-02-06T00:00:00.000,127.37829628086023,128.72786055574414,125.169020482652,128.63787841796875,251483600
2025-02-07T00:00:00.000,129.17766285547097,130.32727996151158,124.95904429961287,129.79745483398438,228186300
2025-02-10T00:00:00.000,130.04737430419848,134.95576927734325,129.91742726932324,133.5262451171875,216989100
2025-02-11T00:00:00.000,132.5365863252507,134.43595803743202,130.9770996135579,132.7565155029297,178902400
2025-02-12T00:00:00.000,129.97741762356085,132.19669170682792,129.03772306980744,131.0970458984375,160278600
2025-02-13T00:00:00.000,131.51689288233604,136.455276767875,131.12702127315083,135.24566650390625,197430000
2025-02-14T00:00:00.000,136.43528567888637,139.20438251414282,135.45561099221797,138.8045196533203,195479600
2025-02-18T00:00:00.000,141.22373753647113,143.3930250185803,137.8848198127303,139.35433959960938,219176600
2025-02-19T00:00:00.000,139.46430955469114,141.31370984182348,137.17506616632772,139.1844024658203,167536000
2025-02-20T00:00:00.000,139.9841417995603,140.6139403685729,136.74519734237094,140.06411743164062,143903600
2025-02-21T00:00:00.000,139.99411868487,141.41366694156105,133.98609294492073,134.38595581054688,228217600
2025-02-24T00:00:00.000,136.51527743543022,138.544611438826,130.03740375103862,130.23733520507812,251381100
2025-02-25T00:00:00.000,129.93742515974864,130.1573543264651,124.39924631174091,126.5885238647461,271428700
2025-02-26T00:00:00.000,129.9474287481865,133.68619399137987,128.44792005609298,131.23699951171875,322553800
2025-02-27T00:00:00.000,134.9557838016939,134.96577503505506,119.97069557287365,120.11064910888672,443175800
2025-02-28T00:00:00.000,117.98134023479652,125.04902421361967,116.36187573271177,124.87908172607422,389091100
2025-03-03T00:00:00.000,123.46954557652553,123.65947815441595,112.2432206852501,114.02263641357422,411381400
2025-03-04T00:00:00.000,110.61376362073891,119.27092350243325,110.07393955565605,115.95201110839844,398163300
2025-03-05T00:00:00.000,117.54148848655969,118.2412561507128,114.47249437052442,117.26158142089844,284337900
2025-03-06T00:00:00.000,113.49281250827367,115.31221606989396,110.18389912538346,110.53378295898438,321181900
2025-03-07T00:00:00.000,111.21356818629886,113.44284126847423,107.52477413573757,112.6530990600586,341755500
2025-03-10T00:00:00.000,109.86400325750407,111.81336147496829,105.42545516002185,106.94496154785156,366487400
2025-03-11T00:00:00.000,106.9549409312714,112.20322068732999,104.73566712840632,108.724365234375,354865700
2025-03-12T00:00:00.000,114.09312447156262,116.7325020716217,112.85341103244578,115.71273803710938,323857500
2025-03-13T00:00:00.000,117.0024278677365,117.73225924433854,113.76319330991835,115.55277252197266,299033100
2025-03-14T00:00:00.000,118.5820578648422,121.85128414551467,118.12216714928688,121.6413345336914,277593500
2025-03-17T00:00:00.000,122.711081524258,122.86104771124882,118.00219206936818,119.50183868408203,255501500
2025-03-18T00:00:00.000,117.97220343827061,118.99195980676369,114.51301940530757,115.4028091430664,299686900
2025-03-19T00:00:00.000,117.24237608211885,120.42162740294437,115.6527542355049,117.49231719970703,273426200
2025-03-20T00:00:00.000,116.52253841801043,120.17167220516042,116.44255543913019,118.50206756591797,248829700
2025-03-21T00:00:00.000,116.91244866461768,117.9621966837067,115.39280254041711,117.6722640991211,266498500
2025-03-24T00:00:00.000,119.8517551027078,122.19120779583362,119.31188140429414,121.38140106201172,228452500
2025-03-25T00:00:00.000,120.5216012824151,121.26142480153007,118.89198043130345,120.66156768798828,167447200
2025-03-26T00:00:00.000,118.70203035263671,118.81199741904777,112.68344440410922,113.73320007324219,293463300
2025-03-27T00:00:00.000,111.32377219977147,114.42304053099558,110.6339399022949,111.40375518798828,236902100
2025-03-28T00:00:00.000,111.46373602695421,112.84341584506377,109.04430789656145,109.6441650390625,229872500
2025-03-31T00:00:00.000,105.10522740758995,110.9338556226425,103.6255803841977,108.35446166992188,299212700
2025-04-01T00:00:00.000,108.49443304563391,110.17403760023085,106.4449205320371,110.12405395507812,222614000
2025-04-02T00:00:00.000,107.26472214391917,111.95361956622256,106.76483994973236,110.39398193359375,220601200
2025-04-03T00:00:00.000,103.48562015563714,105.60511590388697,101.57606639857329,101.7760238647461,338769400
2025-04-04T00:00:00.000,98.88670323249266,100.10640942744341,92.08830207120735,94.28778076171875,532273800
2025-04-07T00:00:00.000,87.43938789235719,101.72602116602216,86.59958951154498,97.61698913574219,611041300
2025-04-08T00:00:00.000,103.78553826456235,105.82505852328022,94.43774279946976,96.27731323242188,476243400
2025-04-09T00:00:00.000,98.86670469924479,115.07288532975399,97.50702445286697,114.30307006835938,612918300
2025-04-10T00:00:00.000,109.34423379452805,110.83388059600858,99.12664053501021,107.5446548461914,437812400
2025-04-11T00:00:00.000,108.4744417347206,111.52372632761113,107.45468536211307,110.90386962890625,313417300
2025-04-14T00:00:00.000,114.08312248391158,114.26308039077927,109.04430871921362,110.68392181396484,264705000
2025-04-15T00:00:00.000,110.94385517244878,113.5932323217664,110.47396469045397,112.1735610961914,228966900
2025-04-16T00:00:00.000,104.52537649088836,106.76484672728219,100.4263361362673,104.46538543701172,397016900
2025-04-17T00:00:00.000,104.4253812132841,104.44538077133734,100.02642426353728,101.46607971191406,292517500
2025-04-21T00:00:00.000,98.74673137333838,99.41657935183265,95.01761424618036,96.88717651367188,288501100
2025-04-22T00:00:00.000,98.75671690551087,99.78647292005905,97.25707044682602,98.86669158935547,241004800
2025-04-23T00:00:00.000,104.4953697335839,104.77531016741209,101.99595878138034,102.68579864501953,247526000
2025-04-24T00:00:00.000,103.45562063709751,106.51489717654988,103.08570507328525,106.40492248535156,220815000
2025-04-25T00:00:00.000,106.82483233532861,111.8936379045766,105.70510100806126,110.98385620117188,251064700
2025-04-28T00:00:00.000,109.66417212829982,110.34401230383385,105.9950305600335,108.70439910888672,207708500
2025-04-29T00:00:00.000,107.64463563001284,110.17403844763395,107.41469407982767,108.99431610107422,170444300
2025-04-30T00:00:00.000,104.44538450923935,108.89433288574219,104.05547701680861,108.89433288574219,235044600
2025-05-01T00:00:00.000,113.05335693358144,114.91291927434723,111.27377757314032,111.58370208740234,236121500
2025-05-02T00:00:00.000,114.15310576985596,115.37281962529518,113.34329900218786,114.47303009033203,190194800
2025-05-05T00:00:00.000,112.88340831442672,114.64298826396649,112.63346720059009,113.7931900024414,133163200
2025-05-06T00:00:00.000,111.4537475013017,114.7129742117387,110.7938992837595,113.51325988769531,158525600
2025-05-07T00:00:00.000,113.02337494499027,117.65228163619798,112.25355204144066,117.03242492675781,206758800
2025-05-08T00:00:00.000,118.22214377270919,118.65204278244111,115.82270761670769,117.34235382080078,198428100
2025-05-09T00:00:00.000,117.32235248570746,118.20215005190205,115.18285724943865,116.62252044677734,132972200
2025-05-12T00:00:00.000,121.94126742822685,122.97102355957031,120.25166311897564,122.97102355957031,225023300
2025-05-13T00:00:00.000,124.95056035306071,131.18908818741485,124.44067836400953,129.89938354492188,330430100
2025-05-14T00:00:00.000,133.16861033831793,135.40808800730593,131.6489642323906,135.30810546875,281180800
2025-05-15T00:00:00.000,134.25836692241,136.26790331471523,132.62876117393418,134.79824829101562,226632600
2025-05-16T00:00:00.000,136.18791721457987,136.31789147723805,133.42857277146337,135.36810302734375,226542500
2025-05-19T00:00:00.000,132.35879696756518,135.83797251007488,132.35879696756518,135.53805541992188,193154600
2025-05-20T00:00:00.000,134.2583525069389,134.54829272140586,132.58874781513978,134.3483428955078,161514200
2025-05-21T00:00:00.000,133.02864907239967,137.36762292180558,130.55922977564506,131.76895141601562,270608700
2025-05-22T00:00:00.000,132.19884131725317,134.21836966107523,131.51900885300861,132.7987060546875,187344000
2025-05-23T00:00:00.000,129.96937433382988,132.64873565144939,129.12957588399638,131.25906372070312,198821300
2025-05-27T00:00:00.000,134.1183754403962,135.6280293045703,133.27857708527512,135.4680633544922,192953600
2025-05-28T00:00:00.000,135.9979578766118,137.2176717346689,134.75824445795843,134.7782440185547,304021100
2025-05-29T00:00:00.000,142.21648797143945,143.45620133736625,137.87751407348716,139.15721130371094,369241900
2025-05-30T00:00:00.000,138.6873257641086,139.58710766728817,132.88868890141003,135.09817504882812,333170900
2025-06-02T00:00:00.000,135.45808684638126,138.08745689917103,135.36809645457458,137.34764099121094,197663100
2025-06-03T00:00:00.000,138.74729436292043,141.9665367692297,137.91748812723765,141.1867218017578,225578800
2025-06-04T00:00:00.000,142.15650682982962,142.3564566649135,139.5071219355859,141.88656616210938,167120800
2025-06-05T00:00:00.000,142.13649493837005,143.96606551828813,138.79728569106723,139.95701599121094,231397900
2025-06-06T00:00:00.000,142.47640682683559,143.23623746842864,141.47664251332282,141.6865997314453,153986200
2025-06-09T00:00:00.000,143.15627066728982,144.96584183837217,141.9065651342004,142.59640502929688,185114500
2025-06-10T00:00:00.000,142.65638139553192,144.25599524562207,141.4966510569608,143.92608642578125,155881900
2025-06-11T00:00:00.000,144.5859620448177,144.96590375929992,141.84641202362192,142.80625915527344,167694000
2025-06-12T00:00:00.000,141.94641106631286,144.9759063720703,141.82643588786814,144.9759063720703,162365000
2025-06-13T00:00:00.000,142.4563055840922,143.556128789635,140.8265869783813,141.94639587402344,180820600
2025-06-16T00:00:00.000,143.32618096280035,146.1556971839991,143.1761967394354,144.66595458984375,183133700
2025-06-17T00:00:00.000,144.46598768948277,145.1958620737219,143.75609899624828,144.09603881835938,139108000
2025-06-18T00:00:00.000,143.9860537050978,145.62578045463974,143.0962022725339,145.455810546875,161494100
2025-06-20T00:00:00.000,145.42582047781178,146.17569581398777,142.6262828381709,143.8260955810547,242956200
2025-06-23T00:00:00.000,142.47632119978937,144.7559411184857,142.00639807778802,144.1460418701172,154308900
2025-06-24T00:00:00.000,145.53580457152245,147.9354148301798,145.4758169849003,147.8754119873047,187566100
2025-06-25T00:00:00.000,149.24520677628502,154.4243389252029,149.23519867353343,154.28436279296875,269146500
2025-06-26T00:00:00.000,155.95406403411533,156.69394650127538,153.97439748110884,154.99423217773438,198145700
2025-06-27T00:00:00.000,156.01404775885302,158.68361723049148,155.2341786737402,157.72377014160156,263234500
2025-06-30T00:00:00.000,158.37368067249696,158.6336472456001,155.93409881773164,157.96376037597656,194580300
2025-07-01T00:00:00.000,156.26402965591922,157.17388214393176,151.46483925954294,153.2745361328125,213143600
2025-07-02T00:00:00.000,152.9545671877056,157.57380961936815,152.94457434216997,157.22386169433594,171224100
2025-07-03T00:00:00.000,158.34368228178877,160.95324924613055,157.74379112425564,159.3135223388672,143716100
2025-07-07T00:00:00.000,158.17371270193448,159.28352889047815,157.31385497697042,158.21371459960938,140139000
2025-07-08T00:00:00.000,159.30351713245472,160.19336858156893,158.36367094336165,159.97340393066406,138133000
2025-07-09T00:00:00.000,161.1932080055649,164.39267314506114,161.13322041798892,162.85293579101562,183656400
2025-07-10T00:00:00.000,164.29270331195812,164.4726660794993,161.5831469026993,164.07273864746094,167704100
2025-07-11T00:00:00.000,163.6927958392512,167.862101078866,163.44283738179527,164.89259338378906,193633300
2025-07-14T00:00:00.000,165.3425116109199,165.4625020418882,161.99307751467913,164.04273986816406,136975800
2025-07-15T00:00:00.000,171.1615549258278,172.37134531045626,169.17188012202328,170.671630859375,230627400
2025-07-16T00:00:00.000,171.03157616389174,171.72146396229547,168.87193138356372,171.34152221679688,158831500
2025-07-17T00:00:00.000,171.99141956059896,174.13106334471073,170.80161486292053,172.97125244140625,160841100
2025-07-18T00:00:00.000,173.61113894806013,174.22103817113316,171.23152964225835,172.38134765625,146456400
2025-07-21T00:00:00.000,172.72129949000853,173.35119970444802,170.97159023323564,171.35153198242188,123126100
2025-07-22T00:00:00.000,171.31154005146294,171.36153479867312,164.55266825003173,167.00225830078125,193114300
2025-07-23T00:00:00.000,169.5018251648929,171.23153339032083,167.94208685699226,170.75161743164062,154082200
2025-07-24T00:00:00.000,172.41134882841166,173.80111724784433,171.27153886755505,173.7111358642578,128984600
2025-07-25T00:00:00.000,173.58115848322245,174.69097468726906,172.9312725713388,173.47117614746094,122316800
2025-07-28T00:00:00.000,173.99108478739527,176.97058528484683,173.94109004538618,176.7206268310547,140023500
2025-07-29T00:00:00.000,177.93044011853775,179.35020236643535,174.99092613442062,175.4808349609375,154077500
2025-07-30T00:00:00.000,176.48066791766442,179.86011122312902,176.01074478620916,179.24021911621094,174312200
2025-07-31T00:00:00.000,182.86960179799485,183.26954448460754,175.9007587673991,177.84043884277344,221685400
2025-08-01T00:00:00.000,174.06106522140865,176.51065501732398,170.86160006411595,173.69113159179688,204529000
2025-08-04T00:00:00.000,175.1309006070304,180.17005649193501,174.49100755408614,179.9700927734375,148174600
2025-08-05T00:00:00.000,179.59015184800575,180.23004490386853,175.87076869322405,178.23037719726562,156407600
2025-08-06T00:00:00.000,176.30069964693718,179.87009845787975,176.22071111043454,179.3901824951172,137192300
2025-08-07T00:00:00.000,181.53984513179375,183.84945895635624,178.7703010091291,180.73997497558594,151878400
2025-08-08T00:00:00.000,181.51982919208731,183.26953833968557,180.3700111699138,182.6696319580078,123396700
2025-08-11T00:00:00.000,182.01974653412333,183.80944232526838,180.2200426409657,182.0297393798828,138323200
2025-08-12T00:00:00.000,182.9295986692803,184.44933506001817,179.4301803710301,183.1295623779297,145485700
2025-08-13T00:00:00.000,182.58965738273272,183.93943921657484,179.3202115957667,181.55982971191406,179871700
2025-08-14T00:00:00.000,179.72011917648817,182.98957985829236,179.43017409752198,181.98974609375,129554000
2025-08-15T00:00:00.000,181.84978375259033,181.86976944489334,178.01041021115256,180.42001342773438,156602200
2025-08-18T00:00:00.000,180.56998232776263,182.90958965389834,180.55997422620712,181.979736328125,132008000
2025-08-19T00:00:00.000,182.39967416584764,182.46966985536903,175.46084035755914,175.61080932617188,185229200
2025-08-20T00:00:00.000,175.1408920976954,175.9707560164781,168.77195541250927,175.370849609375,215142700
2025-08-21T00:00:00.000,174.8209444570093,176.87059152353538,173.78110877087863,174.95091247558594,140040900
2025-08-22T00:00:00.000,172.58132291943235,178.56032512128596,171.17155351749952,177.96043395996094,172789400
2025-08-25T00:00:00.000,178.3203719824875,181.87977802218637,176.54066896263805,179.78012084960938,163012800
2025-08-26T00:00:00.000,180.03006938032237,182.35968393651802,178.7802771456414,181.7397918701172,168688200
2025-08-27T00:00:00.000,181.94975068857377,182.45967569067753,179.07023971825097,181.56982421875,235518900
2025-08-28T00:00:00.000,180.7899615720414,184.43934897141472,176.3806906932069,180.1400604248047,281787800
2025-08-29T00:00:00.000,178.08040158317536,178.12038822306508,173.12121914292007,174.1510467529297,243257900
2025-09-02T00:00:00.000,169.9717482776903,172.351357635579,167.19221149694363,170.75161743164062,231164900
2025-09-03T00:00:00.000,171.03158891427162,172.38137081666613,168.851958278929,170.59165954589844,164424900
2025-09-04T00:00:00.000,170.54166973363456,171.83144870716828,169.381858788342,171.63148498535156,141670100
2025-09-05T00:00:00.000,168.00209055003162,169.0019244592772,164.04275681292185,166.9922637939453,224441400
2025-09-08T00:00:00.000,167.5221599855096,170.93159698121408,167.32219627229085,168.2820281982422,163769100
2025-09-09T00:00:00.000,169.0618925540675,170.95157781434446,166.71229229208453,170.7316131591797,157548400
2025-09-10T00:00:00.000,176.61064931709572,179.26020289704138,175.44084555219968,177.300537109375,226852000
2025-09-11T00:00:00.000,179.66027757334626,180.26021784214308,176.4606317396978,177.1505584716797,151159300
2025-09-12T00:00:00.000,177.75047851465564,178.5803891806412,176.43061617633268,177.80047607421875,124911000
2025-09-15T00:00:00.000,175.650725630949,178.83038469078608,174.49084923140515,177.73049926757812,147061600
2025-09-16T00:00:00.000,176.98057174387853,177.4805168617991,174.36086420825131,174.86080932617188,140737800
2025-09-17T00:00:00.000,172.62104942275718,173.18098551277336,168.39151800406466,170.27130126953125,211843800
2025-09-18T00:00:00.000,173.96089569350613,177.08056354559588,172.94101865721873,176.2206573486328,191763300
2025-09-19T00:00:00.000,175.7506939671915,178.06043774665943,175.16074718989944,176.6505889892578,237182100
2025-09-22T00:00:00.000,175.28075846993005,184.52974299714734,174.69082690233378,183.58984375,269637000
2025-09-23T00:00:00.000,181.95002022927713,182.3999677661597,176.19065819152993,178.410400390625,192559600
2025-09-24T00:00:00.000,179.75025700209653,179.76025041106172,175.38072666046574,176.9505615234375,143564100
2025-09-25T00:00:00.000,174.4608472798892,180.2402117285651,173.11100459099512,177.67050170898438,191586700
2025-09-26T00:00:00.000,178.15043859744398,179.750269051669,174.91078879333958,178.17044067382812,148573700
2025-09-29T00:00:00.000,180.41019002973698,183.97980553666213,180.30021674934378,181.83004760742188,193063500
2025-09-30T00:00:00.000,182.06000352373024,187.32942897828707,181.4600633204032,186.55950927734375,236981000
2025-10-01T00:00:00.000,185.21967144700423,188.11934700723293,183.87980694521147,187.21945190429688,173844900
2025-10-02T00:00:00.000,189.57919146332628,191.0290292282152,188.03935198339767,188.8692626953125,136805800
2025-10-03T00:00:00.000,189.16924608680657,190.33911589327732,185.35966652947783,187.5994110107422,137596900
2025-10-06T00:00:00.000,185.4796339074747,187.20943969833962,183.3098739831843,185.51962280273438,157678100
2025-10-07T00:00:00.000,186.20955566811082,189.03924688644503,183.97980469837793,185.01968383789062,140088000
2025-10-08T00:00:00.000,186.5495190429729,189.57918508139647,186.51950830089396,189.0892333984375,130168900
2025-10-09T00:00:00.000,192.20888438710807,195.27855455286462,191.039014711271,192.54885864257812,182997200
2025-10-10T00:00:00.000,193.4887469873255,195.59851591827854,182.03001384654092,183.139892578125,268774400
2025-10-13T00:00:00.000,187.9493639887039,190.08912842775598,185.93959015922437,188.29933166503906,153482800
2025-10-14T00:00:00.000,184.74970821605342,184.77970370013514,179.6802578066599,180.01022338867188,205641400
2025-10-15T00:00:00.000,184.77971248532194,184.84969686580231,177.2705272995106,179.8102569580078,214450500
2025-10-16T00:00:00.000,182.20999112544493,183.2598789113643,179.75026972003684,181.7900390625,179723300
2025-10-17T00:00:00.000,180.1602152773484,184.07979842608083,179.7302697995737,183.19989013671875,173135200
2025-10-20T00:00:00.000,183.10990104163824,185.1796658652692,181.7100455780644,182.6199493408203,128544700
2025-10-21T00:00:00.000,182.76991679751694,182.76991679751694,179.7802549646251,181.14010620117188,124240200
2025-10-22T00:00:00.000,181.12011433169937,183.4198648953589,176.74059027394597,180.2602081298828,162249600
2025-10-23T00:00:00.000,180.4001849787377,183.0098989665471,179.7702492811968,182.13999938964844,111363700
2025-10-24T00:00:00.000,183.81980015643103,187.44940625639555,183.47984116964938,186.23953247070312,131296700
2025-10-27T00:00:00.000,189.9691435897376,191.97891738858848,188.4093020699799,191.46897888183594,153452700
2025-10-28T00:00:00.000,193.0288146936141,203.12769700573313,191.8889404255143,201.0079345703125,297986200
2025-10-29T00:00:00.000,207.95717223581016,212.1667169482571,204.7575264516481,207.01727294921875,308829600
2025-10-30T00:00:00.000,205.12746791137428,206.13736677538768,201.38788833732997,202.8677215576172,178864400
2025-10-31T00:00:00.000,206.42733011185774,207.94716749796044,202.04782138155986,202.4677734375,179802200
2025-11-03T00:00:00.000,208.05714970598171,211.31678618801203,205.53742218982754,206.85728454589844,180267300
2025-11-04T00:00:00.000,202.9777066091775,203.9476013046771,197.90825607143535,198.66818237304688,188919300
2025-11-05T00:00:00.000,198.7481902403631,202.89772869539195,194.6286320152979,195.18858337402344,171350300
2025-11-06T00:00:00.000,196.39843756369172,197.59830279082226,186.35954634625867,188.05935668945312,223029800
2025-11-07T00:00:00.000,184.87970536775757,188.29934352754728,178.8903723972709,188.1293487548828,264942300
2025-11-10T00:00:00.000,195.08858253564551,199.91805415635875,193.76872011438098,199.0281524658203,198897100
2025-11-11T00:00:00.000,195.13857433756354,195.3985402959953,191.2789975702345,193.1387939453125,176483300
2025-11-12T00:00:00.000,195.69851973704638,195.86849924763862,191.1090271797132,193.7787322998047,154935300
2025-11-13T00:00:00.000,191.02901978717685,191.4189763426968,183.82981362374773,186.8394775390625,207423100
2025-11-14T00:00:00.000,182.8399142970662,190.98901295495202,180.56016596493993,190.14910888671875,186591900
2025-11-17T00:00:00.000,185.9495778546046,188.9792438771453,184.29976516169708,186.5795135498047,173628900
2025-11-18T00:00:00.000,183.3598703733926,184.7797126313021,179.6302689297591,181.340087890625,213598900
2025-11-19T00:00:00.000,184.76970592228736,187.8393762025218,182.8099296469334,186.49952697753906,247246400
2025-11-20T00:00:00.000,195.92847930218133,195.97847686300787,179.83025642841662,180.6201629638672,343504800
2025-11-21T00:00:00.000,181.22010834266524,184.5397359279593,172.91100782704066,178.86036682128906,346926200
2025-11-24T00:00:00.000,179.47030653663683,183.4798609481747,176.4606271183833,182.52996826171875,256618300
2025-11-25T00:00:00.000,174.89079203873564,178.14043506786686,169.53138015579162,177.80047607421875,320600300
2025-11-26T00:00:00.000,181.6100638206842,182.8899220695924,178.22043661727494,180.24020385742188,183852000
2025-11-28T00:00:00.000,178.99033405428943,179.2703020816569,176.48061521713345,176.98056030273438,121332800
2025-12-01T00:00:00.000,174.7408159055669,180.2802164760195,173.66093259662904,179.90025329589844,188131000
2025-12-02T00:00:00.000,181.7400335835938,185.63961443898967,179.98023235974816,181.44007873535156,182632200
2025-12-03T00:00:00.000,181.06012391136443,182.4299686383783,179.09033894604931,179.57028198242188,165138000
2025-12-04T00:00:00.000,181.61017209543593,184.51002440204854,179.95027347354184,183.37008666992188,167364900
2025-12-05T00:00:00.000,183.88004685245298,184.6500094505641,180.9002124089338,182.40013122558594,143971100
2025-12-08T00:00:00.000,182.6301165694494,187.98982714518382,182.39012406320575,185.5399627685547,204378100
2025-12-09T00:00:00.000,185.54995586495326,185.70995086836587,183.31008684903045,184.95999145507812,144719700
2025-12-10T00:00:00.000,184.9599880707457,185.46995496958337,182.03013874897007,183.77005004882812,162785400
2025-12-11T00:00:00.000,180.27023782951787,181.31019006496976,176.61043233199788,180.92019653320312,182136600
2025-12-12T00:00:00.000,181.10019518559332,182.81010931847595,174.61054106596097,175.01052856445312,204274900
2025-12-15T00:00:00.000,177.93037643785232,178.4103461991077,175.02053019793698,176.28045654296875,164775600
2025-12-16T00:00:00.000,176.25046044282257,178.48035080582065,174.8905333961456,177.71038818359375,148588100
2025-12-17T00:00:00.000,176.0904801521757,176.12047730871902,170.30078481189744,170.93075561523438,222775500
2025-12-18T00:00:00.000,174.52054772862792,176.14045512074784,171.8107030234881,174.1305694580078,176096000
2025-12-19T00:00:00.000,176.6604358481607,181.4401759084778,176.3304518785618,180.98020935058594,324925900
2025-12-22T00:00:00.000,183.91003698180788,184.15002947616998,182.34012994783166,183.6800537109375,129064400
2025-12-23T00:00:00.000,182.96010023623109,189.31975669034466,182.89009670029142,189.19976806640625,174873600
2025-12-24T00:00:00.000,187.92983057380172,188.899779295176,186.57989753660073,188.59979248046875,65528500
2025-12-26T00:00:00.000,189.9097162518428,192.67957056140054,187.98982202804387,190.51968383789062,139740300
2025-12-29T00:00:00.000,187.6998414610299,188.749772392931,185.8999358866866,188.20980834960938,120006100
2025-12-30T00:00:00.000,188.22982052336855,188.9797799436452,186.91987858592935,187.52984619140625,97687300
2025-12-31T00:00:00.000,189.55975523635485,190.54969193131708,186.47991997410415,186.4899139404297,120100500
2026-01-02T00:00:00.000,189.82971935613102,192.91954841717475,188.24980305842183,188.83978271484375,148240500
2026-01-05T00:00:00.000,191.74961996436147,193.61952916959007,186.13992286460274,188.1098175048828,183529700
2026-01-06T00:00:00.000,190.50969495089785,192.15959956375178,186.80989821500853,187.22987365722656,176862600
2026-01-07T00:00:00.000,188.55979791265688,191.35963411085106,186.54989697142676,189.09976196289062,153543200
2026-01-08T00:00:00.000,189.09977067708235,189.53974931649188,183.70006889406122,185.0299835205078,172457000
2026-01-09T00:00:00.000,185.06998015284367,186.32990643372668,183.66005283935564,184.84999084472656,131327500
2026-01-12T00:00:00.000,183.2100845491025,187.10986736077922,183.010098425574,184.92999267578125,137968500
2026-01-13T00:00:00.000,184.9899882929175,188.0998205983224,183.3900687774691,185.79994201660156,160128900
2026-01-14T00:00:00.000,184.3100252062831,184.45001701406107,180.79021156477043,183.1300811767578,159586100
2026-01-15T00:00:00.000,186.48991316970114,189.6897370464893,186.31992419508657,187.03988647460938,206188600
2026-01-16T00:00:00.000,189.06976141755646,190.4296883714215,186.06992389502736,186.21990966796875,187967200
2026-01-20T00:00:00.000,181.89014292514364,182.37012791600927,177.60038196777572,178.06036376953125,223345300
2026-01-21T00:00:00.000,179.04031586008543,185.3699752173061,178.3903418724365,183.31008911132812,200381000
2026-01-22T00:00:00.000,184.7399951080077,186.15991637882954,183.92003219020145,184.82998657226562,139636600
2026-01-23T00:00:00.000,187.48984685190618,189.58973923983262,186.80989099781206,187.6598358154297,142748100
2026-01-26T00:00:00.000,187.1498802806874,189.1097657209082,185.97994539629804,186.4599151611328,124799600
2026-01-27T00:00:00.000,187.22986667366473,189.9897117301412,185.6899415183402,188.50979614257812,143711600
2026-01-28T00:00:00.000,191.25965707901594,192.33960048487265,189.82972650403363,191.5096435546875,148552700
2026-01-29T00:00:00.000,191.32963792417547,193.46952146246272,186.04992498376654,192.49957275390625,171764400
2026-01-30T00:00:00.000,191.19965692455457,194.47947816452233,189.45974561417185,191.11965942382812,179489500
2026-02-02T00:00:00.000,187.1898706566695,190.2897090701948,184.87000408758857,185.59996032714844,165794100
2026-02-03T00:00:00.000,186.22992037566058,186.25991753048794,176.22045266395375,180.33023071289062,204019600
2026-02-04T00:00:00.000,179.45029148582987,179.57028010697434,171.90069716024271,174.18057250976562,207014100
2026-02-05T00:00:00.000,174.92051964769362,176.81043194569037,171.020736948564,171.87069702148438,206312900
2026-02-06T00:00:00.000,176.6804343618602,186.98987361565233,174.59055120100808,185.39996337890625,231346200
2026-02-09T00:00:00.000,184.25002288009932,193.64952333361757,183.9400420976916,190.0297088623047,196387400
2026-02-10T00:00:00.000,191.36964298604585,192.46957427391544,188.10980972728564,188.52978515625,136764800
2026-02-11T00:00:00.000,192.43958265041238,193.24953637655122,188.75978911487715,190.0397186279297,144192700
2026-02-12T00:00:00.000,193.01955263160718,193.5995230748733,186.49990120030046,186.9298858642578,189932500
2026-02-13T00:00:00.000,187.4698554447334,187.4898586352177,181.58017462912434,182.80010986328125,161888000
2026-02-17T00:00:00.000,181.74016448672575,187.13986615921206,179.17029624003743,184.95999145507812,162276900
2026-02-18T00:00:00.000,188.73978069812654,190.3596881055438,186.7498829478333,187.96981811523438,164749100
2026-02-19T00:00:00.000,187.04988063530703,188.41980165789556,185.64996245587088,187.88983154296875,126554500
2026-02-20T00:00:00.000,186.5599139825128,190.31970507557438,185.92994318264132,189.8097381591797,178422300
2026-02-23T00:00:00.000,191.3896412925324,193.93950641757905,189.56974766836524,191.53964233398438,171584800
2026-02-24T00:00:00.000,191.47964208446245,193.75951747058733,187.38985183856119,192.83956909179688,175123600
2026-02-25T00:00:00.000,194.43946745531196,197.61930319203404,193.77949953248776,195.54940795898438,250637100
2026-02-26T00:00:00.000,194.25948668244985,194.27947461393586,184.31002841741252,184.87998962402344,360807900
2026-02-27T00:00:00.000,181.2401979138715,182.5801217841234,176.3704661683341,177.180419921875,311636500
2026-03-02T00:00:00.000,175.00052620838028,183.45008125730604,174.63055110847353,182.47012329101562,209095300
2026-03-03T00:00:00.000,178.4803396065267,180.8901975001603,176.91041730394699,180.04025268554688,178099400
2026-03-04T00:00:00.000,180.4302401537762,184.69000418349444,180.0502558302461,183.03009033203125,177731200
2026-03-05T00:00:00.000,181.1601973472636,184.05004039552568,177.87038204113773,183.330078125,198779700
2026-03-06T00:00:00.000,179.83025866705609,182.7500987288974,176.81043317462274,177.8103790283203,189021900
2026-03-09T00:00:00.000,176.82042919903367,182.90010189125664,175.55049367782217,182.64010620117188,177213600
2026-03-10T00:00:00.000,182.39012758732315,186.42991760168223,182.00014929336922,184.760009765625,179118500
2026-03-11T00:00:00.000,185.91000366210938,187.6199951171875,184.4499969482422,186.02999877929688,145280400
2026-03-12T00:00:00.000,184.0500030517578,184.94000244140625,181.75,183.13999938964844,155762700
2026-03-13T00:00:00.000,184.9199981689453,186.08999633789062,179.94000244140625,180.25,160988400
2026-03-16T00:00:00.000,182.97000122070312,188.8800048828125,181.41000366210938,183.22000122070312,217307400
2026-03-17T00:00:00.000,185.05999755859375,185.39999389648438,181.67999267578125,181.92999267578125,182497800
2026-03-18T00:00:00.000,182.47999572753906,183.3800048828125,180.3300018310547,180.39999389648438,156683100
2026-03-19T00:00:00.000,178.00999450683594,179.97999572753906,175.7899932861328,178.55999755859375,170968500
2026-03-20T00:00:00.000,178,178.25999450683594,171.72000122070312,172.6999969482422,241323500
2026-03-23T00:00:00.000,177.25999450683594,178.3699951171875,174.75999450683594,175.63999938964844,182836300
2026-03-24T00:00:00.000,174.8300018310547,176.22000122070312,173.97999572753906,175.1999969482422,147667800
2026-03-25T00:00:00.000,177.10000610351562,181.22000122070312,176.85000610351562,178.67999267578125,162602100
2026-03-26T00:00:00.000,176.07000732421875,176.50999450683594,171.13999938964844,171.24000549316406,186152200
2026-03-27T00:00:00.000,170,170.97000122070312,167.00999450683594,167.52000427246094,196212700
2026-03-30T00:00:00.000,168.77999877929688,169.4499969482422,164.27000427246094,165.1699981689453,185627000
2026-03-31T00:00:00.000,166.97000122070312,174.6199951171875,166.9600067138672,174.39999389648438,226181300
2026-04-01T00:00:00.000,176,177.3699951171875,174.75,175.75,168132000
2026-04-02T00:00:00.000,172.17999267578125,177.49000549316406,171.3699951171875,177.38999938964844,143143200
2026-04-06T00:00:00.000,177.16000366210938,177.7899932861328,175.75999450683594,177.63999938964844,107564300
2026-04-07T00:00:00.000,175.72999572753906,178.22999572753906,173.66000366210938,178.10000610351562,132534900
2026-04-08T00:00:00.000,184.5,185.25999450683594,180.3000030517578,182.0800018310547,147732700
2026-04-09T00:00:00.000,181.83999633789062,184.0800018310547,180.6199951171875,183.91000366210938,116428500
2026-04-10T00:00:00.000,184.30999755859375,190,184.3000030517578,188.6300048828125,160459500
2026-04-13T00:00:00.000,186.02999877929688,189.66000366210938,185.74000549316406,189.30999755859375,133648200
2026-04-14T00:00:00.000,190.83999633789062,196.50999450683594,190.77000427246094,196.50999450683594,161307000
2026-04-15T00:00:00.000,196.5399932861328,200.39999389648438,195.74000549316406,198.8699951171875,185338400
2026-04-16T00:00:00.000,197.42999267578125,199.85000610351562,195.80999755859375,198.35000610351562,134012900
2026-04-17T00:00:00.000,199.89999389648438,201.6999969482422,199.27000427246094,201.67999267578125,160324400
2026-04-20T00:00:00.000,199.97999572753906,202.1699981689453,197.83999633789062,202.05999755859375,119381400
2026-04-21T00:00:00.000,202.1300048828125,202.75,199,199.8800048828125,107945300
2026-04-22T00:00:00.000,200.99000549316406,202.5,199,202.5,107501000
2026-04-23T00:00:00.000,202.4600067138672,203.8300018310547,197.22000122070312,199.63999938964844,113561800
2026-04-24T00:00:00.000,199.9600067138672,210.9499969482422,199.80999755859375,208.27000427246094,214134400
2026-04-27T00:00:00.000,209.64999389648438,216.8300018310547,207.3800048828125,216.61000061035156,187172400
2026-04-28T00:00:00.000,209.49000549316406,214.72999572753906,208.1999969482422,213.1699981689453,180275400
2026-04-29T00:00:00.000,212.6999969482422,212.72000122070312,207.5800018310547,209.25,123711800
2026-04-30T00:00:00.000,209.92999267578125,210.3000030517578,198.6999969482422,199.57000732421875,225239200
2026-05-01T00:00:00.000,201.27999877929688,203,197.1199951171875,198.4499969482422,128257500
